,Modified_gemini-3-flash-preview_of_CV_Modelgemini-3-flash-preview Google Score
6018,89.159
6021,84.903
6026,85.706
9479,85.012
16980,77.311
17014,79.016
18230,85.541
18348,88.373
26715,85.216
26747,85.975
29788,85.985
29835,84.964
30606,84.217
30845,87.408
32072,85.83
46443,88.461
46506,81.483
50300,84.672
51419,88.518
53971,86.011
53972,86.016
53973,86.59
53974,84.68
53975,87.206
53976,79.198
53977,84.252
53978,84.745
53979,87.296
53981,86.154
54796,84.7
54797,88.202
54798,85.274
54799,84.267
54800,80.888
56453,84.553
56528,80.936
56542,82.513
56543,83.884
56544,85.68
56545,80.692
56618,86.351
56619,82.316
56629,88.1
56630,86.112
56631,84.58
56632,87.399
56633,83.805
56634,83.23
56635,85.122
56637,84.565
56638,88.856
56639,84.713
56641,83.323
56642,82.488
56643,83.713
56644,80.226
56645,85.661
56646,80.45
56647,85.49
56648,78.639
56649,84.105
56650,82.423
56651,85.029
56652,84.317
56653,80.617
56654,84.12
56656,84.649
56657,87.612
56661,85.221
56662,85.471
56725,82.75
56795,82.094
56796,86.128
56797,86.21
56798,80.533
56799,83.296
56800,81.376
56801,85.029
56802,79.963
56803,86.341
56804,89.235
56805,82.124
56807,88.547
56809,85.401
56859,82.725
56860,86.366
56861,84.429
56862,88.472
57384,87.63
57400,89.773
62042,84.24
63086,81.238
63087,83.069
83710,86.431
83711,75.839
86666,87.12
87779,77.733
97622,88.527
98134,85.475
98135,88.512
98136,85.111
98137,84.913
98138,85.964
98171,85.983
98172,83.982
98173,86.25
98245,87.322
98250,81.543
98251,82.227
98252,73.864
98253,82.106
98254,86.889
98255,87.445
98256,83.837
98257,87.4
98258,83.977
98259,82.137
98260,82.825
98261,84.154
98262,87.224
98263,86.03
98264,84.374
98265,88.192
98266,82.859
98267,79.275
98268,81.018
98269,86.439
98270,84.695
98271,84.103
98272,89.417
98273,85.683
98274,88.328
98275,85.917
98276,86.156
98277,89.591
98278,87.806
98279,86.344
98280,86.01
98281,87.839
98282,87.77
98283,87.041
98284,85.642
98285,84.673
98286,85.918
98287,86.996
98288,80.213
98289,82.207
98290,83.019
98291,87.375
98292,87.179
98293,85.704
98294,84.671
98295,86.984
98296,86.215
98297,84.843
98298,88.542
98299,87.838
98300,87.178
98301,85.818
98302,85.946
98303,86.659
98304,86.781
98305,87.737
98306,85.902
98307,87.285
98308,85.921
98309,83.813
98310,84.011
98311,86.109
98312,87.236
98313,88.497
98314,89.002
98315,86.164
98316,88.473
98317,84.054
98318,87.932
98319,86.541
98320,88.536
98321,86.478
98322,88.556
98323,88.365
98324,86.657
98325,88.359
98326,82.573
98327,85.418
98328,86.953
98329,85.975
98330,85.655
98331,81.064
98332,83.406
98333,85.981
98334,80.621
98335,82.324
98336,81.967
98337,84.864
98338,83.888
98339,87.231
98340,87.611
98341,88.513
98342,88.061
98343,84.309
98344,88.402
98345,83.55
98346,85.801
98347,83.539
98348,81.711
98349,88.553
98350,89.324
98351,84.923
98352,84.573
98353,83.097
98354,78.238
98355,83.226
98356,84.409
98357,80.247
98358,84.935
98359,81.295
98360,77.224
98361,88.758
98362,88.369
98363,85.076
98364,82.447
98365,86.322
98366,81.263
98367,83.727
98368,83.165
98369,90.617
98370,88.851
98371,87.192
98372,89.062
98373,85.575
98374,86.295
98375,85.941
98376,84.8
98377,86.994
98378,87.485
98379,88.885
98380,87.382
98381,86.944
98382,88.867
98383,87.774
98384,87.026
98385,87.901
98386,85.647
98387,86.987
98388,87.388
98389,86.511
98390,88.508
98391,86.232
98392,86.559
98393,87.64
98394,86.236
98395,90.478
98396,87.045
98397,84.615
98398,83.511
98399,83.381
98400,79.783
98401,83.331
98402,85.499
1747,82.116
1784,81.888
2476,81.365
2515,78.592
2517,78.322
2529,77.917
2538,80.36
2551,81.179
2553,78.765
2554,83.947
2555,79.609
2556,81.306
2577,81.687
2582,80.895
2583,80.153
2584,79.902
2585,80.7
2586,79.672
2587,80.034
2588,76.331
2589,80.859
2590,79.829
2591,80.147
2592,81.277
2594,80.32
2595,80.036
2597,82.87
2645,80.711
2654,79.287
2655,81.159
2656,80.567
2657,83.034
2658,76.607
2659,78.751
2660,82.423
2741,77.178
2766,80.963
2793,82.29
2810,76.807
2824,80.169
3002,79.11
3021,80.406
3093,80.339
3105,78.811
3113,78.754
3118,83.083
3120,78.67
3122,80.522
3123,81.621
3133,78.82
3134,80.341
3135,81.203
3136,82.791
3137,80.615
3138,78.28
3139,78.782
3140,79.598
3141,81.671
3142,80.047
3143,78.703
3144,78.361
3145,78.763
3146,79.045
3147,80.583
3148,80.558
3149,80.605
3150,79.838
3153,79.25
3155,76.483
3156,79.489
3157,80.846
3158,79.511
3159,78.225
3160,80.876
3161,80.117
3162,80.548
3186,78.997
3225,77.41
3315,80.506
3321,80.022
3332,79.785
5877,79.905
5981,82.442
6043,79.626
6078,81.761
6081,82.598
6082,82.83
6090,79.175
6127,82.818
6211,80.144
6213,79.101
6214,81.241
6231,77.772
6232,83.469
6233,78.731
6239,81.241
6240,78.594
6254,81.177
6255,79.549
6342,75.076
7630,83.247
7654,78.743
8890,81.613
8916,78.098
9028,80.665
9066,76.057
9445,79.826
9542,80.689
9546,79.276
9547,80.895
9583,77.122
9587,76.906
12037,83.272
12116,79.202
12122,80.506
12124,79.799
12141,79.632
12143,81.346
12149,81.861
12161,80.151
12252,82.289
12408,78.602
12409,78.765
12410,81.839
12418,81.037
12422,78.982
12435,77.306
12436,78.751
12437,79.797
12447,81.341
12448,80.691
12449,80.39
12450,79.868
12451,77.58
12452,78.547
12453,79.086
12454,80.362
12455,79.504
12456,80.108
12457,82.851
12458,82.577
12459,76.893
12460,81.009
12461,81.993
12462,80.961
12463,82.189
12464,81.066
12465,78.897
12466,81.446
12467,82.701
12468,78.84
12469,76.836
12470,84.948
12471,81.383
12472,81.531
12473,79.861
12474,79.726
12475,78.498
12476,82.133
12477,84.711
12478,83.632
12479,77.543
12480,79.202
12481,81.265
12482,83.298
12483,81.666
12484,78.644
12485,81.65
12486,78.396
12487,79.8
12488,81.104
12489,76.819
12490,81.136
12491,80.81
12492,80.079
12493,80.42
12494,80.136
12495,82.166
12496,80.662
12497,82.843
12498,82.848
12499,77.35
12500,78.754
12501,75.713
12502,78.677
12503,78.681
12504,79.232
12505,79.45
12506,80.095
12507,81.513
12508,77.817
12509,82.171
12510,77.602
12511,81.35
12512,79.294
12513,78.29
12514,80.874
12515,81.971
12516,80.554
12518,80.271
12519,78.347
12520,80.92
12521,79.133
12523,82.478
12525,86.713
12526,81.555
12527,82.535
12528,80.986
12529,80.407
12530,76.556
12531,80.156
12532,80.276
12533,78.164
12565,83.167
12656,80.212
12674,82.429
12687,82.573
12736,80.393
13078,76.509
13080,82.967
13146,81.621
13147,81.082
13148,78.728
13149,80.049
13150,83.165
13196,79.287
13382,80.562
13461,78.986
13475,80.795
13477,79.392
13537,81.756
13893,78.612
13897,77.525
14744,78.02
14862,80.524
14882,82.938
14890,83.464
14906,78.957
14907,80.081
14914,77.638
14916,79.261
14930,83.818
14932,78.705
14939,79.032
14947,80.686
15180,78.96
15240,78.995
15339,81.562
15419,77.707
15425,79.016
15426,81.389
15474,81.016
15519,69.789
15524,69.789
15589,78.805
15679,78.704
15743,78.058
16036,80.418
16039,78.519
16064,82.748
