,Modified_gemini-2.0-flash-lite_of_CV_Modelgemini-2.0-flash-lite DoorDash Score
6018,78.6
6021,80.567
6026,80.067
9479,80.029
16980,78.646
17014,75.716
18230,77.326
18348,79.613
26715,82.246
26747,83.159
29788,78.629
29835,80.791
30606,79.538
30845,81.406
32072,78.168
46443,82.832
46506,77.68
50300,81.386
51419,79.16
53971,77.325
53972,78.779
53973,76.633
53974,77.153
53975,79.107
53976,76.072
53977,80.746
53978,75.91
53979,77.325
53981,78.382
54796,77.347
54797,78.392
54798,79.525
54799,77.535
54800,72.824
56453,80.506
56528,78.725
56542,76.591
56543,78.362
56544,76.739
56545,80.533
56618,79.444
56619,74.907
56629,79.686
56630,76.548
56631,82.496
56632,78.743
56633,81.266
56634,76.813
56635,77.827
56637,75.813
56638,80.794
56639,76.192
56641,75.218
56642,78.311
56643,82.557
56644,76.781
56645,77.701
56646,77.622
56647,78.493
56648,76.055
56649,75.552
56650,79.827
56651,74.166
56652,79.511
56653,78.178
56654,80.338
56656,76.316
56657,75.877
56661,79.693
56662,81.42
56725,75.335
56795,72.569
56796,73.905
56797,77.5
56798,77.677
56799,73.445
56800,77.795
56801,76.989
56802,77.244
56803,80.915
56804,79.006
56805,78.956
56807,81.804
56809,81.381
56859,75.117
56860,79.463
56861,78.441
56862,79.18
57384,82.688
57400,84.54
62042,82.377
63086,75.634
63087,81.817
83710,80.336
83711,79.019
86666,78.466
87779,82.869
97622,78.968
98134,79.045
98135,79.214
98136,78.544
98137,76.087
98138,76.884
98171,78.953
98172,74.724
98173,79.788
98245,79.129
98250,82.967
98251,78.108
98252,76.917
98253,82.15
98254,77.663
98255,80.337
98256,79.482
98257,82.804
98258,81.194
98259,81.308
98260,79.627
98261,78.954
98262,81.29
98263,80.897
98264,82.652
98265,81.645
98266,83.828
98267,78.731
98268,81.702
98269,78.596
98270,79.336
98271,78.584
98272,81.255
98273,78.919
98274,78.977
98275,78.194
98276,78.011
98277,78.109
98278,78.422
98279,82.225
98280,79.452
98281,81.027
98282,81.579
98283,80.473
98284,77.12
98285,77.286
98286,79.415
98287,79.589
98288,80.051
98289,78.379
98290,76.976
98291,79.5
98292,80.171
98293,78.239
98294,79.697
98295,78.177
98296,75.986
98297,80.175
98298,81.24
98299,78.303
98300,78.898
98301,74.825
98302,80.693
98303,79.245
98304,78.111
98305,81.368
98306,80.424
98307,77.863
98308,78.073
98309,79.542
98310,81.743
98311,79.731
98312,78.722
98313,80.475
98314,84.149
98315,78.517
98316,80.351
98317,76.675
98318,80.241
98319,79.494
98320,79.26
98321,81.07
98322,77.57
98323,79.424
98324,78.983
98325,80.344
98326,78.911
98327,78.574
98328,78.833
98329,80.194
98330,80.398
98331,78.588
98332,77.041
98333,76.002
98334,77.769
98335,80.288
98336,78.697
98337,79.113
98338,81.13
98339,78.482
98340,78.667
98341,79.123
98342,82.375
98343,76.618
98344,81.143
98345,80.701
98346,76.518
98347,79.893
98348,79.354
98349,81.018
98350,80.817
98351,77.142
98352,74.643
98353,78.695
98354,76.347
98355,79.597
98356,76.542
98357,84.494
98358,80.513
98359,74.498
98360,76.869
98361,81.284
98362,78.714
98363,77.861
98364,76.753
98365,76.838
98366,78.258
98367,81.343
98368,78.328
98369,77.161
98370,80.365
98371,78.108
98372,80.574
98373,81.85
98374,79.027
98375,79.868
98376,81.377
98377,79.904
98378,80.615
98379,83.527
98380,81.165
98381,77.544
98382,79.552
98383,80.028
98384,81.442
98385,78.611
98386,76.82
98387,78.829
98388,82.322
98389,79.497
98390,80.759
98391,80.093
98392,77.009
98393,78.26
98394,75.704
98395,79.674
98396,79.611
98397,77.772
98398,78.953
98399,77.469
98400,77.511
98401,77.161
98402,83.666
1747,79.153
1784,80.666
2476,82.767
2515,82.782
2517,81.769
2529,81.366
2538,83.511
2551,83.283
2553,83.011
2554,83.04
2555,82.056
2556,81.751
2577,83.415
2582,82.357
2583,80.677
2584,83.696
2585,82.623
2586,82.689
2587,82.388
2588,81.67
2589,84.178
2590,81.561
2591,80.847
2592,85.558
2594,83.916
2595,82.769
2597,87.051
2645,81.214
2654,82.563
2655,83.206
2656,82.722
2657,80.133
2658,83.652
2659,81.942
2660,83.816
2741,81.121
2766,80.377
2793,84.959
2810,79.367
2824,82.044
3002,83.585
3021,83.366
3093,82.154
3105,83.7
3113,79.787
3118,83.148
3120,82.543
3122,82.528
3123,81.13
3133,82.365
3134,82.846
3135,84.289
3136,82.648
3137,83.848
3138,82.84
3139,82.78
3140,82.127
3141,83.444
3142,82.319
3143,82.677
3144,81.977
3145,79.438
3146,80.538
3147,81.757
3148,80.27
3149,82.389
3150,82.577
3153,80.002
3155,80.024
3156,80.33
3157,79.902
3158,80.945
3159,81.855
3160,79.011
3161,84.072
3162,82.766
3186,82.894
3225,83.854
3315,81.588
3321,82.055
3332,78.647
5877,80.19
5981,84.173
6043,84.274
6078,81.508
6081,83.567
6082,83.427
6090,82.705
6127,83.982
6211,81.573
6213,82.591
6214,82.182
6231,82.097
6232,81.594
6233,82.986
6239,79.446
6240,80.547
6254,81.64
6255,81.696
6342,80.76
7630,81.101
7654,81.858
8890,81.856
8916,77.113
9028,79.529
9066,80.642
9445,82.032
9542,82.115
9546,83.533
9547,82.987
9583,82.617
9587,80.689
12037,82.161
12116,78.759
12122,83.27
12124,82.735
12141,82.738
12143,80.78
12149,82.602
12161,78.81
12252,81.255
12408,80.619
12409,81.48
12410,82.473
12418,82.073
12422,82.292
12435,82.022
12436,80.089
12437,80.068
12447,82.847
12448,83.487
12449,83.255
12450,81.54
12451,82.357
12452,83.622
12453,80.954
12454,81.986
12455,84.054
12456,83.524
12457,82.468
12458,80.338
12459,80.832
12460,83.341
12461,81.614
12462,81.433
12463,79.282
12464,84.699
12465,82.431
12466,81.532
12467,83.516
12468,81.346
12469,76.941
12470,82.962
12471,84.31
12472,82.302
12473,82.785
12474,80.407
12475,82.266
12476,81.711
12477,84.947
12478,82.542
12479,81.749
12480,82.2
12481,79.47
12482,82.698
12483,81.504
12484,80.488
12485,82.982
12486,83.192
12487,83.733
12488,80.889
12489,79.26
12490,81.743
12491,83.097
12492,79.683
12493,79.398
12494,81.139
12495,83.953
12496,82.52
12497,86.777
12498,83.788
12499,82.661
12500,81.675
12501,78.465
12502,82.638
12503,78.484
12504,81.635
12505,76.55
12506,82.772
12507,79.903
12508,81.171
12509,80.97
12510,82.072
12511,82.169
12512,80.333
12513,79.457
12514,84.876
12515,82.619
12516,84.517
12518,83.587
12519,81.899
12520,84.538
12521,82.455
12523,81.559
12525,85.596
12526,84.348
12527,82.805
12528,79.731
12529,85.357
12530,79.979
12531,80.379
12532,82.564
12533,81.777
12565,84.985
12656,83.168
12674,82.118
12687,79.057
12736,82.154
13078,80.478
13080,84.398
13146,80.896
13147,82.444
13148,81.95
13149,81.406
13150,83.25
13196,84.866
13382,81.83
13461,80.378
13475,83.609
13477,82.159
13537,83.538
13893,82.989
13897,79.161
14744,83.376
14862,82.733
14882,83.191
14890,82.14
14906,80.663
14907,82.122
14914,82.36
14916,81.171
14930,83.189
14932,79.595
14939,79.944
14947,83.187
15180,80.458
15240,81.272
15339,81.54
15419,81.784
15425,84.527
15426,80.99
15474,84.308
15519,81.875
15524,82.586
15589,80.998
15679,77.456
15743,78.424
16036,85.004
16039,80.132
16064,84.629
