,Modified_gemini-3-pro-preview_of_CV_Modelgemini-3-pro-preview Google Score
6018,87.874
6021,84.23
6026,86.963
9479,85.225
16980,78.176
17014,79.785
18230,86.161
18348,87.8
26715,85.586
26747,89.16
29788,85.467
29835,85.245
30606,87.926
30845,87.771
32072,86.644
46443,88.06
46506,83.495
50300,84.357
51419,86.568
53971,85.194
53972,83.311
53973,86.159
53974,84.725
53975,86.607
53976,83.293
53977,84.607
53978,86.101
53979,88.213
53981,85.688
54796,85.233
54797,88.04
54798,85.056
54799,85.378
54800,79.84
56453,84.633
56528,80.622
56542,85.356
56543,85.289
56544,85.234
56545,82.834
56618,86.484
56619,82.82
56629,87.974
56630,85.281
56631,84.586
56632,87.979
56633,84.996
56634,82.752
56635,85.232
56637,85.538
56638,88.444
56639,85.75
56641,83.872
56642,82.786
56643,84.636
56644,81.033
56645,86.648
56646,80.36
56647,87.305
56648,78.824
56649,83.777
56650,84.054
56651,85.953
56652,84.37
56653,80.449
56654,85.593
56656,84.785
56657,88.364
56661,84.033
56662,87.354
56725,84.983
56795,81.213
56796,86.419
56797,85.367
56798,80.105
56799,82.24
56800,81.734
56801,85.575
56802,80.475
56803,89.268
56804,88.203
56805,81.844
56807,90.102
56809,85.011
56859,82.384
56860,88.307
56861,84.2
56862,88.808
57384,88.989
57400,88.668
62042,84.069
63086,82.218
63087,82.957
83710,86.873
83711,79.926
86666,88.279
87779,79.614
97622,89.088
98134,87.146
98135,89.096
98136,86.575
98137,86.391
98138,84.827
98171,84.853
98172,84.822
98173,85.629
98245,87.29
98250,81.615
98251,83.873
98252,74.988
98253,81.068
98254,86.532
98255,86.754
98256,83.116
98257,87.914
98258,84.477
98259,81.786
98260,83.187
98261,85.662
98262,88.992
98263,87.956
98264,84.528
98265,82.975
98266,85.61
98267,79.849
98268,80.483
98269,87.351
98270,83.343
98271,84.42
98272,89.521
98273,85.801
98274,88.096
98275,87.08
98276,86.239
98277,90.037
98278,88.111
98279,87.397
98280,84.32
98281,88.486
98282,87.321
98283,87.443
98284,86.623
98285,84.145
98286,84.252
98287,88.403
98288,79.057
98289,83.975
98290,82.968
98291,87.181
98292,88.968
98293,88.081
98294,86.713
98295,87.831
98296,87.198
98297,85.101
98298,88.27
98299,87.324
98300,88.343
98301,85.146
98302,85.704
98303,86.514
98304,87.566
98305,87.337
98306,87.79
98307,87.172
98308,84.922
98309,84.01
98310,84.737
98311,86.74
98312,87.683
98313,89.965
98314,88.368
98315,85.723
98316,87.671
98317,86.946
98318,86.421
98319,86.533
98320,88.738
98321,87.121
98322,88.25
98323,88.09
98324,87.972
98325,89.081
98326,86.66
98327,85.056
98328,88.337
98329,83.642
98330,85.561
98331,84.786
98332,82.795
98333,84.252
98334,82.672
98335,83.785
98336,81.007
98337,86.044
98338,79.263
98339,85.662
98340,88.516
98341,89.108
98342,87.068
98343,84.571
98344,87.509
98345,83.793
98346,84.747
98347,83.323
98348,80.106
98349,88.265
98350,88.483
98351,85.126
98352,82.906
98353,82.766
98354,77.077
98355,82.941
98356,83.679
98357,80.636
98358,85.075
98359,84.458
98360,79.394
98361,88.971
98362,88.56
98363,85.892
98364,83.251
98365,84.408
98366,81.52
98367,83.2
98368,83.785
98369,90.145
98370,89.43
98371,88.284
98372,86.744
98373,84.401
98374,86.907
98375,87.982
98376,84.815
98377,88.458
98378,86.297
98379,86.927
98380,87.091
98381,86.882
98382,89.252
98383,85.897
98384,83.573
98385,88.847
98386,84.152
98387,86.714
98388,88.61
98389,84.57
98390,88.21
98391,86.388
98392,87.343
98393,89.294
98394,88.644
98395,90.571
98396,85.935
98397,85.51
98398,84.63
98399,84.195
98400,80.979
98401,84.286
98402,87.258
1747,82.889
1784,80.546
2476,81.51
2515,79.821
2517,76.154
2529,78.832
2538,79.012
2551,83.259
2553,78.629
2554,84.715
2555,80.681
2556,80.643
2577,80.834
2582,80.274
2583,81.026
2584,80.498
2585,79.659
2586,79.136
2587,78.536
2588,77.533
2589,80.924
2590,80.141
2591,80.512
2592,80.484
2594,80.745
2595,79.723
2597,81.906
2645,80.024
2654,79.266
2655,80.182
2656,80.399
2657,83.695
2658,78.483
2659,81.495
2660,80.034
2741,78.232
2766,80.389
2793,80.685
2810,76.994
2824,81.116
3002,78.461
3021,79.833
3093,79.141
3105,79.449
3113,79.448
3118,83.056
3120,78.259
3122,83.214
3123,81.535
3133,80.778
3134,80.396
3135,80.556
3136,81.384
3137,81.112
3138,77.375
3139,79.599
3140,79.53
3141,82.294
3142,80.207
3143,78.837
3144,81.419
3145,77.933
3146,78.803
3147,79.994
3148,80.673
3149,80.31
3150,81.12
3153,79.659
3155,76.735
3156,81.037
3157,82.449
3158,80.116
3159,77.699
3160,80.475
3161,81.817
3162,79.728
3186,79.773
3225,79.928
3315,80.174
3321,77.538
3332,82.324
5877,80.166
5981,81.283
6043,78.732
6078,81.536
6081,82.407
6082,83.84
6090,80.059
6127,83.441
6211,81.064
6213,81.557
6214,81.523
6231,78.813
6232,81.699
6233,78.678
6239,82.022
6240,79.311
6254,81.751
6255,79.471
6342,75.442
7630,83.627
7654,79.609
8890,79.733
8916,77.207
9028,79.532
9066,77.894
9445,79.79
9542,80.592
9546,79.342
9547,78.748
9583,77.023
9587,79.784
12037,83.044
12116,79.18
12122,80.946
12124,78.701
12141,79.54
12143,79.162
12149,80.893
12161,81.326
12252,82.053
12408,76.967
12409,78.93
12410,81.408
12418,81.318
12422,78.782
12435,77.272
12436,78.524
12437,79.466
12447,81.756
12448,80.788
12449,79.155
12450,79.444
12451,76.542
12452,81.514
12453,83.305
12454,79.89
12455,80.365
12456,79.273
12457,82.18
12458,83.491
12459,76.815
12460,81.026
12461,82.067
12462,80.404
12463,80.606
12464,81.51
12465,78.378
12466,79.755
12467,81.547
12468,79.785
12469,78.862
12470,84.989
12471,80.964
12472,83.404
12473,80.42
12474,81.242
12475,80.289
12476,82.14
12477,83.945
12478,83.013
12479,79.878
12480,80.015
12481,82.887
12482,82.982
12483,80.533
12484,79.942
12485,80.116
12486,79.401
12487,81.918
12488,79.378
12489,76.597
12490,79.79
12491,79.776
12492,80.715
12493,79.472
12494,81.645
12495,81.932
12496,79.755
12497,84.156
12498,82.511
12499,77.15
12500,76.523
12501,75.845
12502,81.257
12503,77.868
12504,78.428
12505,80.918
12506,82.539
12507,83.71
12508,78.167
12509,80.778
12510,79.569
12511,81.275
12512,81.364
12513,78.152
12514,82.01
12515,81.462
12516,79.532
12518,79.902
12519,79.052
12520,81.696
12521,78.93
12523,83.11
12525,85.588
12526,82.608
12527,81.35
12528,80.474
12529,80.632
12530,76.486
12531,79.53
12532,78.647
12533,79.511
12565,83.473
12656,80.442
12674,82.453
12687,83.828
12736,82.63
13078,77.6
13080,82.935
13146,80.633
13147,79.256
13148,78.969
13149,79.882
13150,81.905
13196,79.314
13382,80.059
13461,78.378
13475,81.913
13477,79.587
13537,81.36
13893,79.185
13897,77.238
14744,78.056
14862,79.466
14882,82.548
14890,83.97
14906,79.758
14907,80.294
14914,77.151
14916,80.256
14930,83.544
14932,78.886
14939,78.683
14947,78.191
15180,77.994
15240,78.708
15339,81.415
15419,78.812
15425,78.443
15426,81.9
15474,82.445
15519,79.222
15524,82.083
15589,76.3
15679,79.539
15743,77.777
16036,80.895
16039,78.305
16064,82.253
