id,sonnet_doordash_pm resumes,haiku_doordash_pm resumes,gemini_flash_doordash_pm resumes,opus_doordash_pm resumes,gemini_flash_lite_doordash_pm resumes,gemini_pro_doordash_pm resumes
1747,0.85547173,0.85755455,0.856025,0.8351395,0.8361104,0.8582747
1784,0.783914,0.81455094,0.8352324,0.78298604,0.8071561,0.85065246
2476,0.86927044,0.875392,0.8857973,0.89469403,0.9015159,0.90572774
2515,0.8619591,0.8817855,0.8744978,0.87326777,0.8579179,0.8281894
2517,0.8707684,0.86137867,0.8805045,0.86190414,0.8744091,0.85363615
2529,0.8397658,0.8548011,0.8456132,0.82922405,0.80690634,0.84478426
2538,0.86034185,0.86151695,0.86116755,0.8664062,0.87215257,0.8613322
2551,0.85918033,0.84558046,0.84977597,0.85552156,0.88016635,0.8856459
2553,0.866279,0.87860465,0.87395835,0.88173544,0.88895214,0.87181264
2554,0.8717866,0.8294255,0.8281971,0.83644056,0.8101288,0.8311848
2555,0.7889062,0.7845038,0.8513739,0.79408723,0.7982253,0.8479668
2556,0.8355155,0.83656746,0.85726327,0.83780503,0.83767927,0.84266526
2577,0.8863286,0.8714729,0.8805039,0.88581824,0.86511964,0.89385676
2582,0.86196274,0.8425233,0.8579776,0.8730889,0.852662,0.85780704
2583,0.82808614,0.84361804,0.8525941,0.8347397,0.83548445,0.83016837
2584,0.88738155,0.86671984,0.904701,0.8795129,0.8644547,0.8498852
2585,0.84892184,0.8355017,0.85480726,0.8500765,0.8460379,0.8515365
2586,0.87061787,0.86651456,0.8504831,0.85518813,0.8731849,0.8605025
2587,0.8162491,0.82544106,0.8468387,0.8222449,0.80818826,0.8412868
2588,0.88348186,0.86618036,0.8776697,0.8801571,0.84368914,0.88078403
2589,0.8784353,0.87526697,0.88427204,0.8812267,0.8610891,0.85465884
2590,0.85192513,0.86088693,0.8753952,0.85078084,0.8309869,0.85718584
2591,0.878494,0.8459781,0.8682466,0.8620266,0.8396902,0.8810501
2592,0.85029167,0.8801068,0.8709267,0.88931483,0.8915758,0.8875825
2594,0.86406106,0.84130913,0.84716976,0.8383557,0.8546984,0.85028255
2595,0.82773507,0.8237002,0.80986357,0.80076617,0.7864007,0.79034305
2597,0.89600253,0.90318304,0.87818635,0.8923634,0.8987528,0.89367193
2645,0.8323127,0.8322466,0.8360972,0.83361083,0.8269322,0.8422376
2654,0.8583601,0.8551674,0.87404305,0.88119847,0.83496934,0.87454325
2655,0.86220556,0.81607646,0.85679543,0.86954594,0.8479389,0.86234707
2656,0.82399356,0.83982307,0.8364398,0.8486965,0.831086,0.8689516
2657,0.82044446,0.82162493,0.8297126,0.8157554,0.8107877,0.83203
2658,0.8350855,0.83632576,0.8780959,0.8552377,0.84344214,0.8314182
2659,0.79523706,0.8025459,0.8602105,0.8108727,0.78322756,0.8312171
2660,0.83491045,0.82723683,0.83499885,0.8354668,0.8252347,0.84301883
2741,0.80633664,0.85332674,0.82107496,0.8040185,0.83693427,0.8276499
2766,0.8671185,0.85462373,0.87079096,0.8663151,0.85732734,0.86913216
2793,0.85664874,0.8407072,0.89299023,0.8203912,0.84106064,0.8456413
2810,0.8433018,0.8414898,0.8667926,0.8462264,0.84229904,0.86292934
2824,0.87432706,0.85001695,0.83505344,0.8490591,0.84617376,0.87002265
3002,0.86931735,0.8349084,0.8494538,0.8546444,0.839766,0.8530221
3021,0.8250977,0.8349979,0.84081334,0.8139106,0.82597953,0.84355426
3093,0.8860877,0.8553464,0.8829458,0.89341587,0.878811,0.8699043
3105,0.9031947,0.8870724,0.88730025,0.8941551,0.89846253,0.87857515
3113,0.810553,0.81523865,0.84905946,0.8203205,0.82616675,0.80478394
3118,0.8339911,0.80508184,0.86076397,0.8426875,0.8413172,0.86118346
3120,0.8469581,0.83595496,0.7991402,0.81509423,0.8392197,0.8172512
3122,0.8958529,0.8977618,0.8643919,0.8925567,0.8803277,0.8862193
3123,0.87010205,0.8270377,0.8577781,0.8464062,0.87128156,0.8472374
3133,0.8636313,0.8805973,0.87613463,0.8913034,0.878176,0.8777604
3134,0.90214527,0.90142274,0.8824477,0.91385114,0.87412524,0.8882934
3135,0.8699802,0.8732701,0.8653989,0.8492975,0.877896,0.88270664
3136,0.84811676,0.8602895,0.8640214,0.87422895,0.859971,0.87152237
3137,0.8769034,0.8700461,0.8686774,0.8673665,0.86955625,0.89063257
3138,0.8677139,0.8283051,0.8667985,0.85865927,0.8305645,0.8604862
3139,0.8569792,0.85151,0.8574536,0.87830013,0.88118064,0.873425
3140,0.8706714,0.87203366,0.8802006,0.8555979,0.87320244,0.8662036
3141,0.77947426,0.7927522,0.8625685,0.84916866,0.8254399,0.8354606
3142,0.8834212,0.88508254,0.8550359,0.87363845,0.8394836,0.87368953
3143,0.8911162,0.8914552,0.8657907,0.8867698,0.8658429,0.8768303
3144,0.8214092,0.86162555,0.842623,0.84464717,0.86215967,0.87795585
3145,0.82944894,0.81562597,0.82987684,0.8495307,0.82076573,0.82892716
3146,0.8638121,0.85263896,0.85021675,0.8626019,0.85549676,0.8519298
3147,0.8688931,0.8552314,0.8804259,0.8549897,0.87529653,0.8671356
3148,0.8675591,0.8692418,0.87225544,0.86240727,0.8427232,0.8720195
3149,0.85467625,0.8716386,0.8609758,0.8565704,0.83978516,0.86521536
3150,0.86339265,0.87420493,0.87524873,0.8894594,0.88404846,0.89647806
3153,0.850718,0.8593334,0.8496914,0.85177934,0.8431171,0.85770303
3155,0.7572894,0.81793606,0.8104832,0.80621004,0.78711134,0.8283944
3156,0.8916129,0.8868184,0.9044101,0.87814254,0.88500345,0.9006167
3157,0.86647916,0.8695133,0.88323164,0.8796369,0.8678771,0.88446605
3158,0.85455143,0.85500044,0.87432605,0.8398818,0.85964143,0.87149626
3159,0.869888,0.87223417,0.88323104,0.8581978,0.847328,0.871499
3160,0.87305117,0.8711515,0.8710414,0.87480724,0.84399664,0.8726684
3161,0.9112042,0.8792766,0.90820885,0.88715196,0.881958,0.9044177
3162,0.8568404,0.8285829,0.82941884,0.8509847,0.85491854,0.8479649
3186,0.9093478,0.8925715,0.8905238,0.9046126,0.8962517,0.8644799
3225,0.78097856,0.86589485,0.8034735,0.8246506,0.8434152,0.82242745
3315,0.84074163,0.8329706,0.82711613,0.83782387,0.8181144,0.83772254
3321,0.8153808,0.8575332,0.85064584,0.82133514,0.81394213,0.84199595
3332,0.82908297,0.8236239,0.84985226,0.82742393,0.8217504,0.850703
5877,0.8006183,0.8186466,0.80784386,0.83413994,0.81542957,0.82746327
5981,0.87043095,0.88261914,0.8943766,0.88105464,0.8942441,0.88562
6018,0.83323205,0.82962465,0.8389497,0.8236447,0.8232249,0.8593608
6021,0.835515,0.8285603,0.86654717,0.8432605,0.85801154,0.8481407
6026,0.81859803,0.8271412,0.8543389,0.8202383,0.7931256,0.8798022
6043,0.8745557,0.8644094,0.86985505,0.86351377,0.8594254,0.8759213
6078,0.8476462,0.8492894,0.8549197,0.87628436,0.87601143,0.864272
6081,0.8846239,0.88666666,0.8719946,0.8923583,0.8752414,0.8866823
6082,0.86540645,0.86401105,0.83993715,0.8580435,0.8568292,0.83852786
6090,0.82347023,0.83821666,0.8281001,0.8441589,0.7836974,0.8564744
6127,0.8724203,0.8731257,0.87529445,0.8839682,0.86171025,0.877672
6211,0.8655809,0.8683177,0.8827003,0.84019446,0.83015525,0.8811706
6213,0.84399277,0.85712767,0.8752229,0.8647969,0.8377224,0.88054746
6214,0.84643394,0.81329596,0.85023326,0.83137524,0.80714726,0.83925045
6231,0.83210963,0.8355894,0.8535272,0.8281797,0.80736303,0.8228121
6232,0.89067554,0.8867552,0.86707366,0.8832004,0.89847213,0.8863581
6233,0.87453485,0.8656175,0.8791287,0.85322773,0.88043815,0.8763015
6239,0.84314394,0.7786907,0.85422194,0.8432813,0.8015484,0.846645
6240,0.83463156,0.8593899,0.85806274,0.8467537,0.83497524,0.8849247
6254,0.87614894,0.8327507,0.86397946,0.85163623,0.8150138,0.8397225
6255,0.81979823,0.8223107,0.86728084,0.8078877,0.8032188,0.8420268
6342,0.8278044,0.79246795,0.85109293,0.8233051,0.7934396,0.82502246
7630,0.8220843,0.81276125,0.8321806,0.8241043,0.7775862,0.8348037
7654,0.8555119,0.81120914,0.8436459,0.8349128,0.8308866,0.8292449
8890,0.8305212,0.787663,0.80090356,0.79254246,0.78534293,0.7907378
8916,0.8066577,0.80880535,0.7812708,0.7671468,0.79387164,0.81828344
9028,0.8252901,0.8205351,0.8144697,0.82419074,0.80794597,0.85351473
9066,0.84772325,0.84721,0.8504494,0.8689844,0.8708203,0.86199594
9445,0.83983636,0.83875215,0.8184072,0.842269,0.8505014,0.82258344
9479,0.8229568,0.83567274,0.83253986,0.8157138,0.8398932,0.84071434
9542,0.84286195,0.8386247,0.87132984,0.85356647,0.8530621,0.8555094
9546,0.86648214,0.8647354,0.87485117,0.8432939,0.8854025,0.8515999
9547,0.8162597,0.7992594,0.84622747,0.8287659,0.8300726,0.8393805
9583,0.8018676,0.81527096,0.8543056,0.82782847,0.8532539,0.8594594
9587,0.82692885,0.82937276,0.8207258,0.8037844,0.8445085,0.8205332
12037,0.83160603,0.82777816,0.8453735,0.8622316,0.85829055,0.85794926
12116,0.8137393,0.83011484,0.8252611,0.82969695,0.81604266,0.8014932
12122,0.8498057,0.8583125,0.8654069,0.84763765,0.8583367,0.8551592
12124,0.8186493,0.8428097,0.8148687,0.8356278,0.7979772,0.8110513
12141,0.83836913,0.8503621,0.8432372,0.81857014,0.8559269,0.8514579
12143,0.82845026,0.84603685,0.83435595,0.8373141,0.8396045,0.8385804
12149,0.8472215,0.8568543,0.88663423,0.850189,0.816324,0.83116466
12161,0.7894332,0.76012784,0.816197,0.81747437,0.7916167,0.80286795
12252,0.83620536,0.79306436,0.85866505,0.85319495,0.8596184,0.85353476
12408,0.83023095,0.8096893,0.83967733,0.814981,0.82702875,0.8434074
12409,0.86476296,0.81711304,0.8608097,0.8500433,0.82718647,0.86007345
12410,0.8667308,0.8586234,0.87062246,0.87455916,0.8672914,0.87062293
12418,0.8416194,0.8531111,0.8669398,0.8539327,0.8601008,0.8584648
12422,0.8531538,0.84326535,0.8247347,0.82472855,0.8468792,0.85092485
12435,0.7941761,0.76916957,0.82178354,0.7828214,0.7996936,0.80023193
12436,0.82837003,0.82275903,0.83568716,0.8516921,0.8326994,0.8389541
12437,0.79613626,0.8034229,0.8162989,0.83286726,0.8039875,0.81537473
12447,0.8602468,0.8657094,0.8945599,0.8780704,0.89057934,0.84687847
12448,0.898125,0.88936615,0.8971653,0.88209623,0.89706033,0.9202524
12449,0.85265225,0.8516453,0.8440895,0.8622031,0.85369194,0.8479027
12450,0.842174,0.82110846,0.842685,0.84718823,0.7963613,0.8399515
12451,0.84421587,0.8411204,0.8735079,0.841698,0.85955346,0.85440165
12452,0.85750014,0.85672134,0.8626926,0.86691296,0.8585206,0.86476797
12453,0.82573307,0.8319775,0.8530041,0.8150822,0.858055,0.8767197
12454,0.86455727,0.8181764,0.8862974,0.86291885,0.84949166,0.87334627
12455,0.8458265,0.856658,0.87633765,0.8693909,0.8433395,0.8684473
12456,0.88693696,0.8775105,0.8867607,0.88232857,0.8864125,0.88912904
12457,0.86762047,0.8440591,0.8682263,0.8517917,0.8714632,0.8631454
12458,0.88145524,0.8783928,0.8556564,0.85751545,0.8549351,0.87752146
12459,0.84894127,0.86753815,0.87209004,0.8369475,0.8390784,0.85502756
12460,0.8235797,0.8720995,0.8852975,0.8646997,0.85939944,0.8781322
12461,0.862951,0.87755823,0.8658133,0.87002736,0.8571471,0.8753711
12462,0.83654726,0.85883546,0.8603404,0.8388088,0.85040283,0.86221105
12463,0.8059906,0.8258178,0.8329045,0.82103044,0.8412627,0.8392866
12464,0.8633569,0.8634132,0.8750872,0.8757958,0.87508655,0.8736845
12465,0.87741333,0.8503604,0.8322244,0.8730782,0.8075073,0.8380122
12466,0.80769295,0.7944339,0.82488334,0.7884572,0.8315873,0.82462615
12467,0.80757797,0.8196232,0.84400827,0.8140155,0.82190365,0.8396158
12468,0.8503628,0.8403703,0.8443152,0.84092915,0.7917398,0.84590745
12469,0.7129628,0.7563507,0.72561437,0.7693199,0.73319435,0.7363732
12470,0.86722475,0.8953075,0.8877496,0.89983594,0.83489805,0.9034072
12471,0.85879433,0.8673386,0.857861,0.89001215,0.8458114,0.83610094
12472,0.8795287,0.83469456,0.877182,0.8562348,0.85042304,0.8693378
12473,0.8468729,0.86059743,0.8396452,0.84662944,0.8519242,0.8627334
12474,0.80245006,0.7896907,0.8210238,0.79341084,0.7702504,0.8014417
12475,0.82901645,0.8508928,0.86317647,0.82763475,0.8489146,0.8582406
12476,0.8385182,0.8250686,0.8315927,0.8330027,0.8532275,0.8252245
12477,0.8442615,0.8393588,0.80084467,0.826853,0.8388121,0.8489393
12478,0.8772324,0.85526776,0.8834764,0.8131832,0.8494164,0.8504169
12479,0.81479657,0.81601906,0.80973905,0.78296524,0.8132322,0.84236413
12480,0.8665764,0.8653173,0.8666187,0.87766725,0.85336447,0.87494576
12481,0.8769287,0.716263,0.8656685,0.8648953,0.8266602,0.8632695
12482,0.8645811,0.8598021,0.84347665,0.8722607,0.88101774,0.85943687
12483,0.85747164,0.8483804,0.8490401,0.8225682,0.83625215,0.828921
12484,0.79352945,0.8470863,0.83273655,0.8347645,0.81895494,0.8182733
12485,0.829486,0.82088196,0.8493335,0.8205371,0.83542186,0.83649933
12486,0.86981124,0.8915279,0.86927116,0.86691046,0.86433583,0.8874722
12487,0.86281776,0.8780673,0.88175166,0.87464166,0.88166964,0.8796094
12488,0.8311359,0.80243874,0.8380482,0.7662954,0.77640617,0.83180964
12489,0.82448506,0.80917674,0.8321284,0.8002981,0.78139025,0.8214837
12490,0.8108385,0.7843317,0.81620574,0.7894813,0.79860604,0.82470864
12491,0.8663498,0.86648166,0.8432287,0.8176796,0.8490444,0.8331028
12492,0.78443354,0.7977783,0.79749703,0.77875686,0.8249004,0.83209217
12493,0.8207969,0.846214,0.8300052,0.8222319,0.79478693,0.79636675
12494,0.86602247,0.85722774,0.85089064,0.8391906,0.8209516,0.8611113
12495,0.85122895,0.8553592,0.8686543,0.8560398,0.86759126,0.87036115
12496,0.87933236,0.8713299,0.88351977,0.8741794,0.8709935,0.8798083
12497,0.8816905,0.86994344,0.89020354,0.8948176,0.8777268,0.8765767
12498,0.8095193,0.8424603,0.90308064,0.8232474,0.85229695,0.87073344
12499,0.84931725,0.86026204,0.8457367,0.84129953,0.83386254,0.8513854
12500,0.8600441,0.84756124,0.84634936,0.84555244,0.7861453,0.8575992
12501,0.75014716,0.7598157,0.81376433,0.7777155,0.7418026,0.82106006
12502,0.8732597,0.85594064,0.8565919,0.8455794,0.8487944,0.8456894
12503,0.8033064,0.8263891,0.86179423,0.7972586,0.80996543,0.8311575
12504,0.8636097,0.8574848,0.86423934,0.86539876,0.84595215,0.8759648
12505,0.8134695,0.812691,0.8331435,0.833503,0.8340044,0.82076705
12506,0.81944424,0.8160898,0.85803646,0.8351872,0.8268149,0.8379617
12507,0.8288489,0.8357661,0.8338335,0.8335763,0.7818559,0.8510292
12508,0.8708448,0.88205564,0.8858205,0.87095875,0.8682438,0.87872034
12509,0.8307264,0.811186,0.8235584,0.81577253,0.8348522,0.83117616
12510,0.77204174,0.8115892,0.81118655,0.8037582,0.78740203,0.80714726
12511,0.7881565,0.76434445,0.78478515,0.82122564,0.8133973,0.8230139
12512,0.82339156,0.81213266,0.8276704,0.80732703,0.83106196,0.8332437
12513,0.8191012,0.8228425,0.85268474,0.82313025,0.8372221,0.8505366
12514,0.8766707,0.8454383,0.88356525,0.87831235,0.8678886,0.9042053
12515,0.8355991,0.8413316,0.89251405,0.8453163,0.85038203,0.8699935
12516,0.8921106,0.8660666,0.8874724,0.87430024,0.8431201,0.87789273
12518,0.84409523,0.8405388,0.84643465,0.8465137,0.8278479,0.8334016
12519,0.8289068,0.79573417,0.8533187,0.84118354,0.8321739,0.8336803
12520,0.8465066,0.87209487,0.8539207,0.88840145,0.83929396,0.8650174
12521,0.88928986,0.8807914,0.86781657,0.87909627,0.8638524,0.8856606
12523,0.8377587,0.8476217,0.8519345,0.8343994,0.80672437,0.8441092
12525,0.90296185,0.9202888,0.9115468,0.90649706,0.91816956,0.8972929
12526,0.86158717,0.87278515,0.84092677,0.8755911,0.8694535,0.87569356
12527,0.86947465,0.8795074,0.8730788,0.87211245,0.87850755,0.8691198
12528,0.8247477,0.8183619,0.83913857,0.81134945,0.85714006,0.84797037
12529,0.8840649,0.86585855,0.9035951,0.890025,0.8957932,0.9031298
12530,0.7802429,0.7600142,0.8066655,0.7838099,0.752386,0.78880465
12531,0.8102316,0.7992867,0.83203626,0.8157811,0.7670933,0.8543268
12532,0.86724764,0.863203,0.84537584,0.8710295,0.8851966,0.8362557
12533,0.845871,0.8494483,0.87235177,0.8510423,0.84536177,0.8530854
12565,0.89019275,0.88701326,0.83991635,0.8926643,0.88336146,0.84381825
12656,0.83801836,0.84969586,0.8388089,0.8222134,0.84782547,0.85825825
12674,0.87501407,0.8855205,0.8763225,0.8632127,0.8820427,0.8757331
12687,0.8188231,0.79911524,0.7883683,0.8159989,0.7875854,0.8015927
12736,0.83431494,0.8552873,0.9010142,0.890689,0.8498651,0.8640579
13078,0.8284085,0.8538122,0.86805594,0.84496635,0.8628626,0.8734703
13080,0.86317486,0.86097455,0.8749554,0.8751178,0.8691102,0.84905016
13146,0.8533553,0.84483796,0.8381429,0.8561675,0.8301729,0.8844663
13147,0.86452156,0.8982841,0.901226,0.868052,0.8524996,0.8880782
13148,0.84871495,0.8449632,0.83955306,0.8182502,0.8191005,0.85377467
13149,0.8138515,0.8139355,0.83417714,0.80559725,0.8224365,0.8003725
13150,0.8785734,0.87740004,0.8706305,0.8681165,0.8784275,0.86255664
13196,0.81657696,0.8323897,0.8667958,0.8609524,0.8601523,0.86123216
13382,0.8399343,0.8532775,0.84178704,0.83167326,0.8286074,0.8441439
13461,0.84029984,0.8329894,0.8422845,0.84108126,0.82120126,0.857
13475,0.8678504,0.8791602,0.88750225,0.8463295,0.8724759,0.87984544
13477,0.85183644,0.8472433,0.847258,0.83304405,0.8719127,0.8605384
13537,0.8788241,0.8621657,0.89326465,0.8766618,0.88211596,0.8612794
13893,0.88390714,0.8829863,0.87030005,0.843774,0.8454101,0.8816578
13897,0.84617704,0.8599346,0.84052724,0.8599229,0.7961031,0.8480723
14744,0.8737611,0.88608545,0.864306,0.8626482,0.8666411,0.87078273
14862,0.89118177,0.8593463,0.8833773,0.88290966,0.8935969,0.8928242
14882,0.89535475,0.88460886,0.88338125,0.88569796,0.89426005,0.88091904
14890,0.8716243,0.86012584,0.8876967,0.87144166,0.86385375,0.8959897
14906,0.8166748,0.7877904,0.8534293,0.81627953,0.84088385,0.8523023
14907,0.79904276,0.80097085,0.8303117,0.77050424,0.7989885,0.8619051
14914,0.8226211,0.8101702,0.83408195,0.84722114,0.8475666,0.84607923
14916,0.8080245,0.8571338,0.8757129,0.84456,0.8068035,0.8409082
14930,0.87723035,0.8641538,0.86486214,0.8759901,0.90053594,0.86222476
14932,0.84153235,0.80871886,0.8382557,0.7969651,0.8066976,0.8362594
14939,0.8823954,0.88445634,0.86400235,0.8859496,0.8787574,0.8624871
14947,0.85933053,0.8226897,0.839936,0.8469103,0.8086107,0.8618628
15180,0.80122554,0.7832291,0.8182354,0.8187567,0.8370801,0.8241113
15240,0.79801184,0.7917829,0.83418745,0.8188331,0.80200475,0.8408516
15339,0.7921666,0.79931647,0.85374534,0.7848419,0.8421893,0.8360722
15419,0.8697746,0.883662,0.8838334,0.8925104,0.8744862,0.8825488
15425,0.8450316,0.8618008,0.8661571,0.89656115,0.89622426,0.8665688
15426,0.82350975,0.84211314,0.8085768,0.8407331,0.8083011,0.81558555
15474,0.8670467,0.82685435,0.85073173,0.8549971,0.8642299,0.8280735
15519,0.86073434,0.8562857,0.5821111,0.87050664,0.8678254,0.86289203
15524,0.8278676,0.8222741,0.5821111,0.84197396,0.8351837,0.89814556
15589,0.8407208,0.88270104,0.8364361,0.8589411,0.8796482,0.8537512
15679,0.7861236,0.76703686,0.7591499,0.7777597,0.755895,0.7691332
15743,0.875833,0.86009616,0.88313216,0.872202,0.85510474,0.8958695
16036,0.8592187,0.87935734,0.8902865,0.8764193,0.8596746,0.88155913
16039,0.83544594,0.834526,0.82875216,0.8323628,0.8324014,0.8540595
16064,0.91621673,0.9110651,0.8577183,0.90372694,0.8896343,0.8793832
16980,0.85527194,0.876446,0.890224,0.8623414,0.8767123,0.8934432
17014,0.7368834,0.7136797,0.7665882,0.76690835,0.6637174,0.7273676
18230,0.8077462,0.84105116,0.86587703,0.8187051,0.8052875,0.8602853
18348,0.8281747,0.8450584,0.8256761,0.8094858,0.80494106,0.82637596
26715,0.85969,0.8498323,0.85302854,0.8475214,0.844221,0.86483335
26747,0.88993144,0.87927747,0.9051642,0.89673084,0.86284304,0.9139088
29788,0.7695427,0.7648467,0.82089376,0.7675791,0.76430535,0.79586154
29835,0.8248843,0.8582848,0.8316352,0.80979997,0.82602,0.83225197
30606,0.816246,0.7556634,0.8274312,0.75930417,0.818783,0.81472087
30845,0.86492085,0.8587512,0.82281774,0.8220302,0.84919846,0.8034773
32072,0.8804308,0.8793803,0.8671142,0.86830735,0.8681191,0.878483
46443,0.8824854,0.8696248,0.84555453,0.8848126,0.8728112,0.84587234
46506,0.7354275,0.74658895,0.7478404,0.73611605,0.71154535,0.75454557
50300,0.83378786,0.8480365,0.8430615,0.8698584,0.82450753,0.823495
51419,0.8185726,0.8253143,0.8380277,0.83955693,0.78531253,0.81255716
53971,0.8112867,0.7792193,0.84739465,0.81998706,0.78722644,0.8369202
53972,0.8155211,0.80995524,0.8189275,0.802126,0.7777598,0.8161589
53973,0.81289387,0.82923573,0.83527076,0.86499065,0.80855757,0.8080773
53974,0.79863465,0.8108016,0.812062,0.81031966,0.81806314,0.8214558
53975,0.8229199,0.8128805,0.82573235,0.81321144,0.8283491,0.83485764
53976,0.7683631,0.7505828,0.81406695,0.76209533,0.75215495,0.7810863
53977,0.87781084,0.8343478,0.8827842,0.8723872,0.8607,0.8718564
53978,0.8534301,0.8350323,0.82631856,0.84045297,0.818183,0.82908535
53979,0.86483574,0.8676752,0.86653626,0.8745574,0.87627363,0.89866364
53981,0.7681146,0.8111602,0.80321455,0.81436086,0.7875674,0.82173973
54796,0.8018804,0.8183059,0.8275454,0.8013295,0.7529579,0.83814096
54797,0.867838,0.8408265,0.86464846,0.8535538,0.85649645,0.8614924
54798,0.8031502,0.80708855,0.83185,0.8155121,0.7973604,0.82950765
54799,0.76681066,0.76965636,0.7766105,0.7603671,0.76831263,0.76529133
54800,0.8223741,0.8094425,0.8291467,0.8318654,0.7634449,0.8058856
56453,0.8453243,0.8594866,0.8295897,0.8199613,0.8276085,0.83491623
56528,0.8179831,0.8145994,0.8047677,0.7832625,0.80122197,0.8240181
56542,0.82735896,0.8322296,0.8506006,0.84661996,0.85310024,0.85276926
56543,0.77558535,0.8327966,0.82789433,0.7878274,0.80024207,0.8055279
56544,0.8542143,0.82637143,0.85962653,0.8331784,0.825233,0.8589189
56545,0.74928087,0.788808,0.7724832,0.7558282,0.76100457,0.7645896
56618,0.8258712,0.8338758,0.8249312,0.8148093,0.78539443,0.82071865
56619,0.7906308,0.8054866,0.8282218,0.7940108,0.78271693,0.8056395
56629,0.87609375,0.8599087,0.85113794,0.8490381,0.86771685,0.8742996
56630,0.8285514,0.8335975,0.8314663,0.82882047,0.77349114,0.83919954
56631,0.7881683,0.79125017,0.7841208,0.7978072,0.7890726,0.76493335
56632,0.8353219,0.8608916,0.8260025,0.87092495,0.8484478,0.83793855
56633,0.8265786,0.84217846,0.8466878,0.8461282,0.7782629,0.81731975
56634,0.7684664,0.7645153,0.75391656,0.7642948,0.77554065,0.8037962
56635,0.74298,0.76546633,0.7927348,0.7500384,0.72569376,0.75971866
56637,0.8131665,0.80730164,0.8167737,0.8219688,0.8168853,0.8662893
56638,0.85258245,0.8663269,0.863236,0.8520052,0.8283986,0.8732596
56639,0.7579573,0.8073354,0.7399639,0.7808752,0.7031733,0.72933745
56641,0.77970463,0.7846628,0.77808416,0.8246161,0.7623094,0.77222455
56642,0.7893647,0.80565566,0.80916154,0.8120002,0.7596482,0.79820323
56643,0.86579293,0.8546489,0.8825977,0.86213475,0.8606585,0.8683336
56644,0.82775587,0.7862996,0.77608114,0.799625,0.74783915,0.76125443
56645,0.81111366,0.8098644,0.85330176,0.8171596,0.7701342,0.81646687
56646,0.7658609,0.7787534,0.7577941,0.763065,0.71923816,0.7622988
56647,0.8432331,0.8438082,0.84041446,0.8350047,0.8306826,0.8480505
56648,0.84418917,0.85412174,0.86148745,0.84686583,0.87386256,0.886424
56649,0.8082609,0.79813445,0.8423626,0.8074185,0.834486,0.8495193
56650,0.846086,0.8553277,0.85247815,0.8607113,0.802522,0.8312458
56651,0.77135897,0.804341,0.7878811,0.81212974,0.7099573,0.7571038
56652,0.82634264,0.8338312,0.8635568,0.83709717,0.8490286,0.82655704
56653,0.824582,0.780365,0.8168404,0.80769354,0.76036763,0.7788431
56654,0.8676709,0.8732916,0.8863754,0.84590894,0.84530354,0.8687585
56656,0.7903364,0.7977916,0.7941978,0.7994623,0.7944777,0.8363242
56657,0.75336117,0.79431427,0.78663707,0.7444707,0.76397914,0.78709775
56661,0.86265755,0.86599624,0.8649008,0.85105395,0.8357879,0.8502673
56662,0.8490699,0.8292166,0.83767545,0.83829165,0.81453,0.8590724
56725,0.85377145,0.8636047,0.86951286,0.82626057,0.8000324,0.8423083
56795,0.8295402,0.8158735,0.81251264,0.81593263,0.76300204,0.8235856
56796,0.78079057,0.8227737,0.8084277,0.76675993,0.7703738,0.8303632
56797,0.8443506,0.8314209,0.8422213,0.8427559,0.79349077,0.85171723
56798,0.8608156,0.82418495,0.8029775,0.7900627,0.7921449,0.8044283
56799,0.80237424,0.7941417,0.8235446,0.7717734,0.7799706,0.83544695
56800,0.79898167,0.80102074,0.8317018,0.7974418,0.82897055,0.85033613
56801,0.8201902,0.8366621,0.842672,0.83924925,0.79014945,0.829728
56802,0.8003473,0.7826875,0.7735733,0.7861159,0.7790431,0.7870435
56803,0.86636126,0.8691737,0.8727347,0.8650694,0.84298825,0.8775416
56804,0.8612468,0.85339123,0.84115744,0.8593112,0.8616271,0.8441618
56805,0.7906335,0.8178972,0.80396605,0.81330645,0.7560129,0.7864546
56807,0.85207784,0.8284661,0.8339906,0.8479105,0.8138202,0.8372731
56809,0.85670507,0.8649854,0.8658854,0.85293937,0.8140837,0.84429765
56859,0.8003408,0.8132627,0.7987469,0.7934075,0.77962625,0.77596974
56860,0.80557704,0.8558235,0.84487605,0.830139,0.8276787,0.821903
56861,0.7933996,0.7928103,0.8009455,0.77054393,0.75048316,0.7563761
56862,0.8405633,0.8259512,0.84418285,0.83261925,0.7939161,0.85278845
57384,0.87062454,0.87810695,0.8634974,0.8630017,0.85979146,0.88779753
57400,0.88361907,0.8888794,0.8765718,0.8745162,0.905099,0.89516675
62042,0.86670184,0.82254624,0.8465048,0.8617368,0.8341918,0.85278773
63086,0.78216743,0.73590064,0.73188347,0.7526638,0.73334074,0.7541365
63087,0.8436618,0.83907294,0.8315091,0.85681987,0.80504954,0.83229315
83710,0.8438164,0.8310207,0.85261464,0.8574332,0.8229886,0.867325
83711,0.7466264,0.800249,0.7565213,0.73173517,0.7726206,0.8070364
86666,0.83639336,0.82721657,0.836981,0.8242055,0.7782563,0.82673764
87779,0.7141599,0.7212026,0.70005715,0.7285211,0.7683501,0.6875337
97622,0.8455026,0.8460134,0.8492196,0.86566424,0.83341867,0.8374116
98134,0.8264684,0.7629204,0.81734455,0.8237363,0.7831042,0.829131
98135,0.8246126,0.85554343,0.86520547,0.8314232,0.8082363,0.8368131
98136,0.79444814,0.79657894,0.8050933,0.7695153,0.7778422,0.8140079
98137,0.8189046,0.80446696,0.79960465,0.81348103,0.76643044,0.8226267
98138,0.7983302,0.80329597,0.8281448,0.80340904,0.78470516,0.8027664
98171,0.8218288,0.820254,0.8160779,0.8195502,0.7637956,0.83779407
98172,0.7945219,0.7873843,0.82512695,0.7850359,0.7787769,0.8227031
98173,0.846859,0.86831856,0.8625151,0.8469901,0.7926654,0.8487118
98245,0.7684543,0.7841584,0.8220465,0.7566545,0.7875656,0.8199389
98250,0.8113937,0.79775965,0.83530927,0.8046906,0.8446059,0.840918
98251,0.7460369,0.7534826,0.8130941,0.7527361,0.7971786,0.8124227
98252,0.72598755,0.69922817,0.82371294,0.7441765,0.68957686,0.8007113
98253,0.8253156,0.83440626,0.85452354,0.8564079,0.84663254,0.83721304
98254,0.8164932,0.83260167,0.8515726,0.82277924,0.80166703,0.836957
98255,0.8718263,0.8752226,0.87035865,0.8631486,0.8669272,0.88910747
98256,0.8044584,0.8124957,0.8459251,0.806935,0.81356263,0.8638069
98257,0.86367524,0.8387456,0.86568403,0.83589137,0.85524035,0.88307333
98258,0.79587674,0.79360276,0.804574,0.8011857,0.78735626,0.8074534
98259,0.81496716,0.8258232,0.8508647,0.81855154,0.8147939,0.82102215
98260,0.8122122,0.8357252,0.8385087,0.8289435,0.81125057,0.8489169
98261,0.8428894,0.7971324,0.8461772,0.810607,0.81033957,0.8466529
98262,0.815389,0.8134766,0.8501923,0.80421364,0.86365795,0.8402805
98263,0.8529509,0.8495188,0.8405395,0.809213,0.81303716,0.8653713
98264,0.8268485,0.8002956,0.86485094,0.82952905,0.8110318,0.8566074
98265,0.87680465,0.8778023,0.8533715,0.87374866,0.8564517,0.8756539
98266,0.87484187,0.8758325,0.89134955,0.88544357,0.8744228,0.8706565
98267,0.8462755,0.85128254,0.8388818,0.83938146,0.8283534,0.8386911
98268,0.84240276,0.8416286,0.84727865,0.8249529,0.81799924,0.83276415
98269,0.8265835,0.8101983,0.8469622,0.83215356,0.8211873,0.8072959
98270,0.8292269,0.82580805,0.8425177,0.8388369,0.82881725,0.8141979
98271,0.8030835,0.7931149,0.80559886,0.8063917,0.7604737,0.77368414
98272,0.84439355,0.84480447,0.8331476,0.82377106,0.8009436,0.84930485
98273,0.81857145,0.7958129,0.8711305,0.80558133,0.78365755,0.8497706
98274,0.8626499,0.8493982,0.8419796,0.82689226,0.8196721,0.85416174
98275,0.8607588,0.8502337,0.8617201,0.8457196,0.8318695,0.8506768
98276,0.8300602,0.8194516,0.8439981,0.8524097,0.85383373,0.84025097
98277,0.8557153,0.8567985,0.8326037,0.8495853,0.8201879,0.8266544
98278,0.8638534,0.8689736,0.855384,0.8790061,0.85843086,0.8616907
98279,0.8582301,0.86526453,0.86403584,0.8632743,0.86205035,0.85475004
98280,0.84909767,0.8560977,0.84583944,0.86923003,0.8160633,0.8455603
98281,0.8470072,0.8352714,0.84624386,0.8320179,0.81516325,0.85816765
98282,0.8327733,0.83166724,0.8509728,0.8347674,0.80952215,0.85097796
98283,0.85556304,0.8657284,0.8837377,0.83859104,0.84528357,0.86279845
98284,0.767627,0.79778403,0.7874758,0.7381743,0.7468096,0.7616266
98285,0.7763098,0.7932969,0.7944203,0.78974515,0.7885412,0.7977336
98286,0.7970351,0.8283174,0.84093857,0.7948654,0.8002407,0.8512974
98287,0.81940705,0.824244,0.8632262,0.84949195,0.8301001,0.8317639
98288,0.81121886,0.81880546,0.8323409,0.8514225,0.8313911,0.8222359
98289,0.8031988,0.81441057,0.8379687,0.80821496,0.81913894,0.85334444
98290,0.76616406,0.74776506,0.7884711,0.744609,0.74313045,0.78458047
98291,0.86433613,0.8608391,0.8546852,0.8376957,0.8481435,0.8543434
98292,0.80434394,0.8185179,0.7910428,0.7881762,0.7886195,0.82479566
98293,0.8056542,0.77303755,0.8092272,0.82124704,0.8078032,0.831859
98294,0.7849889,0.8061476,0.82884705,0.76887333,0.805763,0.8332472
98295,0.8104716,0.8014214,0.8512688,0.80780256,0.78208923,0.82741845
98296,0.80922484,0.80375236,0.84441173,0.806505,0.78872514,0.85125655
98297,0.84249574,0.85699934,0.8666437,0.85424566,0.83715796,0.8414773
98298,0.83210963,0.85825133,0.83353454,0.85063803,0.8398738,0.85112965
98299,0.83160937,0.8184116,0.844373,0.81841063,0.8439981,0.82815653
98300,0.7920743,0.8003597,0.80942243,0.80923015,0.77599674,0.7977048
98301,0.78684074,0.80689895,0.77049834,0.7709886,0.7931466,0.7829064
98302,0.86803734,0.8657018,0.8716399,0.870224,0.86312574,0.8691952
98303,0.8285371,0.8498759,0.81758434,0.84711784,0.82765925,0.84141433
98304,0.8742149,0.8755013,0.8832697,0.86872965,0.8770895,0.8879701
98305,0.8663827,0.8569906,0.89046025,0.8598655,0.86123204,0.8769935
98306,0.83305013,0.81486964,0.82368755,0.8279184,0.8264776,0.8624423
98307,0.85174656,0.8496052,0.86731505,0.856087,0.8230295,0.8623285
98308,0.8177471,0.83195853,0.8658546,0.810818,0.8353716,0.8466907
98309,0.83449394,0.8551625,0.8618698,0.829797,0.8034607,0.8564923
98310,0.8916575,0.8775186,0.83040047,0.8595311,0.8653874,0.8801469
98311,0.86582947,0.8524347,0.8663123,0.85538656,0.8305261,0.8482756
98312,0.8353938,0.8521743,0.8569226,0.8378637,0.8376429,0.8540236
98313,0.8162776,0.8348622,0.8244886,0.83370143,0.82471424,0.85205746
98314,0.87587076,0.8844036,0.8755329,0.87484455,0.8928334,0.8853638
98315,0.8180842,0.78329027,0.83164257,0.8035239,0.77986676,0.8217631
98316,0.8935343,0.887165,0.87713194,0.89009935,0.8897337,0.8783194
98317,0.8028934,0.84482235,0.8281384,0.79533994,0.7240141,0.8386618
98318,0.8572948,0.8744411,0.8668281,0.85022527,0.84701824,0.8255237
98319,0.83537376,0.84474444,0.8445152,0.82943213,0.83304584,0.83453757
98320,0.85779464,0.84900177,0.8582884,0.8411322,0.8424447,0.85213155
98321,0.8519113,0.8543614,0.8879584,0.8501417,0.82739514,0.8475307
98322,0.83811224,0.8495228,0.85072666,0.8478059,0.82005775,0.8298868
98323,0.83059776,0.8679729,0.86497635,0.8302876,0.8375875,0.86592853
98324,0.85072744,0.8591691,0.87288254,0.8525001,0.81737834,0.85987407
98325,0.8539407,0.8458872,0.8637568,0.84116244,0.8496136,0.85455555
98326,0.7827289,0.79520404,0.8314589,0.81226444,0.77136064,0.813077
98327,0.78445375,0.77720195,0.7905591,0.76492137,0.7891071,0.8240349
98328,0.8526195,0.8452918,0.8468499,0.8457725,0.83539104,0.8497706
98329,0.84056747,0.832485,0.86855525,0.8093244,0.78108,0.85000795
98330,0.8366978,0.7620677,0.8260347,0.8090972,0.79953635,0.81228113
98331,0.79521084,0.82207936,0.82398236,0.76554847,0.81590956,0.8582721
98332,0.7809675,0.80674106,0.80336213,0.7612734,0.77650887,0.7878075
98333,0.7878219,0.8001192,0.8387196,0.7713336,0.73770034,0.8111874
98334,0.76293224,0.8004734,0.81809115,0.84174573,0.78112936,0.85023606
98335,0.85952747,0.8610285,0.859969,0.861333,0.8369825,0.86672974
98336,0.7859597,0.7993514,0.8023805,0.7741916,0.78421354,0.7885225
98337,0.7498607,0.7352537,0.78491056,0.7364556,0.74996173,0.80389196
98338,0.80026305,0.80895877,0.8321792,0.81092215,0.7795569,0.81282765
98339,0.7728403,0.7734126,0.81121975,0.74002635,0.7788304,0.79614645
98340,0.7831128,0.7993694,0.8065977,0.7964432,0.7971634,0.81656563
98341,0.8422434,0.8339837,0.8091009,0.8276863,0.8355415,0.8439834
98342,0.86805433,0.8497677,0.86446357,0.86878526,0.8314362,0.86423403
98343,0.74930584,0.74338114,0.75164604,0.72979987,0.7732925,0.72108006
98344,0.8511376,0.8586327,0.860603,0.8677963,0.83962035,0.8598639
98345,0.84081256,0.8536675,0.85733,0.83459866,0.8020216,0.8651551
98346,0.8107882,0.7665751,0.7866943,0.79614663,0.7711458,0.80760705
98347,0.79589176,0.7964625,0.8263205,0.7655932,0.806257,0.8078537
98348,0.7843167,0.72405535,0.8381074,0.7911955,0.80130744,0.79542226
98349,0.86629844,0.8455095,0.8625241,0.8367331,0.8366579,0.85290265
98350,0.82601625,0.85077715,0.843788,0.8032324,0.81874126,0.8509345
98351,0.8255491,0.82721514,0.8434049,0.7896404,0.78965265,0.837155
98352,0.7919297,0.78604776,0.77885056,0.7976818,0.7637446,0.74822533
98353,0.7682334,0.7881409,0.81419736,0.76529413,0.74829304,0.7834209
98354,0.7422036,0.74100405,0.7324555,0.71718013,0.76927924,0.74350095
98355,0.82000196,0.85317534,0.85697126,0.8255201,0.87425244,0.8454802
98356,0.76575625,0.77294046,0.83390987,0.790711,0.79019976,0.77603066
98357,0.80763257,0.7327567,0.8440873,0.83864784,0.79031694,0.7936594
98358,0.84501743,0.8380853,0.86404693,0.84993833,0.8346195,0.84989905
98359,0.79532516,0.7966834,0.7910219,0.8038217,0.7830799,0.7945276
98360,0.7180824,0.71696854,0.7658722,0.7554941,0.7626346,0.78189147
98361,0.8435832,0.8765874,0.8688825,0.8529875,0.8537795,0.83383036
98362,0.77837867,0.7964305,0.8241571,0.7954161,0.81411415,0.82152236
98363,0.8408145,0.83989245,0.8504921,0.8402313,0.8309739,0.84163946
98364,0.8151736,0.7568488,0.7750061,0.8085407,0.7755822,0.75900066
98365,0.80665076,0.7887544,0.8186879,0.8173485,0.7630221,0.8186389
98366,0.76636195,0.7348324,0.76558006,0.76741374,0.780649,0.7910302
98367,0.8333229,0.8301706,0.813428,0.8231517,0.8086159,0.8061572
98368,0.7320651,0.7592545,0.7467127,0.77960217,0.7492703,0.787286
98369,0.7572482,0.76041156,0.82402533,0.7859056,0.7823963,0.80138177
98370,0.8407543,0.8549935,0.8445405,0.82855815,0.7921182,0.8235962
98371,0.87122273,0.86946654,0.87049973,0.8340353,0.84857047,0.85802716
98372,0.83463466,0.84010357,0.8499925,0.8504715,0.85120356,0.8419807
98373,0.85091794,0.8420591,0.876598,0.86302817,0.86560476,0.86170954
98374,0.84311175,0.82148635,0.86773473,0.8345176,0.8195236,0.8495387
98375,0.84446704,0.8487431,0.83605623,0.8404877,0.8326055,0.831699
98376,0.8693496,0.8570246,0.8766941,0.8828663,0.8373211,0.8832818
98377,0.8156915,0.81393594,0.8451664,0.82757443,0.7985902,0.85586953
98378,0.8229326,0.8583596,0.8918514,0.82791764,0.8281486,0.8326342
98379,0.8126584,0.85862315,0.81225765,0.85081524,0.8160679,0.8215798
98380,0.8397338,0.8498661,0.85930246,0.84631324,0.8476634,0.8609991
98381,0.77610654,0.79263365,0.82482165,0.80064523,0.789525,0.84860647
98382,0.8019918,0.80135965,0.8072533,0.8065243,0.8002964,0.83303726
98383,0.8378524,0.82819843,0.8658607,0.8406586,0.8039393,0.87263155
98384,0.8323234,0.840948,0.8636832,0.8569688,0.84534377,0.855025
98385,0.8106474,0.8048969,0.84103185,0.8139211,0.8052877,0.8073044
98386,0.8500378,0.8524339,0.8549854,0.8632538,0.8309792,0.849246
98387,0.8449488,0.8619721,0.8484538,0.8658996,0.79804146,0.82630086
98388,0.85895157,0.8780362,0.89393234,0.87576723,0.8759538,0.8965269
98389,0.8559631,0.8724981,0.8525767,0.8561208,0.8450557,0.8598684
98390,0.79751575,0.8166102,0.8350546,0.83053935,0.78720987,0.85132277
98391,0.7714397,0.83207446,0.8173131,0.7953542,0.8276764,0.8141402
98392,0.7649145,0.81553644,0.83852476,0.8145091,0.8083977,0.8358319
98393,0.7943108,0.78446287,0.7998637,0.7739749,0.7811953,0.81265515
98394,0.7751383,0.7725199,0.80516493,0.7617341,0.7533501,0.79400444
98395,0.8727815,0.86300766,0.86809903,0.8433889,0.88141274,0.8687524
98396,0.79231656,0.7739395,0.84270334,0.81376773,0.78584725,0.8389671
98397,0.79947245,0.77847975,0.8047164,0.8007624,0.75361764,0.785956
98398,0.8352341,0.850538,0.83211553,0.82085824,0.8182947,0.8634569
98399,0.769717,0.73430204,0.77563715,0.7347486,0.7878195,0.75876844
98400,0.8001523,0.7742612,0.8114015,0.79111737,0.7710572,0.78783506
98401,0.8235039,0.8166237,0.81143266,0.82591057,0.821625,0.82111436
98402,0.88573587,0.86243206,0.8558252,0.8639326,0.86261964,0.8563342
