id,ScoresDoorDash_Original_File_merged_DS1 resumes,ScoresDoorDash_Original_File_merged_DS2 resumes,ScoresDoorDash_Original_File_merged_DS3 resumes,ScoresDoorDash_Original_File_merged_GPT-mini1 resumes,ScoresDoorDash_Original_File_merged_Mixtral3 resumes,ScoresDoorDash_Original_File_merged_Mixtral2 resumes,ScoresDoorDash_Original_File_merged_GPT-mini2 resumes,ScoresDoorDash_Original_File_merged_Mixtral1 resumes,ScoresDoorDash_Original_File_merged_GPT-mini3 resumes,ScoresDoorDash_Original_File_twice_sonnet_doordash_pm resumes,ScoresDoorDash_Original_File_Good_merged_Llama3 resumes,ScoresDoorDash_Original_File_Good_merged_Llama2 resumes,ScoresDoorDash_Original_File_merged resumes,ScoresDoorDash_Original_File_Good_merged_Llama1 resumes,ScoresDoorDash_Original_File_sonnet_doordash_pm resumes,ScoresDoorDash_Original_File_merged_GPT-4o1 resumes,ScoresDoorDash_Original_File_merged_GPT-3.5.1 resumes,ScoresDoorDash_Original_File_merged_GPT-3.5.3 resumes,ScoresDoorDash_Original_File_merged_GPT-4o3 resumes,ScoresDoorDash_Original_File_merged_GPT-4o2 resumes,ScoresDoorDash_Original_File_merged_GPT-3.5.2 resumes
1747,79.834,79.445,79.445,79.682,80.135,78.932,80.043,80.047,80.043,81.158,78.742,78.742,79.038,78.742,80.735,80.483,78.825,78.34,80.629,80.831,78.34
1784,78.594,79.244,79.175,79.841,80.643,79.893,80.026,80.261,80.026,79.523,78.229,78.792,78.951,78.792,79.845,79.321,78.965,78.965,79.101,79.101,78.965
2476,82.835,83.271,82.491,82.188,77.432,78.888,82.188,77.41,82.41,82.714,81.757,81.757,82.712,81.757,82.714,83.223,82.194,83.778,83.497,83.223,82.083
2515,82.544,82.572,82.294,82.898,82.114,81.803,82.898,82.15,82.898,81.15,81.179,81.532,80.269,81.076,81.574,82.597,80.363,80.363,82.071,83.002,80.363
2517,79.217,80.301,80.051,83.327,79.549,79.263,83.327,80.378,83.327,81.849,81.778,82.201,78.765,81.722,81.149,81.679,79.317,79.272,81.515,81.548,79.483
2529,82.635,82.683,82.68,83.363,79.555,80.195,83.078,81.575,83.078,81.778,78.986,81.589,80.951,81.589,81.377,83.769,81.411,79.642,83.276,84.142,80.323
2538,82.954,82.779,82.54,84.314,81.578,81.823,84.676,83.375,84.507,82.628,82.444,82.33,81.519,82.926,82.223,84.086,82.853,82.119,84.059,83.848,82.119
2551,83.732,83.397,83.386,81.774,81.752,82.273,81.774,81.056,81.774,82.692,83.207,83.207,80.911,81.532,82.977,82.705,80.509,80.488,82.541,82.62,80.488
2553,83.288,83.507,84.497,83.214,82.236,81.88,83.288,82.036,83.354,82.151,83.482,83.482,81.421,83.482,82.53,81.888,81.61,81.61,82.212,82.295,81.61
2554,82.732,84.443,83.764,82.354,82.785,82.699,82.637,83.626,82.637,82.264,81.485,81.485,81.739,81.485,82.22,84.388,80.037,81.484,84.053,84.053,81.484
2555,80.868,80.868,80.868,80.436,79.732,79.632,80.436,81.531,80.436,81.202,80.65,80.65,80.237,80.671,80.674,81.074,79.702,79.702,81.008,81.009,79.545
2556,82.079,81.751,81.295,81.156,79.437,79.437,81.721,79.742,81.603,81.402,79.127,79.127,78.353,79.526,81.363,81.506,79.267,79.193,81.301,81.301,79.193
2577,82.089,82.089,82.584,83.335,82.041,81.877,83.335,83.146,83.335,84.409,84.48,84.48,82.692,84.872,84.322,84.104,82.543,82.493,84.645,84.487,82.493
2582,82.851,82.242,82.72,80.953,71.181,74.38,80.953,70.439,80.953,81.597,80.672,80.608,79.841,80.608,81.756,82.688,79.719,79.448,82.879,82.737,79.448
2583,79.472,80.494,80.555,82.08,82.003,80.991,81.976,79.693,81.976,82.508,81.207,81.715,79.894,80.077,82.452,79.888,80.523,80.523,82.501,81.802,80.523
2584,84.009,83.37,83.37,84.028,81.117,80.204,84.028,79.868,83.755,83.813,82.088,82.347,82.429,82.436,83.797,83.991,82.986,79.114,82.724,83.35,78.816
2585,82.695,82.812,82.812,83.264,81.001,82.005,83.32,82.949,83.32,81.968,81.856,81.669,82.342,81.264,82.157,83.822,80.047,80.047,83.636,84.012,80.047
2586,83.706,81.634,81.574,82.545,80.774,80.713,82.545,81.809,82.545,81.979,81.4,81.316,81.45,81.27,81.611,82.834,81.207,81.125,82.85,82.678,81.125
2587,82.523,82.47,82.47,82.81,81.138,81.247,82.81,80.972,82.81,82.126,81.254,81.254,80.201,81.339,82.174,82.34,81.753,81.753,82.966,82.878,81.753
2588,81.614,81.133,81.133,80.833,77.744,80.665,80.708,82.468,80.708,81.335,80.484,80.805,82.33,81.023,81.533,83.147,82.156,81.433,83.158,83.214,81.433
2589,84.75,85.155,85.205,84.266,83.112,82.919,84.22,83.433,84.22,83.86,83.694,83.694,84.072,83.694,83.898,84.717,82.356,82.356,84.628,84.628,82.356
2590,83.893,83.877,84.449,83.533,81.14,81.04,84.522,83.705,84.522,84.473,83.533,82.925,83.86,82.71,84.303,82.891,82.601,82.601,83.165,82.912,82.601
2591,82.68,82.961,82.608,82.741,81.077,80.323,82.741,80.15,82.741,82.827,80.818,80.818,80.966,80.59,82.788,83.086,80.284,79.946,83.061,83.565,79.946
2592,85.335,84.916,84.916,85.357,84.109,84.193,85.35,85.39,85.35,85.804,84.528,84.528,84.51,84.262,85.468,85.309,83.165,82.245,84.899,84.885,82.692
2594,83.211,84.106,83.549,83.723,80.722,80.95,83.635,77.795,83.914,84.731,82.876,82.061,83.499,82.466,84.498,82.594,82.65,82.136,82.786,82.645,82.136
2595,83.252,82.081,82.157,81.785,80.954,80.14,81.871,80.492,81.871,82.089,80.988,80.988,83.092,80.815,82.273,82.559,80.456,80.456,82.523,82.523,80.456
2597,86.045,86.045,86.045,85.6,84.698,84.839,85.6,81.589,85.6,86.977,85.737,85.737,86.226,85.737,86.881,85.893,84.909,84.721,85.93,85.93,84.721
2645,82.441,84.26,83.009,82.766,82.253,82.67,82.766,82.052,82.766,82.731,82.949,82.949,81.308,82.418,83.044,82.971,83.514,82.234,83.107,83.036,82.234
2654,82.085,82.134,81.701,82.922,82.826,82.255,82.922,82.701,82.922,83.591,82.425,82.425,81.921,82.425,83.591,82.626,81.921,81.696,83.074,83.074,81.696
2655,83.587,83.976,84.58,82.961,82.389,82.572,82.961,82.461,82.961,83.173,82.813,82.813,82.022,82.748,83.213,82.694,82.895,82.895,83.378,83.357,82.895
2656,82.919,82.981,83.105,82.889,81.279,81.748,82.743,82.305,82.743,83.307,83.156,82.928,83.083,83.329,82.579,82.801,82.052,81.328,82.318,82.347,81.328
2657,79.645,79.377,79.517,80.406,79.959,77.991,80.406,77.991,80.406,78.455,78.413,78.413,77.689,79.125,78.366,79.825,77.314,77.314,79.015,79.312,77.314
2658,81.284,82.471,82.471,82.616,79.981,81.105,82.616,80.572,82.616,82.425,81.365,80.727,81.724,81.298,81.668,82.345,81.954,81.891,82.632,82.39,81.891
2659,82.015,82.249,83.603,80.635,80.637,81.054,83.213,80.811,83.213,81.664,81.273,81.273,79.967,81.081,81.73,82.934,80.642,80.034,83.102,83.102,80.034
2660,84.455,84.587,84.587,84.487,80.891,80.623,84.487,82.904,84.487,83.57,84.534,84.534,83.092,84.373,83.611,84.167,82.328,82.411,84.022,84.022,82.411
2741,78.11,78.11,78.525,80.116,80.541,81.491,80.116,79.821,80.116,79.197,78.117,78.117,77.723,78.209,79.315,81.77,77.131,78.497,81.77,81.77,77.07
2766,81.229,81.63,80.263,83.212,79.726,79.615,83.212,80.567,83.212,79.703,79.466,79.466,79.144,79.152,79.703,78.48,79.579,79.579,77.923,78.121,79.579
2793,83.086,83.086,82.003,83.907,81.927,83.228,83.907,81.889,83.907,83.086,82.981,82.981,82.69,82.981,82.839,84.104,82.12,81.954,83.799,83.592,81.954
2810,79.138,79.138,79.138,79.205,79.467,78.884,79.205,78.498,79.205,79.307,79.324,79.324,79.027,79.324,79.623,79.38,78.941,78.419,79.366,79.366,78.419
2824,82.373,82.373,82.373,82.967,82.602,82.602,82.967,83.386,82.967,83.217,82.22,82.813,82.082,82.813,83.394,82.321,82.781,82.781,82.523,82.336,82.781
3002,83.631,84.144,83.967,83.126,82.813,81.784,83.126,81.837,83.126,84.368,84.437,84.132,80.341,82.838,83.772,84.078,82.406,82.406,84.225,83.998,82.406
3021,84.166,83.698,83.661,82.988,83.67,83.198,82.988,83.23,82.988,83.405,84.53,84.53,82.509,84.471,82.705,84.154,82.106,82.1,84.131,84.122,82.086
3093,82.868,82.064,82.064,82.87,81.519,81.624,82.87,81.729,82.87,83.292,81.562,81.562,80.967,81.562,83.405,83.137,80.563,80.563,83.332,83.344,80.563
3105,82.308,83.821,82.941,83.62,80.907,80.571,83.62,81.055,83.62,84.593,83.313,83.313,82.276,83.427,84.638,83.558,82.317,82.317,83.461,83.461,82.317
3113,80.007,80.007,80.007,81.115,76.215,76.497,81.115,76.154,81.115,77.161,78.581,78.239,76.928,78.239,77.212,79.441,77.671,77.532,79.524,79.524,77.532
3118,83.508,83.508,84.739,83.638,82.932,82.713,83.638,82.833,83.638,83.956,81.721,81.976,78.741,81.911,82.749,81.371,81.413,81.163,81.962,81.962,81.163
3120,82.462,82.462,82.632,82.46,81.565,81.018,82.46,81.087,82.46,82.06,83.261,83.261,77.42,81.566,82.024,82.995,79.953,79.194,82.52,82.52,79.194
3122,83.017,83.017,82.733,81.541,81.012,81.544,83.353,82.031,83.353,80.918,80.133,80.408,81.297,79.73,81.637,81.32,82.44,82.44,81.723,81.81,82.44
3123,80.814,80.424,80.814,83.456,78.682,79.315,83.456,79.17,83.456,81.2,80.309,80.309,78.761,80.309,80.115,82.064,79.156,79.156,82.829,82.638,79.156
3133,83.726,83.726,83.726,84.098,83.663,83.452,84.098,82.746,84.098,83.562,81.059,81.059,80.768,81.059,82.704,84.446,80.545,80.545,84.415,84.582,80.545
3134,82.92,82.92,82.92,84.198,83.986,83.761,84.29,84.459,84.29,82.757,84.119,84.086,83.242,83.562,82.791,84.381,81.76,81.595,84.439,84.439,81.595
3135,84.811,84.811,84.617,84.853,71.497,84.905,84.004,84.549,84.004,85.713,84.797,84.797,84.517,85.413,85.834,84.101,84.441,83.332,84.619,84.762,84.459
3136,82.859,82.546,82.546,83.956,79.87,75.504,83.956,82.26,83.956,82.595,80.418,80.418,79.17,80.43,82.408,82.803,79.701,79.52,83.165,83.094,79.52
3137,82.785,83.048,82.851,83.303,82.223,82.262,83.303,82.497,83.303,82.935,81.503,81.503,82.506,81.764,83.984,82.876,84.233,83.564,82.835,82.835,83.564
3138,80.339,80.339,80.583,81.019,78.531,78.247,80.781,79.371,80.781,83.122,81.966,80.934,81.519,81.417,83.003,80.65,81.93,77.74,80.844,81.149,77.74
3139,80.222,80.762,79.213,81.592,80.679,79.83,81.592,79.611,81.592,82.772,80.127,80.69,79.939,80.364,79.657,82.67,80.067,80.067,82.452,82.394,80.067
3140,82.103,82.103,82.103,80.913,81.459,81.761,80.913,81.395,80.913,81.247,80.439,80.439,81.652,80.453,81.168,82.017,81.558,80.693,81.187,81.538,80.693
3141,82.357,82.301,82.208,84.224,80.814,79.91,84.224,82.343,84.224,77.567,82.314,81.928,79.027,81.752,77.567,83.772,82.661,82.661,83.599,83.678,82.661
3142,84.284,84.284,83.974,83.39,82.477,82.579,83.804,82.851,83.777,83.604,80.355,82.792,82.955,82.792,83.146,84.674,82.343,82.343,84.013,84.171,82.546
3143,80.257,79.758,79.758,81.817,79.667,78.961,81.817,81.126,81.817,81.875,79.079,79.079,81.015,80.898,81.875,83.333,79.814,79.347,83.02,82.882,79.347
3144,80.162,81.916,81.871,82.7,80.546,80.722,82.7,81.091,82.7,80.486,79.661,79.389,76.994,81.837,79.102,82.32,80.717,80.737,82.48,82.169,80.737
3145,78.41,80.802,82.033,80.692,79.398,80.524,80.355,79.641,80.355,80.017,78.751,78.751,78.842,78.751,79.992,79.81,78.799,78.799,79.365,79.313,78.799
3146,78.676,78.198,78.308,80.228,79.377,78.625,80.366,78.966,80.366,79.247,79.163,79.001,77.933,79.306,79.181,77.209,77.507,77.507,78.362,78.185,77.507
3147,81.004,82.236,81.321,81.09,80.724,80.988,81.09,82.853,81.09,82.695,80.225,80.225,79.918,80.448,82.018,81.561,79.731,81.033,81.073,81.073,81.033
3148,80.881,80.881,80.881,81.706,80.176,79.756,81.706,80.454,81.706,81.33,79.713,79.632,80.058,80.42,80.995,81.786,79.969,79.989,81.839,81.839,79.989
3149,82.538,82.538,82.538,83.049,81.672,81.587,83.049,82.241,83.049,81.549,80.992,80.992,80.726,81.755,82.612,81.89,81.522,80.913,82.919,81.554,80.913
3150,83.078,83.057,83.232,84.905,81.639,82.283,84.905,82.251,84.905,83.212,81.62,83.247,81.964,83.151,83.44,83.619,82.55,82.55,83.313,83.776,82.55
3153,81.729,81.12,81.998,81.416,77.844,78.548,81.416,79.524,81.416,81.019,80.863,80.863,78.503,80.863,81.212,81.808,78.094,79.336,81.432,81.587,78.318
3155,81.573,81.168,82.532,81.394,77.8,76.727,81.394,78.422,81.394,79.401,78.908,77.864,74.177,77.044,78.589,77.441,75.248,75.248,77.315,76.869,75.636
3156,82.601,82.876,83.103,80.546,80.572,80.636,80.81,79.323,80.629,79.207,80.673,80.673,79.653,80.183,79.901,80.029,79.348,79.348,82.743,82.784,79.348
3157,78.674,78.674,78.674,79.708,79.595,79.654,79.708,80.018,79.708,79.129,79.552,79.552,80.882,80.891,79.224,78.842,79.525,79.666,79.94,79.94,79.666
3158,82.378,79.127,79.127,83.283,80.258,80.856,83.67,82.226,83.67,81.323,80.2,80.2,81.608,82.162,82.318,82.31,80.482,79.583,82.056,82.096,79.583
3159,81.364,82.2,82.4,79.922,81.409,80.803,80.196,81.428,80.196,81.633,80.453,80.662,79.054,80.662,82.789,81.523,80.891,80.891,81.601,81.437,80.891
3160,80.329,80.329,82.229,80.808,79.387,79.3,80.808,80.34,80.808,81.603,79.271,79.271,78.679,79.271,81.451,80.773,79.644,79.644,80.773,80.773,79.644
3161,86.491,85.472,85.472,84.822,80.783,83.358,84.822,83.811,84.822,86.068,82.424,82.424,83.266,82.424,85.966,83.057,82.957,82.957,83.057,83.057,82.957
3162,80.759,80.759,80.759,83.26,81.514,81.514,83.26,81.594,83.26,82.978,81.945,81.735,81.467,82.115,82.855,80.307,81.968,81.968,80.194,80.194,81.968
3186,81.0,81.0,81.0,81.236,83.939,84.197,81.236,81.882,81.236,81.714,82.127,82.127,81.428,82.127,81.966,81.341,81.489,81.489,82.432,82.434,81.489
3225,83.408,84.862,84.842,82.772,80.89,84.28,82.332,84.295,82.079,82.848,83.213,83.265,82.351,83.265,83.357,84.516,82.802,81.214,84.287,84.253,82.123
3315,81.644,79.836,79.836,82.886,80.907,80.558,82.886,76.88,82.886,79.92,81.684,81.684,77.596,81.004,80.402,82.042,78.443,78.443,82.045,81.822,78.443
3321,84.054,82.622,83.908,82.588,82.691,82.4,82.588,82.953,82.588,82.274,81.917,81.917,82.115,80.572,82.095,81.943,82.152,82.152,82.028,82.028,82.152
3332,81.488,77.213,80.24,81.087,80.399,79.031,81.087,81.324,81.087,79.545,74.841,74.841,75.786,74.841,79.425,80.672,77.13,77.13,80.101,80.533,77.13
5877,78.468,78.468,80.03,79.785,67.014,78.333,80.427,78.813,80.427,79.31,79.927,79.234,77.985,79.409,79.31,81.54,77.337,77.337,81.094,81.417,77.337
5981,84.097,84.393,84.393,84.284,82.47,83.093,84.447,82.335,84.447,83.718,85.604,85.604,83.509,84.787,83.974,85.269,83.345,83.345,85.269,85.269,83.345
6018,78.83,77.927,77.927,78.522,77.658,77.513,78.522,78.108,78.522,77.699,77.237,77.117,77.359,77.617,77.356,78.879,76.732,77.827,78.879,78.879,77.827
6021,77.789,79.526,79.526,77.821,80.427,80.443,77.821,82.024,78.054,78.292,78.719,78.719,76.957,77.839,77.666,80.784,77.173,77.081,80.784,80.784,76.911
6026,82.436,80.148,79.775,80.127,76.66,75.23,80.127,81.622,80.127,79.893,78.637,78.637,78.456,77.636,79.585,80.264,78.438,79.112,80.651,80.651,79.112
6043,83.23,83.23,83.324,84.153,80.728,79.771,84.153,74.686,84.153,82.936,83.439,83.439,83.045,83.264,82.631,84.368,81.183,80.847,83.774,83.93,80.91
6078,81.938,81.938,81.938,81.078,80.462,81.391,80.945,81.823,81.686,81.55,80.966,81.349,80.289,80.774,80.415,82.654,81.108,81.933,82.324,82.198,81.933
6081,82.41,82.41,82.41,82.718,81.499,81.948,82.718,82.853,82.718,84.301,82.568,83.093,82.085,83.253,83.381,84.69,82.06,82.06,84.322,84.322,82.06
6082,81.789,81.795,81.795,82.016,78.767,80.277,82.659,80.536,82.694,82.581,83.167,83.167,80.058,83.167,82.491,83.272,80.344,80.344,83.272,83.272,80.344
6090,80.644,79.991,79.991,81.551,80.162,80.648,81.551,78.249,81.551,83.34,81.232,80.79,79.671,80.147,82.445,80.024,81.005,81.005,79.911,79.911,81.005
6127,85.804,85.934,86.926,85.454,85.252,85.297,85.388,84.347,85.388,85.154,85.127,85.127,83.267,85.127,86.13,86.019,84.355,84.355,85.695,85.622,84.355
6211,80.751,82.045,82.045,82.867,82.075,74.508,82.867,77.099,82.867,81.02,80.93,79.936,80.623,79.936,81.827,80.1,80.402,80.142,79.811,79.698,80.142
6213,84.413,84.413,82.441,82.42,80.804,81.12,82.42,82.616,82.42,83.036,82.299,82.299,84.161,82.796,81.326,82.224,84.08,83.732,81.494,82.193,84.61
6214,82.873,82.873,82.707,83.032,80.548,81.8,83.39,82.156,83.39,82.294,80.277,79.79,81.763,80.734,82.046,82.906,80.019,79.428,83.537,83.537,79.428
6231,81.108,79.89,79.615,81.138,79.859,80.685,81.102,81.903,81.102,80.712,79.79,79.645,80.656,79.615,80.401,81.923,80.572,81.135,81.62,81.917,81.135
6232,83.007,82.787,83.902,82.95,80.703,81.949,83.284,80.863,83.339,83.332,80.87,80.87,81.245,80.87,82.52,83.236,80.275,80.275,82.56,82.793,80.275
6233,82.28,83.468,83.5,81.322,83.487,83.753,81.322,84.338,83.341,81.741,82.318,82.318,81.557,82.318,82.029,83.14,81.459,81.459,83.218,83.369,81.459
6239,76.9,78.226,78.831,79.821,73.807,71.675,79.821,78.201,79.821,80.382,78.369,78.565,77.256,78.805,80.72,81.431,78.146,78.146,82.343,82.343,78.146
6240,82.768,82.85,83.329,82.697,82.42,80.191,82.697,83.927,82.697,81.909,82.828,82.789,82.129,82.746,80.959,81.696,81.775,81.644,81.742,81.757,81.644
6254,82.862,82.862,82.867,82.571,81.281,81.14,82.591,82.546,82.591,82.382,80.644,80.644,82.058,80.782,82.415,82.229,81.343,80.432,82.06,82.278,80.432
6255,79.462,79.462,79.462,81.662,83.095,83.14,81.456,81.389,81.456,81.382,80.634,80.634,80.384,80.725,81.346,81.911,80.066,80.066,81.911,81.911,80.066
6342,80.505,80.647,81.653,79.878,80.199,79.332,79.878,79.203,79.878,80.74,79.613,79.613,80.357,79.44,80.25,80.02,80.395,80.395,80.446,80.086,80.395
7630,79.472,79.472,79.472,82.413,81.085,81.085,82.413,80.779,82.413,82.441,80.506,79.464,80.044,79.464,80.829,84.271,79.104,79.104,84.353,84.271,79.104
7654,81.04,81.159,81.159,82.061,81.086,80.874,82.061,80.813,82.061,80.097,82.153,81.978,79.56,81.89,80.53,81.897,79.334,79.012,81.749,82.077,79.012
8890,82.053,82.053,82.403,82.226,84.796,84.831,82.226,81.613,82.226,82.367,79.352,79.352,72.057,79.356,82.477,81.232,77.725,77.725,81.005,81.005,77.725
8916,78.169,78.43,78.69,79.349,75.13,74.572,79.349,76.417,79.349,77.616,76.724,76.332,76.812,75.539,77.426,78.336,75.135,74.997,78.592,79.114,74.997
9028,80.591,80.564,80.564,79.812,79.581,79.689,79.989,79.653,79.989,78.687,79.13,78.659,78.622,78.634,78.962,80.956,79.934,79.934,80.58,80.681,79.934
9066,77.959,79.312,81.658,80.19,79.113,79.006,80.19,79.846,80.19,80.296,80.045,79.95,77.931,79.332,79.999,78.043,77.232,77.232,77.686,78.213,77.232
9445,81.243,82.153,82.153,81.961,81.625,77.293,81.961,82.101,81.961,82.077,80.966,80.966,81.801,80.966,81.517,80.869,80.125,80.125,80.67,80.852,80.125
9479,78.941,78.906,78.941,80.224,81.143,81.16,80.224,81.247,80.224,79.736,79.888,79.699,78.834,79.142,79.851,79.129,77.294,78.853,79.224,79.224,78.033
9542,82.277,82.951,82.911,82.149,80.152,79.561,82.149,81.066,82.149,82.423,81.249,80.394,79.739,80.536,80.742,78.233,78.305,78.386,78.418,77.885,78.386
9546,82.785,82.785,82.785,83.83,83.005,84.375,83.83,84.556,83.299,83.585,82.852,82.924,82.295,82.495,82.631,82.339,82.822,82.822,82.339,82.339,82.684
9547,79.941,80.035,79.607,83.596,81.47,80.077,83.611,80.269,83.611,80.743,82.167,82.155,80.354,78.999,80.744,83.775,79.731,79.799,83.531,83.326,79.731
9583,81.13,81.039,81.039,82.186,82.122,82.071,82.236,82.459,82.236,82.704,82.057,82.057,81.023,82.791,81.653,81.833,81.122,81.103,81.98,81.98,81.103
9587,77.732,78.909,75.985,79.31,78.472,79.124,79.31,77.2,79.31,78.293,77.772,77.772,76.728,77.772,78.007,80.975,78.771,78.771,81.24,80.805,78.771
12037,82.816,81.843,82.202,81.232,80.038,79.643,81.242,80.294,81.242,82.311,82.094,82.358,80.739,82.358,81.642,82.397,80.913,80.742,82.315,82.315,80.742
12116,79.487,79.693,79.809,78.706,76.226,77.383,78.706,77.385,78.706,79.94,76.774,76.774,76.891,76.774,79.937,80.48,77.07,76.505,80.49,80.49,77.978
12122,82.91,82.91,84.168,83.248,81.881,82.26,83.556,81.681,83.556,82.942,82.812,82.812,81.708,81.69,82.815,83.386,81.953,81.7,82.931,82.679,81.7
12124,83.3,82.862,82.533,81.951,83.092,82.858,81.951,83.537,81.951,83.172,83.856,83.856,80.016,83.856,83.07,81.895,80.255,81.219,82.251,82.663,81.219
12141,81.882,81.893,81.594,82.746,77.44,76.768,82.746,80.198,82.746,81.43,82.362,82.362,81.284,82.094,80.131,81.105,80.435,80.694,81.349,81.349,80.694
12143,80.781,80.781,80.781,81.523,80.017,80.499,81.523,80.091,81.523,80.626,80.343,80.587,78.464,80.587,79.065,80.308,77.651,77.795,80.095,80.045,77.795
12149,81.387,80.903,82.339,81.632,81.809,83.436,80.998,83.997,80.998,82.56,81.329,81.329,82.387,81.329,83.376,81.963,81.986,81.51,84.607,84.563,81.51
12161,80.936,81.928,82.333,80.895,74.281,74.181,80.918,75.57,80.918,75.797,77.606,77.606,75.648,77.727,76.1,81.166,76.449,76.449,81.688,80.734,74.378
12252,82.501,84.239,82.134,83.387,81.452,81.574,83.565,83.521,83.565,81.524,82.35,82.35,81.65,82.35,81.732,80.948,81.738,81.738,81.072,81.072,81.738
12408,79.601,78.822,80.142,80.208,79.149,79.256,80.208,80.005,80.208,78.928,78.938,78.938,78.619,78.63,79.14,81.214,79.003,78.475,80.146,80.146,78.475
12409,82.999,82.767,82.865,82.665,82.113,82.246,82.601,81.449,82.601,82.847,80.959,80.959,80.564,80.959,82.375,81.342,81.787,81.488,81.714,81.56,81.488
12410,82.299,82.299,82.203,83.774,82.179,82.439,83.452,81.744,83.336,82.156,80.698,80.698,81.924,82.583,82.156,82.412,83.044,82.957,82.415,82.121,82.957
12418,82.263,81.175,81.175,83.041,83.21,82.921,83.041,84.277,83.041,85.032,81.725,81.14,80.887,80.83,84.935,82.771,80.276,80.498,82.717,82.771,80.498
12422,82.054,81.959,81.959,82.776,80.611,80.494,82.737,80.737,82.737,81.648,81.491,81.491,81.647,81.447,81.683,82.991,81.219,81.197,83.205,83.205,81.197
12435,82.347,82.433,82.433,81.911,80.853,80.574,80.812,81.785,81.1,82.035,81.934,81.934,80.205,80.812,80.428,81.561,80.447,81.196,81.734,81.591,81.353
12436,78.183,79.666,79.666,82.43,78.596,78.849,82.43,79.032,82.43,80.701,80.941,81.231,77.55,79.309,80.795,81.21,77.665,78.01,82.233,82.596,78.01
12437,81.733,80.343,80.161,81.392,80.033,79.748,81.559,80.202,81.559,78.188,79.441,79.441,74.847,79.441,78.368,81.888,75.956,76.434,81.283,80.969,76.434
12447,82.696,82.869,82.523,82.813,84.049,83.711,82.813,83.787,82.813,84.142,81.75,81.75,80.9,81.75,83.655,83.799,82.611,82.611,83.346,83.346,82.611
12448,83.926,83.926,83.926,84.263,83.011,82.828,84.263,84.178,84.263,84.76,82.561,82.539,82.373,82.539,83.413,83.902,82.993,82.993,84.06,84.06,82.993
12449,82.826,81.993,82.223,83.842,82.092,82.328,83.842,83.499,83.842,83.061,80.435,81.061,81.108,79.893,83.01,84.173,79.295,79.328,83.855,83.855,79.328
12450,81.093,81.093,81.277,82.368,79.727,80.261,82.376,80.363,82.376,81.749,77.805,77.805,78.652,77.836,81.432,82.256,78.839,78.839,82.214,81.495,78.839
12451,80.768,82.981,83.209,82.544,81.882,82.0,82.635,81.336,82.635,82.307,81.954,81.954,80.616,81.535,82.164,81.625,79.892,79.933,82.117,82.152,79.933
12452,83.551,83.551,83.551,83.919,81.841,81.617,84.281,81.16,84.239,81.237,82.819,82.696,78.411,78.647,80.674,80.003,80.175,80.006,84.597,85.457,80.006
12453,82.69,82.656,82.497,81.76,79.899,80.486,81.76,79.725,81.76,82.114,81.091,80.974,81.291,80.807,81.08,82.049,80.766,80.766,82.049,82.049,80.766
12454,82.594,80.899,80.899,81.778,81.408,81.019,81.778,83.627,81.778,81.875,83.539,83.539,81.058,83.547,81.634,81.395,79.542,79.542,81.405,81.405,79.542
12455,84.652,85.038,84.633,84.627,85.298,85.238,84.627,84.296,84.627,86.159,83.542,83.542,84.639,83.542,85.398,83.715,84.494,84.45,83.707,83.761,84.593
12456,83.502,83.502,85.215,83.961,84.337,84.712,83.961,83.518,83.961,84.873,84.631,84.631,83.603,83.338,85.076,84.859,81.453,80.902,83.964,84.004,80.902
12457,81.242,81.242,82.314,82.001,81.951,81.097,81.985,82.327,81.985,82.297,80.837,80.837,81.619,81.046,82.357,81.117,82.331,81.978,81.031,81.117,81.978
12458,80.855,80.918,80.918,85.379,80.658,78.715,85.379,78.632,85.379,84.636,85.52,85.519,79.287,83.33,84.143,85.786,79.287,78.663,85.194,85.194,78.663
12459,81.96,81.96,81.96,79.873,77.949,77.36,79.689,76.96,79.689,81.462,81.718,79.616,79.189,79.863,80.793,82.564,80.069,79.958,82.474,82.339,79.958
12460,83.515,83.515,84.369,83.235,82.34,82.16,83.435,83.277,83.435,81.672,81.057,81.057,84.031,83.768,82.377,83.054,84.656,82.625,82.877,82.98,82.596
12461,83.096,83.096,81.847,81.896,79.752,79.747,82.154,80.967,82.154,76.591,81.045,81.562,76.918,81.562,76.437,78.612,76.918,76.689,79.416,79.416,76.73
12462,81.187,81.042,80.955,81.05,82.296,82.314,81.05,81.758,81.05,80.17,81.11,81.115,79.285,81.11,80.979,81.263,79.3,77.964,81.992,81.704,77.964
12463,75.459,75.221,75.221,80.825,72.976,73.49,80.825,73.877,80.825,76.852,75.107,75.107,74.3,75.107,77.483,78.255,74.213,74.213,78.44,78.962,74.242
12464,85.592,85.592,85.666,84.892,85.089,84.466,84.892,84.275,84.892,85.05,84.256,84.256,83.39,83.866,81.31,86.015,83.121,83.645,85.88,85.824,83.645
12465,83.521,83.521,83.418,80.715,81.735,80.929,80.715,80.768,80.715,83.445,81.234,81.234,80.344,80.748,83.015,80.599,80.481,80.076,80.339,80.357,80.572
12466,80.377,80.377,80.647,80.866,82.262,81.946,81.237,81.453,81.325,80.651,80.363,80.363,79.429,80.658,80.757,80.665,80.074,80.014,80.821,80.821,80.014
12467,79.138,79.499,79.499,84.219,81.125,80.849,84.219,80.745,84.219,83.656,78.89,78.957,82.072,80.26,82.982,83.704,80.844,80.844,83.82,83.841,80.844
12468,81.061,81.321,80.521,82.455,79.081,80.197,82.455,80.519,82.455,82.014,79.734,79.583,78.341,78.534,80.154,78.073,78.889,78.889,81.449,78.89,78.889
12469,77.011,76.762,76.762,78.037,73.743,73.625,78.037,74.389,78.037,77.239,73.907,73.907,74.243,73.907,76.347,77.043,74.243,74.243,77.064,76.908,74.243
12470,85.874,85.874,85.874,84.088,86.24,84.602,84.097,84.902,84.097,84.51,82.82,83.081,80.991,83.501,83.109,84.035,81.11,81.11,83.485,83.456,81.195
12471,82.845,82.845,82.845,83.668,83.562,83.244,83.699,83.415,83.859,85.225,82.737,82.737,84.184,82.529,84.811,84.446,81.441,81.441,84.105,84.134,81.441
12472,82.728,82.728,82.728,82.765,79.982,81.589,82.765,79.629,82.765,83.721,81.965,81.965,80.53,81.587,82.13,82.64,80.873,80.873,82.235,82.235,80.873
12473,81.146,81.146,81.146,83.657,80.346,80.264,83.656,80.282,83.656,82.847,79.541,79.541,82.216,80.254,82.41,81.277,80.873,81.034,80.975,80.975,80.873
12474,79.178,79.178,79.178,79.502,78.017,77.928,79.511,78.502,79.511,78.394,77.291,77.401,79.462,77.691,78.15,80.89,79.462,79.283,80.173,79.971,79.283
12475,82.314,82.314,82.314,82.269,81.132,81.859,82.269,81.314,82.269,82.253,81.511,81.116,82.06,80.934,81.759,81.666,80.011,78.511,81.589,81.589,78.516
12476,80.675,81.466,81.608,81.95,80.815,81.85,81.95,82.541,81.95,80.992,81.451,81.451,82.204,81.637,81.149,81.454,80.358,80.358,80.818,81.214,80.358
12477,81.616,81.616,81.616,86.284,83.007,81.848,86.284,82.593,86.284,86.382,85.357,85.165,82.083,85.165,87.6,83.953,80.686,79.61,83.051,83.04,80.268
12478,83.915,83.915,83.915,83.467,82.062,82.239,83.049,83.519,83.049,83.855,82.287,82.287,80.015,82.677,83.499,83.188,81.113,81.113,83.169,83.169,81.113
12479,83.065,83.065,83.065,81.998,82.233,81.334,81.998,80.471,81.998,81.139,81.934,81.934,78.869,81.029,80.326,81.55,78.669,78.669,81.304,81.43,78.796
12480,82.705,82.705,82.705,82.648,81.458,82.561,82.197,82.213,82.197,82.597,82.494,82.127,82.038,82.127,81.968,81.97,82.34,82.34,82.513,82.513,82.34
12481,80.952,80.61,81.477,82.196,78.615,78.207,82.196,77.743,82.196,83.35,80.015,80.274,80.903,80.197,82.711,80.824,79.538,79.546,80.125,80.276,79.546
12482,82.697,82.697,82.441,81.316,82.062,82.321,81.316,83.898,81.316,82.5,82.851,82.12,83.031,81.917,82.776,82.601,81.859,81.688,82.697,82.697,81.688
12483,81.858,80.855,80.855,81.682,79.807,80.13,81.682,80.65,81.682,82.007,79.97,79.97,81.297,79.97,81.474,79.992,78.839,78.796,79.992,79.992,78.796
12484,81.807,81.075,81.939,80.746,78.645,79.419,80.71,79.044,80.71,78.205,81.242,81.242,78.232,80.853,77.712,81.493,78.785,78.785,81.356,81.782,78.785
12485,83.792,83.747,83.747,79.259,82.605,82.449,79.259,82.919,79.259,82.278,79.796,79.796,81.38,79.796,82.061,82.445,81.366,80.249,82.445,82.445,80.249
12486,83.373,83.048,84.529,83.341,81.367,81.675,83.341,81.229,83.341,84.483,82.46,82.46,82.114,81.886,83.493,83.185,81.481,81.672,83.24,83.185,81.672
12487,83.757,83.972,83.714,82.829,81.039,81.044,82.829,84.245,82.829,84.254,83.006,83.751,84.148,82.885,83.558,82.151,83.672,83.672,81.667,81.847,83.672
12488,80.822,80.957,80.888,80.357,80.304,80.294,80.637,81.337,80.637,81.999,80.071,80.071,81.203,80.67,80.179,81.182,79.429,79.429,82.346,81.107,79.429
12489,77.405,79.446,79.979,76.553,77.325,79.381,76.404,76.584,76.303,80.136,77.11,77.116,77.179,77.116,80.022,77.546,76.974,77.071,77.546,77.546,77.071
12490,80.525,81.111,81.111,81.016,81.134,81.028,81.016,82.949,81.016,80.719,77.653,78.541,80.169,78.137,80.661,82.151,79.818,79.01,82.511,82.491,78.565
12491,82.448,82.448,84.964,84.051,79.588,83.629,84.051,84.08,84.051,82.379,81.52,81.585,80.571,81.585,82.973,83.06,80.74,81.524,82.798,83.014,79.897
12492,81.934,81.755,81.755,82.094,82.463,80.568,82.094,81.668,82.094,83.486,81.68,81.68,81.785,81.381,82.034,82.34,81.788,81.788,82.181,82.181,81.562
12493,76.276,76.276,81.089,82.624,79.372,79.189,82.624,79.302,82.624,80.553,76.106,76.106,77.354,76.191,80.456,82.745,76.421,76.197,82.848,82.658,76.199
12494,80.98,80.98,80.98,80.67,78.654,78.434,80.716,79.131,80.716,80.609,79.788,79.788,79.893,79.813,81.428,81.565,78.938,78.938,81.212,81.035,78.938
12495,84.115,82.114,82.114,83.57,83.465,83.508,83.464,84.693,83.464,83.382,83.18,83.18,83.082,83.18,83.014,84.739,82.232,82.624,84.518,84.763,82.343
12496,80.139,80.139,80.139,82.776,78.212,79.179,82.776,80.48,82.607,82.268,81.851,80.375,79.886,80.375,82.101,81.079,78.651,78.651,81.302,81.079,78.651
12497,82.179,82.293,82.682,82.1,83.286,83.063,82.048,83.002,82.048,85.439,84.486,83.945,82.928,84.097,84.983,84.59,82.986,82.986,84.328,84.105,82.986
12498,84.307,85.209,85.074,82.898,77.576,83.131,82.932,83.077,82.932,84.625,83.18,83.362,83.737,83.231,84.112,83.344,82.831,82.831,83.29,83.419,82.831
12499,83.269,83.269,83.269,84.052,78.966,79.737,84.163,80.146,84.163,81.882,80.553,80.553,80.214,80.485,81.566,79.916,80.269,80.269,80.806,81.121,80.269
12500,81.121,78.333,78.333,81.955,78.558,78.866,81.955,78.929,82.189,80.191,79.043,79.043,79.336,79.183,80.243,79.759,79.591,79.591,79.893,79.893,79.591
12501,79.985,74.049,76.617,76.057,76.621,69.088,76.505,75.799,77.474,77.036,76.978,76.978,73.249,76.925,77.341,75.313,74.271,74.668,81.281,75.01,74.668
12502,82.125,85.767,84.075,83.426,81.521,80.895,83.426,80.147,83.426,82.119,79.952,79.992,79.626,80.118,82.908,83.532,79.313,78.813,83.595,83.531,78.813
12503,79.372,79.372,79.372,83.287,76.779,76.671,83.287,76.08,83.287,77.18,78.853,78.853,76.122,78.853,76.672,81.025,75.748,76.572,81.025,81.025,76.968
12504,84.242,84.242,84.242,83.439,80.377,80.162,83.439,81.056,83.439,82.877,80.401,80.769,83.023,80.769,83.32,84.259,81.996,81.996,84.235,84.281,81.996
12505,76.237,75.856,75.865,75.784,75.093,75.093,75.784,71.154,75.784,77.576,76.048,76.048,76.132,76.048,76.253,75.976,75.841,75.617,76.069,76.224,75.617
12506,81.26,81.22,81.227,81.998,78.37,77.786,81.998,79.399,81.998,82.954,81.146,81.146,81.809,81.146,83.037,81.996,81.53,81.53,82.162,82.128,81.53
12507,80.817,80.4,80.4,80.997,79.701,80.693,80.997,80.48,80.997,79.447,78.586,78.586,81.053,80.116,79.221,80.357,78.869,78.869,80.664,80.597,78.869
12508,81.996,81.996,83.131,83.529,81.056,81.488,83.529,81.592,83.529,82.015,81.539,81.539,81.937,81.539,82.072,80.477,81.399,81.399,80.881,80.881,81.399
12509,79.393,79.393,79.393,79.931,79.87,79.807,79.931,80.368,79.931,81.588,81.604,81.725,79.714,81.671,81.392,81.508,78.91,78.733,81.257,81.257,78.733
12510,82.885,83.572,82.894,82.65,81.999,80.237,82.65,81.231,82.65,80.992,79.482,79.649,79.411,79.324,80.472,82.713,78.436,78.436,82.908,82.589,78.436
12511,79.518,82.428,82.29,81.451,79.924,79.657,81.451,80.233,81.451,81.706,80.191,80.191,80.135,79.773,81.354,81.212,80.301,80.13,81.372,81.372,80.13
12512,80.433,80.433,80.433,80.127,80.631,80.453,80.127,80.736,80.127,81.175,80.814,80.299,80.673,80.169,79.709,80.513,80.972,80.972,80.513,80.513,80.972
12513,80.079,81.91,80.554,81.754,79.815,79.653,81.754,79.759,81.754,79.717,79.859,79.626,79.544,79.686,79.689,80.374,79.618,79.701,80.262,80.374,79.701
12514,85.796,85.796,85.283,84.583,84.881,84.827,84.583,81.995,84.583,85.457,84.318,84.654,82.236,84.472,85.407,83.474,84.803,84.518,83.705,83.938,84.647
12515,84.016,83.975,82.003,82.82,83.433,83.057,82.82,82.071,82.82,83.197,80.834,80.834,81.648,80.834,83.269,82.446,81.976,81.976,82.314,82.139,81.976
12516,82.175,82.175,85.203,84.452,82.679,82.016,84.607,81.443,84.607,84.171,82.541,83.219,83.058,83.219,84.358,83.898,81.958,81.958,83.571,83.571,81.958
12518,84.024,84.024,83.9,82.87,85.051,84.938,83.121,86.014,83.121,81.832,81.876,82.224,81.753,82.224,82.195,83.154,84.472,84.472,83.154,83.154,84.472
12519,80.723,81.119,82.142,81.251,80.965,81.639,81.251,81.729,81.491,81.524,81.565,81.565,79.677,81.62,81.084,82.477,80.803,80.495,81.657,81.479,80.495
12520,84.93,84.691,84.714,84.505,84.602,84.663,84.505,84.54,84.505,84.335,83.501,83.775,84.553,83.409,84.183,84.162,83.753,83.35,84.131,84.131,83.35
12521,82.423,82.609,82.609,83.199,80.959,81.026,83.199,83.129,83.199,82.998,82.569,82.569,82.633,82.75,82.524,81.974,81.996,81.996,82.159,82.196,81.996
12523,82.772,82.772,82.772,83.274,79.602,82.138,83.274,82.51,83.274,83.981,81.694,81.441,78.456,81.441,84.377,82.222,80.482,80.281,81.985,81.426,81.443
12525,86.196,86.196,85.31,85.963,85.861,85.758,85.963,86.37,85.963,86.225,85.783,85.783,85.303,85.962,86.211,85.148,85.794,85.794,85.764,85.764,85.794
12526,84.829,84.654,84.654,83.385,83.69,84.149,84.463,83.453,85.236,83.382,84.23,83.97,82.639,82.565,83.751,84.22,83.992,83.992,85.508,84.896,83.992
12527,82.36,82.074,82.074,83.391,81.077,83.674,83.391,82.001,83.391,83.487,83.384,83.377,81.905,83.377,82.881,83.366,81.905,81.725,83.406,83.406,82.073
12528,80.018,79.835,79.933,79.847,76.434,75.685,79.917,79.358,80.399,80.349,79.898,79.898,79.472,79.734,80.128,79.22,79.291,79.291,80.295,80.303,79.291
12529,85.378,85.432,85.432,86.324,83.615,83.982,86.384,85.914,86.384,84.265,83.971,83.925,85.004,83.871,84.925,85.75,84.709,84.709,86.114,86.114,84.709
12530,80.452,80.452,80.452,79.216,82.211,74.808,79.216,80.47,79.216,80.528,80.189,80.189,79.314,79.874,80.0,80.006,79.133,79.133,80.077,80.077,78.849
12531,75.763,75.763,79.749,80.403,78.14,77.586,80.403,76.548,80.403,79.815,79.022,78.825,76.728,75.961,78.998,81.059,76.304,76.304,80.749,80.749,76.304
12532,82.657,82.138,82.138,82.51,81.473,80.893,82.51,81.775,82.51,81.209,81.813,81.813,79.832,81.813,81.106,83.167,81.227,81.227,83.077,83.197,81.227
12533,82.324,82.324,81.639,82.448,80.848,81.101,82.3,81.353,82.233,82.301,81.145,80.975,81.969,81.137,81.473,82.765,80.31,80.31,82.829,82.936,80.31
12565,84.542,84.542,84.542,85.374,82.631,82.568,85.374,83.317,85.374,84.671,84.998,85.315,84.886,85.134,85.023,84.532,84.821,84.821,84.594,84.594,84.821
12656,83.02,82.599,82.599,82.729,80.0,79.444,82.201,82.786,82.201,82.463,82.256,83.237,82.681,82.882,81.914,83.564,81.613,80.904,83.468,83.564,80.904
12674,83.381,82.413,82.315,83.248,82.259,83.027,83.248,83.825,83.248,82.248,79.549,80.703,81.642,80.703,82.88,83.641,82.357,82.101,83.522,83.835,82.101
12687,79.133,80.619,79.95,79.493,76.634,76.241,79.493,76.588,79.493,78.56,79.935,80.394,79.369,80.985,79.385,79.395,79.865,79.865,79.495,79.495,79.865
12736,82.627,82.538,82.829,83.22,83.83,82.867,83.22,82.665,83.22,82.575,83.479,83.042,82.133,82.586,82.796,83.163,82.083,82.132,84.512,84.488,82.132
13078,81.091,80.751,80.751,83.253,79.84,79.601,82.701,81.367,82.83,82.584,79.583,79.583,82.662,79.583,82.274,81.554,78.985,78.985,80.824,80.9,78.985
13080,83.706,83.706,83.526,82.829,81.892,82.567,82.829,83.59,82.829,83.063,84.086,84.086,82.397,83.659,83.375,84.124,82.397,82.51,83.683,83.674,82.51
13146,79.663,78.562,78.632,80.052,76.715,77.009,80.052,77.139,80.052,80.493,82.072,82.072,79.198,81.998,80.798,83.591,78.891,78.891,83.591,83.591,78.891
13147,81.22,81.22,80.951,82.287,81.355,80.702,82.287,81.287,82.287,81.626,80.863,80.863,81.122,80.863,81.058,81.444,81.496,81.496,81.49,81.49,81.496
13148,83.345,83.345,83.345,83.23,82.059,82.222,83.23,83.12,83.23,84.688,83.367,83.367,82.124,82.614,83.031,83.661,82.443,82.532,83.616,83.696,82.532
13149,82.372,81.795,81.809,82.409,82.495,82.438,82.409,82.957,82.409,81.133,80.627,80.627,80.98,81.363,81.678,81.307,83.178,83.178,81.055,81.055,83.178
13150,82.235,81.973,81.836,82.976,83.777,83.999,83.063,85.8,83.063,81.952,81.936,81.936,83.228,81.936,82.2,83.176,80.909,80.908,83.016,82.955,80.909
13196,84.429,84.429,84.625,84.104,83.544,83.06,84.104,82.9,84.104,85.666,83.491,83.118,82.047,83.238,85.725,83.898,82.069,82.764,84.014,84.014,82.764
13382,82.338,83.212,81.918,82.681,76.597,80.538,82.871,81.485,82.871,82.202,80.84,80.84,77.717,80.84,81.544,81.236,79.751,79.168,81.519,81.53,79.168
13461,78.365,78.365,78.365,80.782,78.757,78.22,80.782,78.25,80.782,80.81,78.423,78.424,77.719,78.424,81.057,80.532,79.002,79.002,79.735,80.26,79.002
13475,83.972,83.972,83.972,84.315,81.482,81.9,84.315,81.373,84.315,84.492,83.168,83.478,82.804,83.423,84.748,83.223,81.069,81.069,83.223,83.223,81.069
13477,81.457,81.485,80.932,82.845,76.525,78.124,82.845,79.024,82.845,80.376,78.915,79.211,80.048,79.02,80.4,82.568,79.553,80.369,82.568,82.568,80.369
13537,79.922,84.382,85.236,82.855,82.82,82.486,82.855,82.513,82.855,83.753,82.084,82.084,80.83,82.084,83.135,84.418,80.579,82.54,84.399,84.344,81.729
13893,83.933,83.933,82.597,83.621,81.344,81.108,83.621,79.713,83.621,81.988,80.54,80.54,82.617,80.497,81.777,82.944,78.878,79.02,82.794,82.944,79.02
13897,83.322,82.807,83.202,82.555,81.834,81.67,82.555,82.003,82.555,80.924,80.689,81.037,79.197,80.106,80.789,79.298,79.46,79.46,79.401,79.02,79.46
14744,81.231,81.231,81.231,83.993,81.736,81.096,83.993,80.807,83.993,83.823,81.163,81.163,80.258,81.163,83.817,83.744,80.045,80.045,84.097,84.41,80.045
14862,82.947,83.514,83.573,83.191,81.671,81.374,83.191,81.535,83.191,81.555,81.236,81.236,80.284,80.674,81.466,80.137,80.849,81.687,81.951,81.951,80.269
14882,83.742,81.761,82.341,81.571,80.459,79.963,81.571,80.714,81.571,84.765,83.358,83.358,82.443,83.358,84.906,82.813,83.567,82.449,82.62,83.095,82.449
14890,81.007,83.315,82.449,81.28,82.313,82.259,81.571,82.509,81.756,83.062,83.169,83.169,79.639,83.169,82.954,84.404,81.433,81.391,84.957,84.644,81.391
14906,80.042,80.114,80.042,80.307,80.937,79.943,80.307,80.295,80.307,81.141,79.622,79.716,81.154,80.61,80.91,81.438,79.899,79.899,81.66,81.648,79.846
14907,81.839,81.839,81.839,81.5,81.075,81.104,81.5,80.659,81.5,81.645,82.138,81.296,80.215,80.908,81.857,82.001,81.609,81.748,82.001,82.001,81.748
14914,83.028,82.621,81.632,82.087,81.916,82.146,82.087,80.554,82.087,82.526,82.155,81.254,79.951,80.142,82.049,81.036,80.66,80.57,83.016,83.016,80.57
14916,79.267,80.644,80.806,75.24,77.052,79.748,75.498,81.044,75.498,81.482,80.295,80.295,79.431,80.295,80.786,80.716,79.947,79.947,80.771,80.771,79.947
14930,82.712,83.117,82.904,84.328,81.593,81.677,84.328,81.996,84.033,83.757,81.369,81.369,81.419,81.788,83.463,82.656,81.701,81.561,82.859,82.9,81.561
14932,75.406,75.406,76.82,80.398,75.322,75.365,80.398,75.396,80.398,78.808,75.495,75.019,75.023,75.475,78.846,78.681,74.628,74.628,78.32,78.32,74.628
14939,79.639,79.401,78.651,80.457,79.136,79.353,80.115,79.657,80.115,79.713,79.701,79.701,80.096,79.701,79.942,80.286,76.688,76.688,80.459,80.234,76.688
14947,80.749,80.58,82.939,80.613,80.157,80.757,80.641,80.342,81.597,82.142,80.913,80.913,79.241,80.317,82.152,80.525,79.799,79.799,79.857,79.857,79.799
15180,79.693,79.693,80.231,78.645,79.245,79.29,83.373,79.532,83.373,81.217,82.698,82.213,80.155,81.659,80.245,82.004,78.961,78.961,82.529,82.178,78.961
15240,80.193,81.204,81.193,81.318,81.811,80.205,81.446,80.875,81.446,80.751,82.805,82.805,79.513,81.797,80.576,81.364,79.513,79.513,81.083,81.166,79.513
15339,83.551,84.76,82.923,84.276,79.06,77.967,84.276,79.958,84.276,79.842,81.348,81.188,79.347,81.263,81.817,83.01,79.998,79.998,83.489,83.297,79.998
15419,81.332,81.875,82.137,80.762,79.996,80.476,80.297,80.309,80.297,80.682,81.903,81.772,82.234,82.167,80.731,81.224,80.801,80.526,81.778,81.874,80.808
15425,85.12,83.981,84.147,84.581,82.085,81.574,84.581,82.815,84.581,84.918,82.807,82.807,80.784,82.807,84.337,84.355,82.022,82.022,84.828,84.737,82.022
15426,82.762,82.931,82.145,84.015,80.067,81.521,84.055,80.585,84.055,81.905,80.261,80.261,79.82,80.322,79.84,83.425,79.779,79.593,82.559,83.114,79.593
15474,83.445,83.196,83.445,82.244,82.378,82.453,82.37,82.129,82.37,85.414,81.419,81.419,81.051,82.064,84.947,81.652,81.555,81.555,81.71,81.728,81.555
15519,81.768,82.303,82.357,81.43,79.245,80.01,81.43,80.636,81.43,80.012,81.58,81.602,78.923,81.878,81.395,82.748,78.464,78.464,82.922,82.922,78.464
15524,82.62,82.993,82.993,82.052,81.47,81.959,82.052,82.02,82.052,82.798,83.252,83.252,82.165,83.252,82.979,81.622,82.72,82.72,82.593,82.445,82.72
15589,81.888,83.01,81.583,81.159,80.621,80.696,81.159,80.627,81.159,80.244,79.672,79.672,78.509,79.672,77.976,82.752,77.849,77.869,82.596,82.682,77.869
15679,77.098,77.098,76.953,77.197,75.65,75.143,77.197,73.016,77.197,76.878,75.704,75.65,74.458,76.675,77.78,76.555,76.52,76.038,76.555,76.555,76.678
15743,76.401,76.239,74.339,79.389,76.219,77.353,78.748,77.731,79.22,78.417,77.309,77.309,77.237,77.309,77.923,80.328,77.955,78.113,79.805,79.802,78.113
16036,81.697,83.568,80.596,85.408,82.092,80.203,85.408,80.459,85.408,84.343,82.491,82.491,80.419,83.237,83.471,84.116,80.786,80.786,84.558,84.077,80.786
16039,80.948,80.954,80.954,82.145,77.646,77.253,82.145,81.036,82.145,81.553,82.298,82.625,80.565,82.398,81.734,81.672,80.719,81.454,81.753,81.383,81.454
16064,85.224,85.824,85.824,85.347,85.58,85.718,85.347,86.112,85.347,84.398,84.288,84.288,85.761,84.721,84.238,84.787,85.761,84.705,84.839,84.839,84.705
16980,78.075,78.075,78.075,80.571,74.02,72.559,80.571,72.006,80.571,79.2,79.346,79.094,77.141,79.001,78.795,77.708,77.411,77.234,77.773,77.771,77.234
17014,77.262,77.412,77.178,77.647,71.93,71.196,77.647,73.758,77.647,76.381,72.377,72.377,77.237,72.377,76.381,76.078,74.861,73.864,76.601,76.325,73.864
18230,77.197,79.826,77.483,78.052,76.861,76.861,78.052,76.624,78.052,77.594,76.998,77.055,75.989,76.725,76.714,76.005,76.075,76.075,75.688,75.878,76.075
18348,78.957,79.493,79.099,78.715,79.281,78.734,78.876,80.021,79.175,79.441,78.918,78.918,78.917,78.918,79.538,80.413,79.357,79.357,79.679,80.004,79.357
26715,81.596,81.596,81.596,81.933,79.749,79.781,81.933,81.233,81.933,81.361,80.639,80.639,79.694,80.763,81.969,79.96,80.396,79.871,79.734,80.022,79.871
26747,83.853,82.54,82.54,82.111,81.471,82.168,82.111,82.233,82.111,84.604,81.611,81.611,80.852,81.706,84.443,80.021,81.309,80.933,80.286,80.286,80.933
29788,78.556,77.893,79.338,80.398,76.694,77.468,80.398,80.62,80.398,77.218,78.634,78.06,78.953,77.946,77.56,77.73,77.691,77.691,77.853,77.663,77.691
29835,78.874,81.027,81.388,81.036,78.066,78.047,81.036,78.0,81.036,80.913,79.12,80.615,79.948,78.838,80.971,81.79,80.38,80.38,82.064,81.343,80.38
30606,76.608,76.688,78.56,80.387,76.77,77.382,80.387,76.547,80.387,78.986,75.598,75.598,76.332,75.598,79.027,79.028,75.1,74.774,79.368,79.028,74.774
30845,82.475,82.475,82.201,81.637,79.641,78.915,81.278,81.969,81.278,80.881,80.355,80.355,80.344,80.271,81.758,80.325,79.9,79.9,80.325,80.325,79.9
32072,81.215,81.215,81.175,80.092,77.305,77.161,80.092,79.475,80.092,80.645,79.063,78.264,78.465,79.152,80.175,79.573,78.633,78.642,80.065,80.062,78.642
46443,83.434,83.876,83.876,83.307,84.51,83.598,83.307,83.189,83.307,83.261,82.243,82.243,82.198,81.746,83.475,84.239,80.873,80.873,84.108,84.239,80.873
46506,77.669,80.02,78.536,80.141,73.883,73.64,80.141,73.863,80.141,78.918,74.765,73.978,75.488,73.823,77.078,77.846,77.017,74.489,78.052,78.162,76.127
50300,81.599,81.759,81.759,82.704,82.291,82.091,82.704,83.32,82.704,81.83,80.419,80.419,81.352,80.928,81.686,83.067,81.175,81.175,82.572,83.067,81.175
51419,78.055,78.125,78.055,79.597,76.746,76.604,79.779,76.142,79.779,79.2,77.4,77.587,79.169,77.311,78.607,79.585,78.358,78.358,79.532,79.537,78.358
53971,77.757,78.105,77.402,78.408,74.855,75.737,78.408,75.052,78.408,77.784,74.924,75.146,74.711,75.989,78.215,79.748,74.659,73.185,79.981,79.777,74.083
53972,79.199,80.574,78.964,78.541,77.7,78.818,78.541,77.809,78.541,78.107,78.036,78.036,77.173,77.782,77.883,79.213,78.768,78.764,79.292,79.292,78.768
53973,76.609,77.042,77.042,78.009,76.251,77.164,78.009,79.457,78.009,77.0,75.64,75.653,76.43,76.329,77.274,78.971,76.113,76.195,79.4,78.993,75.46
53974,76.074,76.074,76.541,78.529,75.545,75.374,78.529,78.301,78.529,76.123,75.729,75.729,77.267,75.392,76.466,78.033,76.96,76.96,78.507,78.131,76.96
53975,78.135,78.21,80.224,80.547,76.893,79.44,80.547,78.082,80.547,78.697,79.134,79.134,79.808,79.814,78.707,79.809,80.233,78.491,80.916,80.916,78.491
53976,74.633,77.25,79.438,77.604,75.997,75.273,77.327,76.189,77.327,76.016,76.925,76.925,75.827,78.198,77.427,75.778,75.838,75.838,76.931,76.608,75.838
53977,81.704,81.198,81.198,80.322,82.341,82.205,80.322,81.707,80.322,82.285,81.371,81.371,81.101,81.371,81.938,81.299,79.906,79.906,81.299,81.299,79.906
53978,79.491,79.491,79.491,75.784,75.755,74.385,75.924,75.303,75.924,77.555,76.466,76.466,76.586,76.703,76.819,76.255,75.703,75.703,77.023,76.714,75.703
53979,77.228,77.714,80.433,77.412,76.498,77.363,78.091,77.763,78.235,77.849,80.678,80.678,77.557,78.309,78.171,77.777,76.353,74.954,77.69,77.722,74.954
53981,76.141,76.875,76.875,77.838,75.509,79.31,77.838,78.231,77.838,77.127,77.35,77.35,79.713,77.714,77.094,77.528,77.047,77.048,77.947,77.863,77.047
54796,76.184,76.165,76.165,78.026,75.854,79.302,78.011,79.229,78.011,78.23,76.386,76.386,76.356,76.386,76.861,76.187,76.034,76.034,75.961,76.187,76.034
54797,79.663,79.384,79.424,79.214,77.505,78.179,79.214,78.924,79.214,78.355,78.605,78.605,76.764,77.086,78.822,79.762,77.811,77.832,79.779,79.634,77.832
54798,79.06,79.06,79.06,80.22,78.159,78.356,80.154,80.058,80.154,79.481,76.651,76.651,79.209,76.651,79.463,80.204,78.613,78.613,79.862,79.862,78.613
54799,77.009,77.03,79.908,78.074,75.316,77.794,78.074,78.789,78.074,77.859,74.683,74.683,76.467,74.723,77.319,79.081,76.505,76.505,79.053,80.025,76.505
54800,73.853,73.853,73.853,74.585,72.928,74.909,74.585,74.629,74.244,74.866,73.871,73.275,72.283,73.207,75.011,75.991,72.05,71.759,75.991,75.991,71.759
56453,81.698,80.687,80.488,81.138,79.585,80.399,81.138,78.702,81.138,79.833,80.47,80.47,80.597,80.976,80.634,80.649,80.797,80.797,80.316,81.044,80.797
56528,77.848,80.641,77.525,77.691,71.895,78.895,77.691,76.19,77.691,78.517,76.309,76.309,76.399,76.309,78.693,77.948,77.357,77.357,77.797,77.802,77.357
56542,75.737,76.469,79.054,75.612,73.172,73.282,75.387,77.27,75.387,76.246,75.774,75.774,76.652,76.588,76.948,76.7,73.571,73.571,76.077,76.077,73.571
56543,74.11,75.744,75.821,78.012,76.346,76.125,78.012,75.629,78.012,74.772,73.747,74.542,75.785,72.344,74.454,79.537,74.825,73.615,79.769,79.26,73.615
56544,75.267,78.156,77.223,77.429,73.159,73.043,77.429,74.667,77.429,75.795,75.462,75.462,74.694,75.462,76.05,77.192,71.971,72.907,76.858,76.858,72.907
56545,75.192,78.479,78.479,80.125,78.172,78.901,80.125,80.096,80.125,79.31,74.3,74.3,75.462,74.303,78.01,81.655,77.342,77.342,80.995,80.446,76.932
56618,79.751,79.6,79.799,81.002,74.723,77.932,80.921,76.526,80.921,80.146,77.679,77.618,78.883,77.618,80.146,78.604,77.268,77.268,78.71,78.553,77.268
56619,75.581,75.821,75.821,75.992,73.446,72.925,75.992,73.738,75.992,75.151,76.204,75.384,73.858,75.384,74.404,75.951,73.431,73.431,76.047,76.047,73.475
56629,78.581,78.581,78.709,81.292,78.124,77.948,81.421,77.951,81.111,79.373,79.499,78.896,79.632,79.632,79.666,80.702,80.662,80.662,80.092,80.106,80.662
56630,77.002,76.631,76.439,76.313,75.378,75.394,76.313,75.328,76.313,76.858,76.804,76.704,75.11,76.704,77.256,76.486,73.613,73.613,77.538,77.711,73.613
56631,80.916,82.055,81.457,81.28,76.862,78.267,81.28,75.97,81.28,82.137,78.114,78.114,79.128,78.114,82.114,79.861,80.016,80.016,80.594,80.719,80.016
56632,79.941,80.978,81.019,80.953,78.593,78.931,80.024,80.337,80.024,77.553,78.377,78.377,77.946,78.309,77.786,80.494,76.482,76.482,80.494,80.494,76.482
56633,81.755,81.755,81.836,81.54,79.058,80.199,80.981,82.886,80.994,80.023,78.316,78.316,82.506,78.316,80.093,82.018,78.286,78.286,82.474,82.498,77.546
56634,77.317,76.932,76.932,77.933,76.183,76.232,77.933,78.52,77.933,76.911,77.344,77.344,72.819,77.817,77.025,78.197,72.443,74.264,78.502,78.636,76.005
56635,78.917,78.917,78.917,78.412,76.64,76.034,78.412,78.754,78.412,78.101,77.233,77.233,77.42,77.286,78.317,78.866,77.87,77.323,79.46,79.669,77.323
56637,76.906,76.91,77.272,76.037,76.59,76.59,76.037,75.984,76.037,76.631,75.747,76.433,76.808,76.433,76.856,75.471,74.916,74.916,75.818,75.818,74.916
56638,77.434,77.434,77.538,76.685,78.676,77.494,79.333,76.948,80.002,77.925,78.04,78.04,77.201,78.115,78.321,80.954,76.496,76.496,80.377,79.491,76.496
56639,78.081,78.081,78.081,78.763,76.738,73.881,78.763,73.601,78.763,75.438,74.775,74.775,75.957,74.775,76.046,77.579,75.289,75.289,78.799,78.799,75.289
56641,77.515,78.465,78.24,78.503,77.069,75.398,78.503,72.62,78.503,77.118,78.474,78.574,76.011,79.505,77.186,78.593,76.377,75.623,78.411,78.219,75.623
56642,78.8,78.722,78.722,78.136,77.203,77.957,78.136,78.47,78.136,78.617,77.761,77.761,78.507,77.761,77.638,79.705,78.101,78.101,79.643,79.705,78.101
56643,82.453,84.24,82.508,82.911,81.505,81.279,82.977,81.839,82.977,83.322,81.819,81.819,81.646,81.819,82.47,82.734,81.042,80.942,82.964,82.734,80.942
56644,76.617,77.166,78.51,76.839,77.26,74.546,76.576,74.628,76.708,79.114,72.931,72.931,76.768,72.931,78.429,78.835,75.125,75.565,78.835,78.835,75.565
56645,78.201,78.721,80.358,77.791,78.17,78.432,77.791,78.059,77.791,77.546,77.901,77.901,78.242,77.656,77.472,79.056,76.567,75.398,79.92,79.056,75.972
56646,76.326,76.158,76.232,77.475,75.89,76.123,77.475,77.137,77.475,76.859,75.665,75.419,76.798,75.465,76.573,75.472,73.679,73.679,75.784,75.601,73.679
56647,78.395,78.395,79.462,79.352,78.735,77.977,79.352,77.502,79.352,78.625,77.912,77.912,78.899,77.962,80.308,78.921,77.089,76.66,79.642,79.642,76.66
56648,79.735,80.827,78.845,77.872,77.663,77.195,77.872,81.047,77.872,79.063,76.223,76.447,77.546,76.908,78.542,78.936,78.358,78.358,78.936,78.936,78.358
56649,78.538,76.111,75.908,76.944,75.18,74.765,76.856,75.702,76.93,76.166,73.435,72.731,75.992,76.187,76.171,76.721,77.258,77.258,76.659,76.943,77.258
56650,80.316,79.971,78.542,78.525,80.059,79.874,78.781,80.393,78.781,78.205,79.582,77.459,79.052,77.459,78.047,78.125,74.926,74.59,78.125,78.125,74.59
56651,79.036,79.036,79.036,80.061,77.638,77.591,80.061,74.976,80.061,79.27,75.559,75.559,74.71,75.375,77.529,78.251,74.47,74.47,78.189,78.235,74.47
56652,78.609,78.609,78.856,79.344,80.187,79.624,79.03,78.51,79.03,78.674,80.178,80.178,78.297,80.334,78.674,78.791,78.291,78.291,78.331,78.733,78.291
56653,77.53,80.025,78.702,79.252,77.2,77.158,79.252,76.916,79.252,78.784,75.991,76.623,75.895,75.625,78.754,80.433,76.286,75.93,80.182,80.449,75.93
56654,79.361,79.632,78.91,80.391,79.735,79.333,80.391,80.144,80.391,79.736,79.646,79.429,78.432,79.398,79.165,81.673,78.432,78.432,81.211,80.793,78.432
56656,77.698,75.603,79.132,77.237,78.979,76.268,77.237,76.248,77.237,76.607,74.733,74.733,77.962,74.435,76.488,77.77,75.89,74.764,78.704,78.793,74.764
56657,74.016,74.402,74.402,77.89,75.679,70.218,77.89,73.746,77.89,77.681,74.626,74.626,73.741,74.902,76.62,77.571,73.576,73.174,77.726,77.626,73.174
56661,80.418,79.758,79.895,77.954,79.703,78.48,81.374,80.411,81.374,80.082,79.643,79.643,78.375,79.745,79.06,80.427,76.717,76.717,80.546,80.191,76.717
56662,78.394,75.583,75.528,79.16,78.441,77.848,79.16,77.454,79.16,79.558,77.88,77.88,75.993,77.88,79.558,78.658,76.132,75.348,78.658,78.658,76.055
56725,78.213,78.213,79.668,79.22,79.501,79.137,79.008,78.238,79.043,76.655,76.137,75.195,75.809,74.856,76.398,78.771,75.809,75.809,79.063,79.386,75.809
56795,75.046,75.841,75.841,76.03,77.618,76.141,75.498,75.882,75.498,76.496,75.114,75.449,75.511,75.449,74.82,76.27,72.452,71.62,76.27,76.27,71.62
56796,74.463,75.048,74.844,74.559,75.264,75.264,74.559,75.739,74.559,75.685,75.129,75.218,75.926,75.218,75.759,76.543,73.395,73.193,76.543,76.543,73.193
56797,77.531,77.791,77.66,77.69,74.006,75.962,77.612,74.383,77.612,77.781,74.661,75.228,76.937,74.804,76.987,75.43,76.876,76.876,75.509,76.084,76.876
56798,76.207,76.207,76.233,78.799,75.712,75.621,78.799,78.046,78.799,79.803,74.803,74.803,75.36,75.606,79.208,80.19,74.727,74.727,80.078,79.594,73.885
56799,72.472,72.472,72.128,73.5,74.511,74.459,73.773,74.564,73.773,76.478,73.572,73.572,74.378,73.592,76.445,74.884,74.378,74.618,75.951,75.487,73.647
56800,77.034,77.034,76.983,79.23,77.394,77.509,79.23,77.668,79.23,78.024,79.195,79.195,78.206,79.195,77.798,79.886,78.206,78.154,79.886,79.886,78.251
56801,77.997,77.997,77.997,78.486,74.863,75.309,78.486,76.829,78.486,77.636,76.622,76.475,75.463,76.475,77.299,78.27,74.876,74.721,78.112,78.497,74.721
56802,76.215,75.958,75.84,77.02,74.167,74.457,77.002,75.588,77.002,76.69,72.988,72.988,71.36,74.04,75.514,77.536,76.042,74.752,77.3,77.043,75.555
56803,82.126,82.126,81.885,81.36,80.545,81.313,81.36,82.41,81.36,82.69,78.527,78.527,82.419,78.527,82.287,80.613,80.15,79.882,80.806,80.327,79.882
56804,78.507,78.507,80.055,79.785,77.918,78.398,79.828,77.718,79.828,79.086,78.199,78.199,77.906,78.199,79.161,77.121,77.609,77.54,77.121,77.121,77.54
56805,78.205,78.205,80.796,79.09,79.536,79.205,79.09,81.002,79.09,79.682,78.119,79.138,78.13,78.889,79.357,79.954,78.003,78.003,79.219,79.176,78.003
56807,81.718,81.182,82.121,81.294,80.045,80.05,81.294,79.061,81.294,82.31,79.275,79.274,81.529,79.226,82.193,81.084,82.168,79.636,81.181,81.091,79.923
56809,80.051,80.051,80.051,81.622,77.582,77.882,82.029,78.582,82.029,79.642,79.234,79.108,78.706,79.226,79.685,79.787,77.218,77.533,79.929,80.114,77.887
56859,76.177,76.177,76.211,76.909,77.192,79.105,76.909,76.008,76.909,76.344,77.162,77.162,76.593,77.162,76.86,76.816,75.876,75.876,76.789,76.789,75.876
56860,77.12,78.671,78.671,80.034,80.385,77.333,79.889,77.295,80.033,78.328,80.06,78.584,80.598,78.557,78.527,77.606,77.297,76.213,77.338,77.4,76.213
56861,79.137,78.617,79.066,77.128,76.362,77.812,77.128,78.169,77.128,76.672,75.653,75.653,77.416,75.041,76.25,76.204,77.321,76.083,76.755,76.742,76.083
56862,79.808,78.052,78.333,79.797,80.184,79.44,79.797,78.041,79.797,80.601,78.183,78.183,77.833,76.527,79.235,78.148,79.205,79.205,78.076,78.084,79.205
57384,81.665,81.06,81.06,81.138,78.713,80.644,80.998,80.517,80.998,82.102,81.383,81.409,82.265,80.995,81.59,82.248,81.17,81.17,83.066,83.066,81.17
57400,85.262,83.294,83.294,83.574,84.34,83.074,83.574,83.698,83.574,83.311,83.219,83.219,83.063,83.219,83.023,82.957,83.013,82.2,83.204,83.204,83.473
62042,79.715,79.715,79.715,81.533,76.787,76.876,81.579,78.31,81.579,80.088,78.08,78.08,78.342,78.046,79.633,81.057,80.397,80.184,81.819,81.847,80.334
63086,76.751,76.649,76.736,77.374,74.547,74.714,78.251,74.995,78.96,76.799,74.921,75.51,73.924,75.904,76.799,77.483,74.355,78.907,77.659,77.743,79.12
63087,81.418,81.228,81.613,82.481,77.029,79.609,83.079,77.567,82.211,83.115,80.329,80.329,80.053,80.329,83.424,82.043,77.458,78.091,81.836,81.742,78.091
83710,79.003,79.003,79.003,80.917,79.57,79.399,80.917,80.735,80.917,78.549,77.517,77.517,79.315,77.611,78.84,80.041,80.222,79.987,79.882,79.908,79.987
83711,76.009,78.565,77.878,79.794,77.332,77.232,79.794,78.482,79.794,77.918,74.803,74.834,73.625,74.936,74.576,78.798,74.124,75.798,78.804,78.907,76.224
86666,81.437,79.419,79.419,78.362,78.315,77.434,78.362,80.135,78.362,80.363,77.19,77.77,77.242,77.77,80.497,78.925,77.242,77.242,80.829,78.877,77.242
87779,80.501,80.501,81.187,82.483,81.019,73.574,82.483,81.399,82.483,81.106,80.843,80.843,80.134,80.843,80.34,82.443,80.239,79.376,82.247,82.379,79.619
97622,78.446,78.058,79.198,78.306,75.665,75.61,78.214,75.787,78.214,78.111,77.34,77.34,78.58,77.595,77.574,78.449,77.863,77.863,78.249,78.707,77.863
98134,79.906,79.639,79.639,79.947,80.7,80.758,79.947,80.342,79.947,81.107,79.663,79.508,79.325,79.723,80.178,79.797,77.142,77.142,79.566,79.565,77.142
98135,77.218,79.618,77.279,80.685,78.117,76.692,80.322,75.998,80.554,78.961,78.618,77.956,78.06,77.956,78.033,78.56,78.799,78.799,78.596,78.93,78.799
98136,76.34,77.22,77.22,79.388,77.533,76.579,79.388,77.344,79.388,79.979,76.735,76.786,79.131,77.074,78.227,77.577,76.21,76.21,77.2,77.389,76.21
98137,76.922,77.334,77.594,78.691,75.238,74.866,78.691,76.872,78.691,76.487,75.983,76.548,75.016,76.548,75.381,74.781,75.19,75.19,74.368,74.506,75.19
98138,78.95,78.95,78.95,81.295,80.403,81.399,80.875,81.017,80.875,76.95,78.36,78.36,78.248,79.98,76.795,79.69,78.716,78.716,79.69,79.69,78.716
98171,80.767,79.897,79.326,78.559,78.97,78.338,78.792,75.65,78.792,77.832,77.45,77.45,77.291,77.45,78.864,75.717,77.29,77.177,75.363,75.474,77.177
98172,75.115,75.115,75.918,74.936,75.232,77.083,74.936,77.475,74.936,76.572,75.311,75.311,74.379,75.057,75.604,78.128,73.16,73.16,78.452,77.622,73.16
98173,78.282,78.54,78.54,80.994,79.706,80.097,80.994,80.263,80.994,79.571,78.656,79.008,77.869,77.864,80.306,79.697,77.058,77.494,79.529,79.529,77.494
98245,78.378,78.378,80.302,79.878,76.56,76.867,79.878,76.419,79.878,77.474,76.2,76.2,75.013,76.878,77.621,79.477,76.292,75.958,79.447,79.447,75.958
98250,81.793,81.22,81.22,82.317,79.609,81.514,82.317,81.692,82.317,82.177,81.774,81.774,81.731,81.64,82.302,81.427,81.743,81.743,81.401,81.401,81.743
98251,78.166,79.508,79.214,78.438,77.915,76.979,78.438,78.145,78.438,78.08,77.76,77.76,76.195,78.009,77.421,78.644,76.195,76.195,78.373,78.373,76.195
98252,76.812,77.446,77.446,81.362,75.995,75.53,81.818,76.378,81.818,79.11,80.588,80.588,76.396,76.071,79.658,78.509,77.348,75.964,78.591,78.591,75.964
98253,79.504,79.748,79.748,81.262,80.314,80.043,81.422,79.811,81.422,79.505,79.29,79.18,79.332,78.764,79.365,82.142,79.639,79.235,81.618,81.864,79.235
98254,78.139,78.391,78.609,78.165,79.498,78.462,78.165,79.557,78.165,78.041,76.112,77.058,75.904,76.469,77.444,78.425,74.508,74.784,79.002,78.35,74.821
98255,80.792,80.756,80.727,81.943,80.456,80.289,81.943,80.884,81.644,81.494,80.412,80.412,80.908,80.721,80.119,82.313,79.385,78.646,82.083,82.389,78.881
98256,80.396,80.396,79.782,80.342,79.67,79.651,80.342,78.847,80.342,78.351,81.254,81.254,77.506,80.523,76.371,77.991,77.181,78.164,77.991,77.991,77.165
98257,80.477,80.903,80.88,82.275,82.087,81.991,82.117,81.83,82.117,80.54,82.048,82.048,81.031,82.048,81.14,80.765,81.848,81.848,80.787,81.329,81.848
98258,78.501,81.159,79.58,80.167,70.255,77.907,80.167,79.33,80.167,80.862,78.083,78.142,78.106,77.408,80.273,79.94,77.602,77.602,80.033,79.94,77.602
98259,81.773,80.387,80.322,79.991,79.394,79.934,79.991,82.234,79.991,81.837,78.66,78.66,79.045,78.534,81.427,80.227,79.111,79.337,80.073,80.326,79.337
98260,82.338,82.338,82.338,81.618,78.639,78.036,81.618,77.493,81.618,79.069,78.91,78.787,77.723,78.787,78.975,83.392,81.487,77.929,83.422,83.44,77.805
98261,81.346,81.324,82.854,81.075,82.374,82.831,81.075,82.635,81.202,81.192,80.035,80.035,78.412,79.197,81.811,78.644,81.424,81.424,82.886,82.983,81.424
98262,79.634,78.858,80.944,81.345,79.9,79.747,81.345,80.042,81.345,79.898,82.035,80.436,78.653,80.542,79.443,79.821,78.151,78.151,79.49,79.617,78.151
98263,78.225,77.872,77.872,80.938,80.208,76.86,80.938,78.725,80.938,78.267,80.642,80.642,77.748,80.286,78.192,80.604,74.912,74.327,80.982,80.644,74.327
98264,82.481,82.764,82.764,83.89,81.184,81.007,83.89,81.262,83.89,80.205,80.376,79.309,80.937,79.345,78.987,83.637,80.115,80.115,83.483,83.318,80.115
98265,79.997,79.939,79.939,84.318,83.612,83.811,83.835,83.765,83.835,81.382,81.786,81.786,80.786,82.401,80.952,82.529,81.048,80.063,82.39,82.511,80.841
98266,82.79,82.79,83.285,84.067,83.078,82.2,84.175,82.377,84.175,82.167,83.135,83.264,82.737,83.735,82.241,84.916,82.341,82.295,84.969,85.111,82.295
98267,75.912,75.912,77.004,78.995,78.366,77.851,78.995,77.378,78.995,78.516,76.443,76.443,76.138,75.456,78.746,80.168,76.575,76.47,79.877,80.181,76.47
98268,79.775,79.839,79.793,81.161,80.31,80.324,81.161,81.185,81.161,76.965,78.997,78.997,76.766,79.937,78.247,78.669,77.117,78.169,78.321,78.562,77.911
98269,78.865,78.865,79.076,81.34,78.097,76.818,81.31,77.206,81.31,77.314,77.667,77.667,77.463,77.667,78.051,79.959,77.463,78.621,80.167,80.18,77.463
98270,79.045,80.894,79.122,81.046,78.749,78.644,81.046,80.551,81.046,78.548,80.642,80.616,77.622,80.574,79.799,80.744,79.157,79.273,80.744,80.744,79.273
98271,78.309,78.309,78.309,78.139,77.59,76.862,77.963,77.162,77.963,78.674,77.091,78.507,76.141,76.088,78.746,79.391,76.144,76.144,79.052,79.472,76.144
98272,80.562,80.562,81.598,79.319,78.86,79.253,79.517,79.108,79.517,79.491,78.292,78.863,80.152,78.666,79.475,79.32,80.287,79.764,79.32,79.32,79.764
98273,80.073,79.984,80.003,81.018,77.846,78.141,80.69,79.586,80.69,79.503,79.351,79.351,78.203,79.351,78.583,80.602,78.085,78.085,80.367,80.367,77.165
98274,78.824,78.824,78.8,78.919,78.857,78.267,80.129,78.589,80.129,79.117,78.336,78.336,78.065,78.336,79.099,79.757,79.023,79.023,80.394,80.092,79.023
98275,80.758,78.476,78.476,79.976,80.695,80.082,80.563,79.326,80.563,79.29,78.657,78.657,78.649,77.644,80.064,80.382,78.628,78.628,80.423,80.678,78.628
98276,77.671,77.684,77.684,78.808,77.724,76.39,78.533,77.117,78.533,77.843,76.105,76.854,78.466,77.061,77.542,77.618,79.049,79.049,78.699,77.762,79.049
98277,76.913,76.913,78.399,78.928,75.677,76.334,78.928,79.158,78.928,78.682,74.981,74.981,77.925,74.465,78.101,79.077,78.272,78.272,79.25,79.25,78.272
98278,77.186,77.186,77.186,78.493,78.115,77.762,79.01,80.042,78.651,78.617,76.651,76.651,78.303,77.638,77.716,78.614,77.119,77.119,78.682,78.776,77.119
98279,81.958,81.958,81.958,82.09,81.44,81.114,82.09,82.53,82.09,81.018,78.231,78.231,82.023,78.231,81.029,80.199,78.981,79.001,80.266,80.266,79.001
98280,80.211,80.211,80.211,79.965,79.8,80.218,80.511,80.517,80.721,80.42,78.689,78.449,79.168,77.793,79.809,80.882,79.001,78.244,80.882,80.882,78.244
98281,80.712,80.712,80.712,79.807,79.382,79.058,79.807,80.82,79.807,81.043,78.771,78.473,78.575,79.819,80.65,80.167,78.424,77.965,80.94,80.715,78.652
98282,80.376,80.123,80.123,81.78,81.415,78.502,81.78,79.759,81.78,78.439,79.278,79.278,79.362,79.309,78.806,80.212,78.395,78.696,81.248,81.372,78.696
98283,81.569,81.253,82.072,81.589,80.519,80.519,81.303,80.478,81.303,79.653,80.618,80.618,83.116,80.618,79.174,81.374,84.29,84.208,81.374,81.374,84.208
98284,78.26,78.408,78.408,75.373,78.305,75.088,75.369,74.716,75.575,76.539,75.656,75.261,74.147,75.023,76.306,77.617,79.015,79.015,78.318,78.523,79.015
98285,77.522,78.377,78.377,77.786,76.895,77.093,77.786,78.0,78.487,77.714,77.291,77.433,77.765,78.154,78.011,79.204,77.137,77.137,79.415,79.204,77.137
98286,78.019,78.019,78.719,80.212,80.389,80.877,80.945,81.111,80.6,79.628,79.792,80.467,80.179,81.16,79.821,80.877,80.179,80.151,82.326,81.972,80.179
98287,81.632,81.064,81.064,81.174,80.226,80.348,81.174,81.507,81.174,80.021,79.506,79.506,81.508,80.071,81.354,81.941,80.725,80.725,80.952,81.188,80.725
98288,79.076,79.099,78.267,77.253,76.181,74.03,77.253,74.721,77.253,76.057,77.385,77.385,77.517,77.385,76.124,79.298,77.848,77.698,79.158,79.158,77.698
98289,78.141,78.141,77.125,79.029,79.285,76.625,79.029,79.299,79.029,77.462,76.157,76.122,76.038,76.094,77.535,80.419,75.668,75.668,80.145,80.145,75.668
98290,79.084,77.469,77.093,76.145,78.526,79.941,76.952,78.486,76.983,77.932,76.188,76.188,75.701,77.04,77.839,78.312,75.081,72.888,78.545,78.19,72.888
98291,80.001,80.526,80.117,80.529,80.703,80.437,80.529,81.315,80.529,80.267,78.54,78.675,77.424,78.896,79.231,81.412,79.022,78.46,80.972,81.165,78.46
98292,80.009,80.594,80.594,78.837,79.304,80.471,78.837,80.371,78.837,80.042,77.782,77.782,80.611,78.332,79.376,77.641,79.809,79.809,77.982,77.811,79.809
98293,78.29,78.29,78.29,80.475,78.184,77.797,80.475,77.147,80.085,78.716,76.87,76.975,77.568,76.353,77.678,81.409,78.028,78.028,81.013,81.137,78.028
98294,80.097,80.097,80.097,81.519,78.766,78.789,81.519,79.314,81.519,79.988,79.565,79.565,77.539,79.041,78.98,79.372,77.539,76.927,78.893,79.372,77.259
98295,78.364,78.364,79.555,81.471,79.582,80.721,81.471,79.91,81.471,77.942,78.38,78.38,78.971,79.151,78.438,81.134,78.815,78.815,81.47,81.408,78.815
98296,79.106,77.732,77.732,78.79,75.983,75.837,78.79,77.726,78.79,76.387,74.443,75.323,78.982,74.871,77.384,74.9,77.937,77.078,75.806,75.616,77.078
98297,81.301,80.444,81.209,81.396,80.277,81.13,81.396,80.517,81.396,80.749,79.78,80.125,80.66,80.437,81.099,79.965,80.2,80.2,80.77,79.847,80.2
98298,79.818,81.062,81.145,80.107,78.919,80.937,80.107,82.004,80.107,79.669,78.303,78.901,81.461,78.755,80.282,81.419,80.394,80.394,82.119,81.876,80.394
98299,78.798,78.917,78.917,79.904,75.126,74.252,80.543,80.632,80.543,79.095,77.302,77.302,78.629,77.966,79.065,79.456,76.868,76.868,79.551,79.551,76.868
98300,80.006,79.818,78.965,79.622,82.129,80.554,78.76,79.603,78.805,76.103,76.78,76.78,77.878,77.194,76.907,79.566,78.195,76.767,80.065,80.065,76.767
98301,74.217,78.156,74.795,79.23,77.334,73.464,79.23,75.072,79.23,75.402,74.382,74.382,74.19,74.455,75.325,74.016,74.404,74.404,75.634,75.598,74.404
98302,79.972,79.972,79.54,81.027,79.534,78.714,81.209,78.712,81.209,79.978,78.321,78.321,79.438,78.321,80.816,80.866,80.203,80.203,81.279,81.227,80.203
98303,79.94,78.375,78.375,80.682,79.566,79.566,80.682,79.665,80.682,79.138,79.083,79.083,79.498,79.083,79.546,80.424,78.532,78.532,80.424,80.424,78.532
98304,78.728,78.728,80.602,79.031,78.991,79.052,78.871,79.273,78.871,79.224,77.202,77.202,79.643,77.731,78.865,80.214,79.306,79.306,80.387,80.387,78.04
98305,82.585,83.893,83.71,82.097,82.217,82.367,82.097,82.125,82.097,83.048,81.891,81.891,81.933,81.891,82.312,82.289,82.86,82.86,82.096,82.264,82.86
98306,78.653,78.653,79.639,82.196,78.385,78.302,82.196,76.897,82.196,78.785,78.294,78.294,76.646,78.781,78.984,77.71,79.116,79.116,78.261,77.65,79.116
98307,80.803,77.583,77.884,78.66,80.257,77.567,78.66,79.066,78.302,78.75,77.278,77.291,76.417,77.467,78.748,77.425,76.07,76.038,80.069,80.163,76.038
98308,78.878,78.171,78.266,79.087,77.537,77.402,79.087,73.78,79.087,77.706,77.739,77.739,78.557,78.109,77.977,78.151,78.557,77.754,78.011,77.998,77.754
98309,77.112,77.112,77.196,81.452,78.095,76.606,81.452,78.282,81.452,79.576,77.314,77.314,80.006,77.314,79.844,79.559,79.844,79.844,78.969,79.673,79.844
98310,80.922,81.557,81.557,84.002,80.575,80.117,83.224,79.575,83.138,82.511,80.433,79.158,78.286,78.8,82.495,84.114,78.286,79.596,83.283,83.884,79.734
98311,78.93,78.45,78.45,79.336,78.533,77.51,78.923,77.274,78.923,78.964,78.558,78.558,79.733,79.111,78.765,76.966,78.362,78.362,77.123,77.491,78.362
98312,79.607,79.607,79.607,79.526,75.057,76.371,79.526,77.618,79.526,79.381,78.36,78.36,78.156,78.544,80.095,76.781,77.916,77.916,77.865,77.762,77.916
98313,78.646,78.646,79.358,80.729,80.996,78.855,80.729,81.17,80.729,79.181,79.669,79.814,79.9,79.814,77.243,81.453,78.828,78.798,80.628,80.784,78.798
98314,83.133,82.724,82.724,83.769,82.533,82.512,83.769,83.747,83.769,82.452,82.347,82.347,83.101,82.347,81.717,84.136,81.053,80.537,84.136,84.136,80.537
98315,79.642,79.642,79.642,79.629,78.5,77.759,79.629,77.938,79.629,79.415,79.157,79.157,80.481,79.273,79.145,79.983,77.138,77.061,79.983,79.983,77.061
98316,85.384,84.346,83.319,84.43,85.258,85.346,84.222,84.751,84.222,83.665,85.424,85.25,85.276,85.25,84.078,84.047,85.123,85.151,83.974,83.974,85.151
98317,77.49,77.535,80.57,78.804,79.334,78.981,78.983,78.431,78.983,79.078,75.886,75.886,77.873,75.983,79.023,77.861,75.075,75.075,77.339,77.325,75.075
98318,80.395,80.395,81.607,81.126,78.747,79.028,81.126,77.752,81.126,79.651,78.831,78.831,78.138,78.831,79.373,78.943,78.557,78.183,78.869,78.867,78.183
98319,79.0,78.822,80.26,80.84,77.785,79.292,80.84,81.086,80.582,77.818,78.376,78.333,79.223,78.282,78.123,78.918,79.444,80.126,79.453,79.095,80.126
98320,79.64,79.64,80.691,79.961,78.85,79.013,79.961,78.722,79.961,78.26,76.24,75.996,79.388,76.893,78.48,77.098,77.644,78.907,76.698,76.698,78.907
98321,81.283,80.886,80.886,81.78,79.449,79.405,81.78,80.675,81.78,81.228,80.277,80.175,79.715,80.175,80.068,81.079,78.95,77.481,81.896,81.835,77.481
98322,76.516,76.516,79.632,81.061,78.396,78.479,81.061,77.216,81.061,77.63,76.284,77.083,76.962,75.913,77.426,78.173,75.937,75.653,78.279,78.149,75.653
98323,79.202,79.202,78.573,77.949,77.465,76.907,77.949,77.466,77.949,79.224,77.732,77.618,79.101,77.773,79.14,80.226,79.225,78.597,79.946,79.946,78.597
98324,78.269,77.998,81.211,79.197,76.375,77.904,79.369,76.097,79.369,78.514,77.101,77.657,77.363,77.657,78.91,80.384,77.345,77.345,80.64,80.978,77.345
98325,81.308,81.019,81.308,79.564,79.497,79.229,79.564,79.69,79.564,79.726,78.277,78.277,78.917,75.998,79.569,81.451,78.917,78.917,81.495,81.214,78.917
98326,78.621,78.621,77.483,78.578,77.6,78.67,78.578,78.596,78.578,77.654,76.522,76.459,77.435,76.723,77.912,78.729,76.16,77.329,79.663,78.639,77.436
98327,77.725,77.725,77.725,80.004,76.4,76.89,80.004,76.715,80.004,77.34,77.167,77.684,76.629,77.351,77.187,79.269,76.664,76.08,79.801,79.964,76.08
98328,80.183,80.183,80.183,80.147,80.821,81.02,80.527,80.977,80.527,78.752,79.25,78.816,79.198,78.702,79.466,79.576,80.599,80.599,79.576,79.576,80.599
98329,80.367,80.367,80.102,79.268,77.551,77.435,79.268,78.5,79.268,80.606,78.481,78.36,79.445,78.217,80.073,78.663,79.04,79.511,79.175,79.175,79.511
98330,79.606,80.244,79.018,80.11,79.033,78.756,79.496,78.988,79.926,78.436,80.336,79.74,80.149,79.765,77.945,80.274,82.416,82.416,81.304,80.288,82.416
98331,77.985,77.985,80.818,80.7,78.155,78.267,80.7,78.072,80.7,79.046,77.745,77.838,75.304,77.252,78.033,78.218,76.904,75.869,77.978,77.978,75.869
98332,77.355,77.355,77.41,77.94,78.627,78.484,77.94,79.35,77.94,77.447,77.317,76.818,78.333,76.106,77.337,79.196,75.742,75.996,78.881,78.857,76.856
98333,79.472,77.283,77.283,78.194,74.491,74.994,78.194,77.261,78.194,77.611,75.68,75.305,76.082,75.305,78.005,78.987,72.961,72.909,79.03,78.751,72.909
98334,79.741,79.741,79.741,82.101,81.25,81.355,81.917,81.482,82.068,81.457,79.917,79.917,75.334,80.057,79.708,80.455,74.591,74.902,80.455,80.455,74.902
98335,80.442,80.442,80.442,81.716,79.069,80.078,81.426,81.249,81.426,79.864,80.58,80.58,79.085,81.083,80.46,80.651,78.756,78.586,80.416,80.734,78.586
98336,77.442,77.442,76.974,80.727,75.442,76.112,80.727,76.902,80.727,78.057,77.371,77.371,78.047,77.371,77.388,80.506,77.285,76.635,80.246,80.048,76.635
98337,79.12,79.365,80.897,77.312,79.071,80.702,77.312,80.168,77.312,76.802,78.446,78.076,78.386,78.076,76.39,78.267,78.102,77.692,78.893,78.64,78.057
98338,82.276,82.09,79.669,79.817,79.663,80.377,80.562,79.686,80.562,81.324,79.48,79.835,79.253,79.752,81.28,80.934,79.253,78.612,78.803,80.182,78.586
98339,76.262,78.206,78.23,79.181,75.093,74.508,79.181,74.88,79.181,74.112,73.31,73.31,76.062,73.31,74.555,79.282,73.065,73.569,78.15,78.237,75.013
98340,77.109,77.109,76.974,79.273,77.122,76.597,79.273,76.376,79.273,79.693,76.326,76.326,75.39,76.27,77.11,79.77,75.457,75.457,79.16,79.565,75.457
98341,80.5,80.5,80.294,79.549,81.15,80.262,79.549,80.574,79.549,79.961,79.828,79.828,79.782,79.828,79.929,79.58,79.52,79.52,79.619,79.774,79.52
98342,82.197,82.183,82.404,81.688,81.839,81.738,81.688,82.127,81.696,81.068,82.913,82.913,81.774,82.913,81.091,81.778,83.143,82.885,81.626,81.703,82.885
98343,73.503,75.128,75.128,73.292,73.983,73.855,75.017,73.723,75.017,74.713,74.156,73.943,73.227,75.421,74.682,75.444,73.036,73.851,75.62,75.62,73.008
98344,79.471,79.471,81.658,80.286,78.779,78.779,80.286,80.105,80.286,80.712,78.343,78.343,79.206,77.998,79.92,81.276,78.898,78.898,81.455,81.044,78.412
98345,80.17,80.17,79.821,82.394,79.819,79.412,82.494,80.132,82.494,80.769,81.885,81.885,79.357,81.661,80.638,79.65,79.357,80.406,81.028,80.177,78.144
98346,77.077,78.052,77.999,79.637,79.59,75.901,79.637,76.442,79.637,78.106,75.629,75.159,75.881,75.159,78.106,77.121,75.25,75.272,77.088,76.836,75.272
98347,79.902,80.007,79.767,80.854,76.959,75.828,80.854,78.718,80.854,79.836,77.319,77.999,78.961,76.595,79.715,80.376,79.3,78.4,79.651,79.199,78.4
98348,78.933,76.813,77.414,78.946,70.42,77.31,79.434,79.507,79.278,77.609,74.362,75.184,76.306,75.184,77.884,78.879,76.339,78.069,79.07,79.146,76.975
98349,80.521,80.521,80.521,82.735,78.636,79.527,82.735,80.623,82.735,79.647,78.81,78.81,80.575,78.81,78.947,80.379,77.526,77.541,80.272,80.216,77.541
98350,80.594,80.594,80.594,79.526,79.511,79.597,79.526,80.63,79.526,80.276,79.428,79.428,80.918,79.428,80.418,80.639,78.584,78.584,80.02,80.02,78.584
98351,76.522,77.108,77.948,79.217,75.198,75.305,79.217,76.849,79.217,78.382,78.395,78.194,79.603,79.14,77.681,78.101,79.603,79.522,78.54,78.86,79.603
98352,76.699,74.188,72.897,76.153,72.849,75.863,76.16,76.198,76.16,78.279,74.825,74.745,75.397,75.466,76.623,78.344,74.853,74.853,78.889,78.344,74.853
98353,77.137,77.608,77.501,77.538,80.427,80.793,77.538,80.202,77.538,76.097,74.882,75.004,77.359,74.753,76.984,79.56,76.213,75.664,79.269,79.269,76.213
98354,79.208,79.208,79.612,76.701,77.378,77.829,76.467,77.665,77.124,77.988,77.449,76.789,76.037,76.197,76.94,78.163,76.037,76.037,78.286,78.167,76.037
98355,80.324,81.926,80.81,81.342,77.427,77.608,81.342,78.308,81.342,79.264,82.244,82.127,79.338,81.662,79.093,83.416,78.828,78.229,83.416,83.416,78.229
98356,77.83,77.83,78.378,79.058,77.845,78.574,79.338,77.483,79.338,79.832,78.076,78.076,77.374,77.762,78.306,78.455,77.374,77.764,78.828,79.064,77.988
98357,81.729,81.729,82.666,81.971,81.266,81.362,82.275,80.766,82.275,82.038,80.292,80.292,79.489,80.292,81.35,81.719,79.607,79.607,81.506,80.888,78.571
98358,80.566,81.099,80.45,80.258,79.439,78.835,80.326,79.076,80.326,79.427,81.58,81.212,79.465,80.109,78.91,81.892,77.847,77.847,82.255,82.193,77.847
98359,78.696,78.696,80.142,75.623,77.147,75.921,75.986,73.839,75.986,78.177,76.221,76.221,74.511,74.571,78.508,80.847,76.548,74.413,80.731,80.333,74.413
98360,76.622,80.387,80.678,80.665,77.855,77.043,80.596,76.075,80.596,77.456,76.465,76.465,77.091,79.153,77.152,78.944,76.841,76.028,78.758,78.973,76.028
98361,79.607,79.607,79.607,80.203,80.13,80.411,80.1,80.64,80.1,79.123,79.878,79.878,79.264,79.878,79.123,79.537,80.281,79.682,79.244,79.236,79.682
98362,79.005,79.094,79.094,78.975,76.568,76.25,78.975,80.703,78.975,78.673,76.623,76.623,76.92,76.623,78.449,79.26,76.808,76.89,79.12,79.408,76.89
98363,76.845,79.307,79.203,79.452,77.4,76.848,79.506,78.398,79.506,75.784,76.593,76.891,76.165,76.891,75.784,79.21,75.499,76.434,79.639,79.755,76.696
98364,78.459,73.676,77.103,76.885,76.346,77.436,76.908,78.367,76.908,75.235,73.621,74.209,75.093,73.866,75.979,77.11,74.925,74.925,76.979,76.566,73.845
98365,77.409,77.127,80.254,78.338,76.852,76.085,78.517,78.843,78.517,76.441,76.852,76.852,77.615,76.852,76.848,79.413,76.389,76.389,79.526,79.229,76.389
98366,75.792,75.646,78.829,77.326,77.34,75.662,77.105,69.403,76.981,77.969,77.509,77.529,77.103,78.068,78.54,79.18,75.293,75.717,78.91,79.183,75.826
98367,80.041,79.941,81.77,80.544,79.67,79.387,80.544,78.807,80.544,79.555,79.978,79.978,80.262,80.774,79.945,81.2,79.985,80.556,82.108,82.108,80.728
98368,80.413,77.624,80.911,80.389,76.932,76.062,80.389,75.496,80.389,77.911,75.959,75.959,76.634,75.476,76.67,79.142,76.914,76.914,78.357,78.297,76.914
98369,78.459,78.447,78.447,79.214,79.002,77.255,79.044,75.49,79.422,77.438,75.328,76.447,77.483,77.018,76.937,80.035,75.989,76.2,80.542,80.194,77.149
98370,80.499,79.643,79.643,79.886,79.135,79.213,80.258,79.587,80.258,81.832,81.061,80.796,80.322,80.796,80.192,79.928,79.69,79.304,79.676,79.676,79.84
98371,80.376,79.527,79.377,80.137,77.805,79.222,80.137,80.74,80.137,80.383,78.956,78.941,78.188,78.506,78.966,80.386,78.672,78.672,80.429,80.429,78.672
98372,80.184,80.094,81.184,80.398,81.877,81.021,80.442,80.484,80.442,80.378,80.749,80.749,80.16,80.112,79.648,80.954,79.206,79.206,80.954,80.954,79.206
98373,84.829,84.829,84.556,82.948,83.185,81.279,82.948,80.309,82.948,84.747,81.94,81.304,81.158,80.928,83.397,83.084,78.876,77.433,82.57,82.194,77.433
98374,79.65,79.65,78.859,82.168,80.348,81.657,82.444,82.424,82.444,79.711,79.694,79.438,78.672,79.725,79.613,81.651,81.185,81.185,81.651,81.651,81.185
98375,81.79,80.202,80.289,81.391,81.416,81.243,81.391,81.431,81.391,78.863,78.324,78.324,78.05,79.847,79.065,80.828,77.188,77.148,81.766,81.306,77.148
98376,80.346,80.346,80.346,81.094,79.962,78.963,81.094,78.674,81.094,79.134,76.829,77.319,79.662,77.319,79.619,81.717,78.725,78.725,81.431,81.717,78.725
98377,79.987,79.901,79.74,79.85,79.427,81.419,79.817,81.681,79.817,78.513,80.229,80.229,77.726,80.024,78.588,80.733,77.999,77.397,80.934,80.534,77.397
98378,81.538,81.538,81.622,81.224,79.178,79.724,81.224,81.82,81.224,78.861,79.664,79.625,80.624,79.625,80.449,81.243,78.815,78.815,81.488,81.488,78.815
98379,81.592,81.395,82.564,82.353,80.222,80.051,82.353,80.679,82.353,80.037,80.921,80.646,81.36,80.814,80.158,79.3,80.53,80.53,81.192,81.243,80.53
98380,82.33,81.532,81.776,81.487,81.493,81.082,81.178,81.089,81.178,80.336,79.748,80.022,80.571,79.783,80.514,81.449,79.956,81.156,81.461,81.461,81.156
98381,76.635,76.728,76.791,78.086,76.207,78.901,78.086,77.903,78.086,75.162,76.429,76.758,76.965,76.124,75.196,79.303,75.547,75.248,79.571,79.081,74.924
98382,79.161,79.161,80.257,77.819,80.286,79.879,77.819,80.799,77.819,79.034,77.06,77.325,80.223,77.767,79.012,79.371,77.923,76.878,79.927,80.012,76.878
98383,82.666,81.897,81.135,80.737,79.298,79.492,80.914,79.643,80.914,78.06,79.28,79.28,79.874,79.333,77.804,81.701,79.879,79.583,81.696,81.65,79.879
98384,81.197,80.811,80.811,82.376,80.178,80.038,82.266,80.91,82.266,81.53,79.648,79.648,79.729,80.008,81.177,82.589,80.185,80.185,82.175,82.126,80.185
98385,77.133,77.133,77.133,78.143,76.926,78.532,78.392,78.734,78.392,77.805,77.101,77.615,76.527,77.621,77.69,78.226,76.527,76.401,78.226,78.226,76.401
98386,75.837,75.837,75.837,76.87,76.454,74.596,76.87,74.981,76.87,79.738,79.859,79.847,75.215,77.073,79.171,79.926,77.143,77.143,79.489,79.479,77.143
98387,80.877,81.017,80.186,81.984,76.26,76.033,80.619,79.127,80.619,79.723,78.926,78.926,80.609,78.636,80.347,80.713,74.115,74.115,81.223,81.123,72.644
98388,83.07,80.319,79.148,80.307,81.653,81.187,80.307,82.484,80.307,80.102,81.953,81.953,82.031,81.858,82.014,82.086,80.918,80.918,82.171,82.171,80.918
98389,82.077,79.729,81.463,79.107,80.315,80.98,79.107,82.056,79.107,80.012,77.975,77.975,80.423,78.987,79.61,81.19,79.053,79.805,81.098,81.098,79.805
98390,81.543,81.543,81.543,81.038,80.689,80.281,80.919,81.19,80.919,81.414,79.594,79.449,80.823,79.453,81.087,81.118,81.11,81.11,81.696,81.149,81.11
98391,78.797,78.994,78.994,79.228,79.25,79.652,79.228,81.118,79.228,79.256,77.7,77.7,78.568,77.479,78.399,80.716,78.478,78.478,80.26,80.713,78.478
98392,78.981,78.981,79.442,79.125,76.568,75.919,79.126,79.378,79.126,77.17,75.976,76.198,76.185,76.094,76.86,79.358,76.923,76.115,79.113,79.181,76.254
98393,77.326,77.326,77.326,77.942,76.859,77.162,77.942,79.542,77.942,77.801,77.452,77.452,76.06,77.634,76.761,78.021,75.632,75.632,78.115,78.115,75.632
98394,73.742,75.25,75.25,76.508,73.96,73.976,76.508,74.159,76.508,77.031,74.786,74.689,73.03,73.288,74.819,76.657,74.841,74.191,76.367,76.651,74.191
98395,80.514,80.514,80.514,80.222,81.316,78.751,80.222,79.596,80.222,78.152,79.205,79.205,78.697,79.205,77.745,79.34,78.942,78.942,79.625,79.625,78.942
98396,79.289,78.588,78.642,79.908,80.271,78.794,79.908,78.414,79.908,76.767,76.196,76.196,77.467,76.716,77.104,80.002,77.356,77.923,79.896,80.043,77.091
98397,79.086,79.411,79.19,78.872,75.675,75.666,79.327,75.885,79.327,79.244,77.464,77.952,76.224,78.284,78.578,79.5,78.186,78.345,79.809,79.5,78.345
98398,79.704,79.37,78.909,79.703,75.56,76.566,79.106,76.74,79.106,78.797,80.694,80.74,77.442,80.289,77.915,81.025,77.895,77.895,80.89,81.025,77.895
98399,77.73,75.676,75.676,77.7,74.771,74.29,77.7,73.213,77.7,77.638,75.142,75.142,73.558,75.142,77.76,77.492,73.558,74.698,77.492,77.492,73.753
98400,76.468,75.642,79.793,80.06,78.718,78.614,80.06,78.717,80.06,77.053,76.652,76.652,76.062,76.652,77.053,81.13,76.195,76.11,81.329,81.13,75.754
98401,80.317,77.487,78.154,78.834,79.778,79.778,78.834,79.259,78.834,79.316,79.906,79.906,78.413,79.726,79.138,79.027,79.092,79.092,78.672,78.45,79.092
98402,84.691,84.617,84.124,83.923,84.719,84.353,83.923,83.554,83.923,83.884,82.748,82.748,83.437,82.595,83.5,83.953,83.625,82.018,83.508,83.508,82.018
