Position,True Label,id,CVDoorDash PM Score,Cleaned GPT-4o Conversation-Improved CVDoorDash PM Score,Cleaned Twice GPT-4o Conversation-Improved CVDoorDash PM Score,GPT-3.5 Improved CVDoorDash PM Score,GPT-4o Conversation Improved on GPT-3.5 Improved CVDoorDash PM Score,GPT-4o-mini Improved CVDoorDash PM Score,GPT-4o Conversation Improved on GPT-4o-mini Improved CVDoorDash PM Score,Will Manipulate
"2D artist, UI/UX designer, game designer",0,72e9c3e6-05f3-5c29-88b2-24048228eaf1,77.283,77.72,77.467,76.596,79.657,77.829,78.581,True
"2D artist, UI/UX designer, game designer",0,72e9c3e6-05f3-5c29-88b2-24048228eaf1,77.283,79.134,78.956,78.558,81.476,79.343,79.731,True
"Art-director, Graphic Designer, UI/UX Designer, Photogrpher",0,59f57fb4-2693-5626-a800-25f8b07dcc95,76.478,77.406,77.301,78.496,78.949,79.813,78.766,True
"Art Director, Head of Design, Design Lead, Senior UI/UX Designer, Logo creating, Mobile App Design",0,bb923ed5-24e7-512e-a6d5-926715be4c30,77.73,78.668,80.373,79.558,79.516,79.057,80.644,True
Art director or UI/UX Designer,0,decee70e-7891-55ac-8df7-56ffd26825dd,78.287,78.45,77.869,79.528,80.908,78.597,80.019,True
"Art Director, UI/UX designer",0,dd3217b5-12ca-5c00-b2e8-8aac6e2a7fd1,80.947,80.775,80.58,79.838,79.971,82.182,81.711,True
Brand Designer | Middle Graphic Designer | Strong Junior UI/UX Designer,0,746c07d4-e382-5416-86e7-998f49ffe038,77.215,79.86,79.962,78.53,79.449,79.472,79.631,True
Brand identity & Ui/Ux Designer,0,c046c05e-f625-520e-8b50-e3007a7c5cdf,76.546,76.941,76.332,77.722,77.492,78.84,79.2,True
Creative Director / Lead UX/UI Designer,0,4f19123b-d916-54c2-a138-5e9febf51dcf,80.245,82.043,82.308,80.045,79.079,82.53,82.727,True
Creative UI/UX Designer,0,ada22164-9cf6-514a-91b7-bd9b04998eef,78.54,79.292,79.364,78.453,80.813,77.889,79.099,True
"Designer, web designer, UI/UX designer",0,5a0a2240-1a98-53d6-98fa-e670b148b73f,76.118,75.961,75.191,76.132,75.127,74.569,75.142,True
Design Lead/ Art Director/ Senior UX/UI designer,0,b8a5411a-ac23-599e-ada0-e100481f73bc,80.955,79.763,79.92,79.624,81.446,83.013,82.375,True
Design manager / Lead Product Designer / UX/UI Designer,0,a05f865a-6b1f-581e-83cf-f60ed0d75b1d,84.476,86.701,86.398,83.679,84.609,84.29,84.336,True
"Design Manager, Lead UI/UX Designer",0,fa43d2a5-208f-5062-b335-23998329a6b9,78.539,82.988,83.225,80.526,82.617,81.708,81.016,True
"Design team lead, graphic designer, ux/ui designer",0,e5c3f817-38d9-51c6-8285-fc3ec884feee,82.364,83.237,82.572,81.271,80.297,81.463,82.212,True
Digital 2D Artist & UI/UX Designer,0,07930a7b-b7b9-553a-b562-abb31bb3782e,77.392,76.966,76.019,80.065,82.51,80.566,80.464,True
Digital designer/ UI/UX Designer/ Webflow Designer,0,706c1160-8b97-5574-9c9b-a74b79ac709f,79.996,82.506,82.162,80.437,82.727,80.587,80.617,True
Digital Graphic & Ui/UX Designer,0,83f0c172-2f5c-5702-a663-adff7a45034f,77.748,77.635,78.148,77.215,78.662,76.411,76.966,True
Djunior UI/UX Designer,0,51f21642-bae9-5a7d-9a9b-12b799ab53a8,78.854,79.111,76.821,79.527,80.198,82.212,81.395,True
Junior UI/UX Designer,0,98be96a6-245c-54e7-b3e6-c6a5fad12537,80.114,81.0,81.146,74.115,80.773,80.574,79.688,True
Junior UI/UX Designer,0,97a4fa8a-88ff-5a83-be01-8ee7c11c7d46,81.584,81.572,81.404,81.042,81.104,81.495,81.828,True
Junior UI/UX Designer,0,4ea3179c-9193-5474-a0ed-1fcee4133179,79.314,79.16,79.204,80.393,80.267,80.633,80.55,True
Junior UI/UX Designer,0,9c33c74a-e2b8-5d0a-8000-9c696ffc6d4f,81.127,81.511,81.041,78.352,80.599,81.591,81.397,True
Junior UI/UX Designer,0,4dc787b3-b034-5276-a35b-d5a2e322fb18,77.864,78.701,78.552,75.932,78.545,77.687,77.344,True
Junior UI/UX Designer,0,76e81ee9-4734-54da-a673-644dc88466cc,75.569,77.447,77.496,75.957,80.363,78.305,78.173,True
Junior UI/UX Designer,0,ae41fbc0-42fe-5fd3-90f2-072986562f29,77.646,80.732,80.507,78.945,79.14,80.654,80.025,True
Junior UI/UX Designer,0,e51bf45a-9022-576e-b30e-26c49207dcf9,76.594,79.526,79.23,76.014,76.724,79.917,79.531,True
Junior UI/UX Designer,0,6ddbe81b-5983-5b49-8111-3bd600e5a6a4,76.097,78.94,79.578,78.197,79.195,79.428,78.854,True
Junior UI/UX Designer,0,2c485953-00eb-5544-9d53-f45510249a3d,82.312,82.709,82.944,83.517,83.818,84.307,84.096,True
Junior UI/UX Designer,0,156dee66-f1d4-5c34-aeec-f6dbc62a0052,80.004,79.779,80.162,80.128,83.217,80.553,80.83,True
Junior UI/UX Designer,0,cdfd88ee-03fa-58b2-bcb5-07997246b436,79.162,82.839,82.093,81.121,83.379,82.342,82.479,True
Junior UI/UX Designer,0,2fe2428e-5b63-54e6-b280-f612d691f1a3,78.694,82.205,81.765,78.883,78.808,82.865,82.437,True
Junior UI/UX Designer,0,d45a6fc9-116d-52cd-9bc5-80d2555f89f6,81.029,81.357,81.192,81.433,81.327,82.651,83.021,True
Junior UI/UX Designer,0,5eda3840-643e-5591-a26e-aa131aab2645,77.209,79.092,80.101,78.228,78.974,78.145,78.35,True
Junior UI/UX Designer,0,c8800bb2-d306-52e0-b166-b85a88a99198,77.953,81.736,81.103,78.645,77.775,79.024,78.856,True
Junior UI/UX Designer,0,b6b2b299-ea8d-52e4-95df-07052cc11dee,81.085,82.154,81.862,78.155,76.464,80.601,80.868,True
Junior UI/UX Designer,0,52e35922-ae87-5bc4-9675-aebac0fc0084,75.171,76.464,75.81,75.534,75.379,75.91,75.594,True
Junior UI/UX Designer,0,ab4458ce-0408-5263-9d39-034faafe595b,77.999,80.136,80.33,79.345,79.748,79.746,79.47,True
Junior UI/UX Designer,0,e12535ec-8ab2-5363-88a5-35b33111b8f2,78.895,81.469,81.323,79.834,80.782,81.232,81.223,True
Junior UI/UX Designer,0,9c5e4097-98bc-5414-bf29-beb030d8298c,78.46,79.638,79.906,80.517,81.2,81.004,80.873,True
Junior UI/UX Designer,0,21069954-bf80-566f-adbd-5f2ea97c4a66,77.536,76.845,76.884,77.019,76.51,77.482,77.61,True
Junior UI/UX Designer,0,dfa536e5-c732-5b4a-8cd2-252f61d95515,75.097,78.644,78.77,80.474,81.155,79.02,78.832,True
Junior UI/UX Designer,0,f5dd5e77-80d7-5b5e-8e5a-e83eb4698ea7,78.225,79.229,79.052,79.965,80.294,81.025,81.018,True
Junior UI/UX Designer,0,2b00576e-f418-584a-b8d2-f7593ce880f3,80.351,79.854,79.603,77.768,80.546,82.164,82.234,True
Junior UI/UX Designer,0,5c759407-3e8b-50d8-8883-7e76f3ecabb7,77.803,78.895,78.868,78.955,79.205,81.488,80.615,True
Junior UI/UX Designer,0,056ff5a8-eeb2-5ec0-abc3-7f637f798f9c,76.851,81.291,80.878,75.288,74.866,79.78,79.514,True
Junior UI/UX Designer,0,a6f77bdc-2691-5f93-a49e-45e609c457eb,78.103,78.674,78.523,79.048,79.385,79.516,77.837,True
Junior UI/UX Designer,0,52af0e09-30cd-5c2e-882e-6eb18a11cbd7,80.713,81.553,82.109,78.873,79.937,81.626,80.76,True
Junior UI/UX Designer,0,635a8292-0155-514e-9a5d-21bca9545d86,78.687,77.888,77.957,79.876,80.796,81.427,80.701,True
Junior UI/UX Designer,0,ddb222fb-b8e1-551a-8956-73e9830fdf7d,80.757,78.792,80.974,80.271,80.93,82.403,82.345,True
Junior UI/UX Designer,0,166d832d-1815-509a-aaf3-9953337f02c2,79.192,79.967,79.728,77.027,78.198,80.224,79.93,True
Junior UI/UX Designer,0,95052812-cd5a-5ae7-ba61-e6b9f4a10ab7,80.731,80.941,80.998,82.271,82.041,82.444,84.064,True
Junior UI/UX Designer,0,dec5dfb0-b117-5ec5-839b-866fe3039bf7,79.489,79.373,80.925,79.722,83.434,82.277,82.245,True
Junior UI/UX Designer,0,8d1adbc4-5625-5007-8996-3e99b01a7568,80.408,77.866,77.276,78.0,80.111,79.762,80.808,True
Junior UI/UX Designer,0,58eb2db8-7917-53f1-a449-892aa6b1534a,76.974,78.696,79.69,77.54,81.651,80.207,80.407,True
Junior UI/UX Designer,0,adcd869b-63bf-5575-8c17-3c838ef53047,77.675,77.695,77.076,79.547,78.195,78.399,78.061,True
Junior UI/UX Designer,0,b0bab3fc-e812-51db-a5b7-8222603b3e6f,79.123,77.266,77.329,80.393,79.483,78.545,78.581,True
Junior UI/UX Designer,0,ac6a2fe6-4ee5-5059-a71d-2469002a292d,78.868,79.177,79.38,77.883,76.266,80.628,80.015,True
Junior UI/UX Designer,0,e5b4d3e8-cb58-52b7-b177-5fa8d2efb317,78.099,78.835,79.096,76.487,79.294,77.528,77.675,True
Junior UI/UX Designer,0,a86914aa-b3af-5140-9a2e-5a80aea471d3,75.099,77.299,77.495,76.648,76.677,79.804,79.565,True
Junior UI/UX Designer,0,58b87915-1bb3-56b9-92c5-43b0f8556e1f,77.933,79.29,79.167,75.5,76.408,76.625,76.323,True
Junior UI/UX Designer,0,71685d09-6e2c-57d9-930b-e236792e76fd,78.92,77.575,77.595,77.917,78.865,80.026,79.738,True
Junior UI/UX Designer,0,c99ce9dd-b9aa-5619-98e7-c8fe48713a08,79.16,81.548,81.904,81.43,81.432,81.241,81.019,True
Junior UI/UX Designer,0,e6199a6b-abcc-5969-a809-8f1a44358052,77.037,78.044,76.652,75.226,74.758,79.84,79.978,True
Junior UI/UX Designer,0,342d412b-84a5-5574-97f7-4aa75bbe3e7f,78.772,79.501,80.757,80.97,81.098,81.409,81.464,True
Junior UI/UX Designer,0,f64051de-4dfb-5fc8-95a8-8cd968809847,78.761,76.708,77.108,79.075,80.722,79.17,79.042,True
Junior UI/UX Designer,0,4956573a-41e6-53e2-840e-cc9dababec3d,80.218,80.034,79.942,81.796,81.636,81.649,81.658,True
Junior UI/UX Designer,0,dcf07bfb-f3d6-579b-9120-03120c7653bb,80.094,78.952,78.899,81.318,81.882,79.529,81.221,True
Junior UI/UX Designer,0,57c3ab8e-b822-5896-8fcc-4903a434cb51,78.677,78.535,77.472,77.995,77.586,78.872,78.52,True
Junior UI/UX Designer,0,92480f90-2777-5b8d-8e01-105dd73a7012,77.904,79.398,80.339,79.971,80.12,80.809,80.516,True
Junior UI/UX Designer,0,c08a31bd-8666-557c-a18a-9070b7fc51e6,76.768,77.904,77.367,77.962,78.478,79.722,79.962,True
Junior UI/UX Designer,0,10b79cb9-c5af-53a0-9cff-e72459441b3d,79.451,78.256,78.919,79.981,81.243,81.031,81.111,True
Junior UI/UX Designer,0,12b22df5-d2b7-5962-9ca6-773a1b3c2c1e,79.861,82.169,81.384,78.338,80.219,80.769,80.66,True
Junior UI/UX Designer,0,6d7c8276-72aa-5a3d-84c3-1ca345026a68,79.212,78.447,79.279,78.568,79.154,81.881,81.872,True
Junior UI/UX Designer,0,1e797519-41ca-5195-bfde-20d52a5b4dfb,77.271,77.336,77.918,76.863,76.657,79.217,79.696,True
Junior UI/UX Designer,0,857031a2-b0c9-585b-bb09-478ded57f385,78.257,77.115,77.321,75.922,77.433,78.854,79.231,True
Junior UI/UX Designer,0,bc923d3f-4ad4-568e-8863-2e77c4926124,77.287,80.44,80.751,79.444,78.424,79.634,79.934,True
Junior UI/UX Designer,0,eee791eb-d6fd-5cd3-93ff-7332339afed9,80.113,80.549,80.182,79.419,78.968,81.765,81.316,True
Junior UI/UX Designer,0,98228c56-73cf-52d4-8514-d7807faedd28,77.247,79.435,79.229,76.655,82.459,81.551,81.188,True
Junior UI/UX Designer,0,d466fea7-bee3-5131-b2c4-58629b41ee8b,77.938,76.895,76.808,77.143,77.723,78.717,78.836,True
Junior UI/UX Designer,0,8bcf6e00-712f-50a1-aa3c-5c2f278fd0ea,78.791,78.736,78.736,78.264,79.256,80.126,80.099,True
Junior UI/UX Designer,0,05f74ffa-e3ff-5f2b-8361-9d79c9c24914,78.545,76.548,76.862,80.641,80.649,80.523,80.635,True
Junior UI/UX Designer,0,d8f5c5f5-b759-573a-a948-5f49051b465b,79.013,81.07,80.877,78.368,81.959,82.606,82.136,True
Junior UI/UX Designer,0,07ac9f18-2b5d-5692-89c3-220e8a79dac9,79.128,79.109,79.397,76.154,79.765,80.651,81.131,True
Junior UI/UX Designer,0,a98468a1-9361-5552-9834-dcbe9d10b524,80.939,79.388,79.472,79.386,80.041,81.403,80.748,True
Junior UI/UX Designer,0,d2815c6e-dbba-523a-b6fa-c498d384cd33,77.852,78.261,78.271,78.161,78.908,81.371,80.818,True
Junior UI/UX Designer,0,b45bdc86-ccb0-5ac2-8c5f-e8f0692f9490,77.059,78.022,77.821,79.484,79.685,79.927,79.44,True
Junior UI/UX Designer,0,f9c83f6d-2e4c-58cb-8a59-ea643bddc21f,79.265,80.865,80.298,81.119,80.477,80.58,80.199,True
Junior UI/UX Designer,0,5fe0b9c8-2109-5ba1-aee2-2241d044b28c,78.457,78.77,78.385,77.359,79.647,81.327,81.207,True
Junior UI/UX Designer,0,8431fb90-eb5f-580b-a8cb-a17ce6c070c3,80.483,80.962,80.559,78.841,79.246,80.226,79.641,True
Junior UI/UX Designer,0,cc05d394-8991-50a6-9ac2-c8ee0cc660c5,82.292,82.143,81.954,82.784,82.728,82.44,81.834,True
Junior UI/UX Designer,0,93deac8f-8a66-5246-a19a-7ac70279817c,79.561,81.01,81.295,76.936,78.231,80.314,80.384,True
Junior UI/UX Designer,0,71109822-db93-5fd7-9c1f-da4903b7bbb5,78.194,77.646,77.744,77.724,77.78,82.562,82.71,True
Junior UI/UX Designer,0,4ca8e62d-5945-52fa-a47a-f0e00fe68c41,77.359,78.197,78.063,78.041,81.755,80.588,80.964,True
Junior UI/UX Designer,0,d0fc23c6-0c99-5f54-8aff-e85ce95a2390,78.673,80.791,79.839,78.754,79.959,79.801,79.954,True
Junior UI/UX Designer,0,4ec62654-15b3-58bd-835f-fcf975bb0abb,77.387,80.28,79.905,79.182,78.637,80.03,78.811,True
Junior UI/UX Designer,0,27d988de-9648-5524-bcd7-1cc497dca3b9,79.101,79.601,79.636,80.582,78.67,79.726,79.612,True
Junior UI/UX Designer,0,b78bb3ff-01ed-5f02-9a47-626bb7605f23,80.659,81.045,81.012,80.725,79.842,81.622,81.461,True
Junior UI/UX Designer,0,edc61807-fe38-5a95-8e75-57c884095f1c,80.313,78.799,79.68,81.339,79.26,82.395,82.828,True
Junior UI/UX Designer,0,f8dffd3b-5123-5aba-a229-a49486154d04,81.132,80.514,80.32,81.047,82.153,80.654,81.088,True
Junior UI/UX Designer,0,2f1ebfb3-6cae-521c-bc29-1f4d8e2f1a6d,77.774,80.674,80.74,80.277,81.205,81.053,81.064,True
Junior UI/UX Designer,0,7685a858-5b79-5f3a-81dd-898ae6177b8b,79.288,77.685,78.488,78.626,79.801,82.245,81.374,True
Junior UI/UX Designer,0,57482de9-3f90-5a78-bac1-6e821683f603,78.174,80.567,80.806,78.116,79.041,77.745,79.497,True
Junior UI/UX Designer,0,193ab0f0-278d-5d11-af86-17542b5f0fbf,80.854,79.876,80.081,76.869,78.847,80.548,80.397,True
Junior UI/UX Designer,0,2ed40884-117f-57e7-967d-5c71f6109564,79.397,81.012,80.715,79.826,81.816,80.011,80.899,True
Junior UI/UX Designer,0,b0540b72-6a3e-52fb-a08a-c5df2ab8f0d2,77.579,79.644,79.5,79.779,81.317,81.171,81.287,True
Junior UI/UX Designer,0,96a4560e-0d47-5c67-bb09-6b20d5408be1,81.29,79.651,79.347,83.59,83.423,83.031,82.959,True
Junior UI/UX Designer,0,daf1b6b7-18f9-5b72-9660-34eed8b305e7,80.311,81.447,80.922,80.519,78.446,80.964,80.583,True
Junior UI/UX Designer,0,e1ac6ac4-eb93-5a7f-96eb-cb90feac8dfd,78.976,79.536,79.654,78.259,79.197,79.992,79.234,True
Junior UI/UX Designer,0,6db40296-42f3-5d96-91f6-03f758d2daf2,79.054,80.567,80.825,78.729,80.286,82.457,82.078,True
Junior UI/UX Designer,0,f537c557-11d1-5810-989b-74448c5898ea,81.132,80.036,79.569,81.976,82.576,80.489,79.732,True
Junior UI/UX Designer,0,88028434-4cc0-53f2-952c-10e997372458,77.614,80.069,79.73,77.904,76.648,77.732,77.669,True
Junior UI/UX Designer,0,1525cca2-da61-554f-86c0-f19e5a25db62,77.623,79.178,78.522,78.955,79.186,81.564,81.326,True
Junior UI/UX Designer,0,f9f71815-ad3d-5e73-8ad9-a8daac0eec9b,77.837,80.139,80.335,79.402,80.173,80.196,80.555,True
Junior UI/UX Designer,0,94e67757-3073-52a9-8922-3ae9c1857f74,78.983,82.064,82.493,81.606,82.965,79.789,80.821,True
Junior UI/UX Designer,0,c0ff91c7-3543-59bc-8a28-bf2b97b4f6b4,77.646,77.462,77.445,78.376,79.625,78.357,79.89,True
Junior UI/UX Designer,0,d3f8292f-4747-54a2-a0ce-ed38e5bbd4c4,77.525,79.121,79.732,79.289,80.802,80.698,80.331,True
Junior UI/UX Designer,0,c25c773d-60e5-5719-a959-6dd00a6295fb,82.255,81.409,81.51,81.011,79.155,80.964,80.526,True
Junior UI/UX Designer,0,3fbff7bd-9e8c-5e73-8e64-aa140b12dc32,81.437,81.05,79.668,81.463,80.278,81.254,82.066,True
"Junior Graphic Designer, Junior UI/UX Designer",0,5d678b0c-37e2-5eae-a6d2-9b6ad09911ab,77.46,78.55,78.734,80.414,80.228,80.338,79.858,True
Full Stack UX/UI Designer and WordPress Web Developer,0,fe07447b-f11e-57f3-a2ba-0b3a4b91f478,79.229,80.44,80.715,80.114,80.278,80.564,82.418,True
Game UI/UX Designer,0,7d5d5139-d478-5cee-a1c9-9324506147e0,76.062,78.949,78.664,77.245,79.256,77.553,78.66,True
Game UI/UX Designer,0,e41c7eea-8383-50c4-911f-3c7aec377eea,76.857,78.047,77.9,77.05,78.464,77.314,76.921,True
Game UI/UX Designer,0,46759386-58e7-53b6-bfeb-d8100225f718,80.072,80.301,79.81,79.657,80.087,81.169,81.374,True
Game UI/UX Designer,0,d426a4e8-2767-5b11-8b74-7497f1c023e8,76.806,77.058,77.223,76.381,76.382,77.476,77.154,True
Game UX/UI Designer,0,9d0e7bf9-9338-5afe-bd98-5d2f00d8a188,77.334,80.851,80.012,79.659,79.912,78.944,78.626,True
Game UX/UI Designer,0,d5c69e24-3944-5d28-9f94-8d3195eca104,78.529,79.49,78.996,79.131,78.034,79.143,78.005,True
Graphic and UI/UX Designer,0,32a2e760-f9d7-5da6-af00-0ecd50264f09,75.226,77.752,77.051,76.491,76.722,78.829,78.601,True
Graphic and UI/UX Designer,0,8a36386d-171a-543e-aea9-7e550b9a143e,76.863,79.499,78.511,76.692,78.164,79.311,79.811,True
Graphic and UI/UX Designer,0,74505a22-df4d-5107-acfc-e60e5e021a73,77.215,77.261,76.899,78.106,78.975,79.665,80.022,True
Graphic and UX/UI designer,0,66595a13-8408-5099-a219-e62ba4b9ba6f,76.509,76.339,77.596,77.315,77.783,78.076,78.051,False
Graphic Designer and UX/UI Designer,0,c393120f-1796-5714-b207-80fd03c73968,76.928,78.041,77.35,75.762,78.058,76.63,76.697,False
Graphic Designer and UX/UI Designer,0,e51027b3-527e-557a-9cfc-84a80eba85fb,76.525,81.1,81.05,77.627,80.52,78.628,79.017,False
"Graphic designer, Illustrator, UI/UX designer",0,19c48c72-6971-57ac-aabb-5576269c7f1e,81.081,81.246,81.128,79.248,80.741,79.036,79.78,False
"Graphic Designer, Junior UI/UX designer",0,98e79c9c-82c1-5f97-94f1-ce2edc6d617c,82.061,81.702,82.519,81.281,81.083,81.417,81.638,False
Graphic Designer / Junior UI/UX Designer,0,d37b7976-a983-5499-91b8-a230224d2e19,76.233,75.289,74.328,74.584,75.089,75.296,75.838,False
"Graphic Designer, Junior UI/UX Designer",0,ab385698-fa94-543b-9e0f-c6e406fcd6ec,74.475,77.155,77.277,72.122,76.892,76.956,77.006,False
"Graphic designer, Junior UX/UI Designer",0,816ca7eb-54fc-5525-9799-c79512d77d33,78.551,78.835,78.348,78.64,78.34,80.131,79.822,False
"Graphic Designer, UI/UX designer",0,3a44a198-cff6-57db-839b-3044dea23172,81.638,81.897,82.398,79.562,80.728,81.54,81.537,False
Graphic Designer & UI/UX Designer,0,8307b769-4420-5e05-87ab-b062d2bc7661,78.71,80.515,81.34,80.296,80.619,79.558,80.078,False
Graphic Designer / UI/UX Designer,0,cb5c30ed-5925-5355-ba40-71837ed7faf0,76.834,79.051,79.359,78.06,78.588,79.992,79.141,False
Graphic Designer |  UI/UX Designer,0,143f30c9-97f3-560a-b8b1-c88b3632e151,75.423,77.991,77.785,76.093,77.089,75.895,76.125,False
"Graphic Designer, UI/UX Designer",0,6d87a98e-3a87-5038-852a-082490d57b4b,83.65,83.546,83.319,81.144,82.63,82.268,82.78,False
"Graphic Designer, UI/UX Designer",0,876acbc2-8017-5b62-9ce5-aae7321d9d6c,76.132,78.024,76.745,77.775,79.166,77.17,78.123,False
"Graphic Designer, UI/UX Designer",0,8846fe59-8ec2-50ae-b34b-dc2cd1935c59,76.526,76.493,76.69,75.854,75.51,76.077,74.841,False
"Graphic Designer, UI/UX Designer",0,5b34fa56-8f6e-5301-89e6-c3326db3f32f,77.659,79.432,79.12,78.899,78.946,80.058,79.88,False
"Graphic Designer, UI/UX Designer",0,82cc41f1-2b3c-5820-aaac-343e89fa39ff,77.46,79.713,79.096,75.235,79.792,80.299,80.214,False
Graphic Designer / UI/UX Designer / 2D Artist,0,b8294749-88f1-5d0c-8ad7-54cc2a2655b5,73.895,77.043,76.158,73.412,76.213,74.035,78.533,False
"Graphic Designer, Ui/Ux Designer, Marketing Designer",0,060c58f6-52db-50fe-8bb9-4b9afe9b36fa,84.541,84.688,84.334,80.416,79.667,83.301,83.441,False
"Graphic Designer, UI/UX Designer, Product Designer",0,ef7f66c0-c290-5f0f-9f1c-ef1f9abfba41,76.591,79.963,79.94,76.955,78.213,77.714,80.95,False
Graphic designer | UX/UI Designer,0,bd8e5c52-d3d2-55c8-8e05-0f08dd7c966e,78.985,81.36,81.561,78.123,79.416,79.547,79.619,False
"Graphic designer, UX/UI Designer",0,2c08f722-b701-556f-a5b0-bf8378665573,75.972,78.127,77.771,75.073,76.499,76.228,77.739,False
"Graphic designer, Web designer,UI/UX designer",0,d00aab6a-1c56-53ba-9b0f-dca939c4606c,75.508,76.821,76.667,75.661,76.852,76.918,76.983,False
"Graphic designer, Web designer; UX/UI designer; Visulal designer; Artist illustrator",0,1aa3613b-bc0d-59f3-81ff-f60b76b4b0cb,78.987,81.381,80.045,76.907,80.291,82.885,83.671,False
Graphic designer Ó€ UI/UX designer,0,28e3d054-ccf3-5933-96a0-137126f9f2a6,76.343,77.057,76.632,74.991,74.064,77.967,78.401,False
"Graphic, UI/UX designer",0,5e59e902-7560-51a3-ad26-14d1a10f9713,78.002,77.989,78.437,76.827,80.179,80.431,81.286,False
Graphic & UI/UX Designer,0,13e9556c-b1ca-5f8d-a72e-f546e0d0c180,78.251,80.269,80.201,77.855,80.156,79.373,79.268,False
"Graphic, UI/UX Designer",0,7f5de827-e896-5e82-8eb7-95915719dce4,77.45,78.719,78.542,78.489,80.38,80.318,79.734,False
Graphic/UI/UX Designer,0,3f538399-cb38-5e69-a480-665911f17781,80.468,83.041,82.661,82.336,81.254,81.235,81.12,False
Graphic & UX/UI Designer,0,e1e9c623-6940-5876-a4f2-a59f81f1a8fc,75.273,76.195,76.939,76.576,80.728,78.33,78.397,False
Graphic & UX/UI Designer,0,5fa4abe2-2917-5245-a7c3-08359623ffc4,79.458,80.178,79.889,77.032,76.571,81.643,81.358,False
"Graphic, Web, UI/UX Designer",0,11b76825-f4e0-5cf1-910c-e20ca529de72,79.29,79.044,79.003,78.332,78.457,80.412,80.071,False
Head / Lead / Sr. Product UI/UX designer,0,72770d0e-3cc2-5b3f-878b-b024c9cfd162,81.815,83.322,83.095,81.776,82.28,83.381,82.584,False
"Head of Design, Art-Director, Lead UI/UX Designer, Senior Product Designer,",0,93e7a9f2-e8ef-57a8-942b-23623ca89042,81.32,83.624,82.204,81.971,83.284,83.12,82.982,False
"Head of Design, Lead UI/UX Designer",0,5307b543-66b5-5a59-90ca-ba6bfd18cc05,82.767,84.374,83.816,82.172,82.27,83.867,83.598,False
Head of Design | Team Lead | UX/UI Designer,0,ce742945-1e47-55b9-91f2-18936f407d6d,77.524,80.156,80.816,78.997,81.64,80.276,80.564,False
junior/trainee UX/UI Designer,0,28651767-8350-5e0d-ac08-9e2d20e9d8c4,75.28,78.177,77.918,76.487,78.641,78.84,78.714,False
Junior-Trainee-UX/UI Designer,0,1973a91f-e269-583c-a1fd-c0ead26580e7,75.664,79.423,79.771,76.375,76.547,77.964,76.691,False
junior UI/UX Designer,0,e2d6febe-04ce-5a18-895f-fd64225d4f64,77.034,79.223,79.418,77.996,79.27,80.333,79.507,False
Junior ui/ux designer,0,73ebb6c2-7dd2-57a0-bcde-8b8bff65ded7,77.903,80.508,80.687,78.076,80.967,81.082,81.794,False
Junior ui/ux designer,0,ed551cf3-5f7e-5018-ad55-df8d0acfeda3,74.793,80.678,80.617,78.598,81.512,81.493,81.235,False
Junior ui/ux designer,0,3df2cbf0-cfe1-5a57-aecc-eeb90a00b3d1,78.654,78.603,78.527,76.462,78.035,78.738,79.562,False
Junior Ui/Ux Designer,0,1de1fbd0-9e94-5483-a906-1895a63827f9,79.207,78.694,78.495,80.41,80.67,77.906,77.321,False
Junior  UI/UX designer,0,1d408a35-d083-51e7-9c1d-70c9cab1e04c,77.901,81.875,82.127,78.142,78.449,80.751,80.469,False
Junior UI/UX designer,0,8f653d9b-d9c7-5160-bbdb-15884b158b4b,78.369,81.899,81.549,77.746,79.531,80.514,81.126,False
Junior UI/UX designer,0,d7d8fb06-e0f6-50a6-b68a-b6460b308bac,76.881,79.553,79.206,77.203,78.164,76.623,77.795,False
Junior UI/UX designer,0,61a2d899-1a6a-5be0-929a-1c81bc25a682,79.228,77.711,77.654,75.085,77.068,77.029,76.858,False
Junior UI/UX designer,0,78bba98a-851b-5587-851b-69c205477aed,79.32,79.459,79.622,83.805,84.67,79.445,79.763,False
Junior UI/UX designer,0,04cc3150-4317-5e7f-a34c-7430c1da99d5,75.058,76.419,78.298,78.196,79.376,78.909,78.875,False
Junior UI/UX designer,0,a316332d-b27f-5cbd-b64f-8cbca3729b4a,78.621,80.744,80.022,81.19,80.68,79.997,80.474,False
Junior UI/UX designer,0,2e781810-fd6d-5dc9-8c49-f7fa1aa656cf,76.678,77.922,77.398,78.787,80.084,80.619,80.408,False
Junior UI/UX designer,0,7b7c3404-2b91-5ab2-8ab7-384745957032,77.994,80.659,80.184,77.246,78.216,78.738,78.871,False
Junior UI/UX designer,0,a8d242dc-a35f-5383-b43b-2b4558c50b62,76.934,78.188,78.616,77.581,78.007,80.56,81.147,False
Junior UI/UX designer,0,b51ca474-bfb4-5f4f-a3dd-c2e5e0112a29,78.265,80.951,80.479,79.712,79.538,79.332,79.931,False
Junior UI/UX designer,0,d214c2a5-6402-52ce-b76f-28f2c526e96e,81.215,80.743,80.988,78.203,76.61,78.252,79.284,False
Junior UI/UX designer,0,a7a86472-010d-509e-bbdd-463117fcd68b,83.621,84.169,83.539,83.517,83.322,82.71,81.753,False
Junior UI/UX designer,0,0cd672f3-ad0c-5d0a-b06b-35178d6a8035,78.203,75.083,74.862,77.191,77.299,76.281,75.972,False
Junior UI/UX designer,0,da207c2d-2654-5bcf-a53d-25d0754d448b,79.315,79.759,79.55,77.724,79.304,78.778,79.76,False
Junior UI/UX designer,0,3b33ec66-7870-51e1-afe1-86e586672022,77.124,80.326,81.38,77.008,78.247,80.284,80.222,False
Junior UI/UX designer,0,85a6513b-cf9e-5330-937f-f34a625a799b,78.174,79.661,79.065,79.009,81.749,81.768,82.809,False
Junior+ UI/UX designer,0,7d327a23-5f53-5faa-82fa-6f03ecd0c1be,79.097,79.121,79.384,79.258,78.492,80.251,79.864,False
Junior UI/UX Designer,0,430df53c-c8bc-567c-8eea-c6b1fe9587d2,75.29,76.2,76.239,77.751,79.77,79.172,79.979,False
Junior UI/UX Designer,0,5c983a34-c47e-583f-b2d1-812249fb475b,75.514,78.569,77.875,77.142,79.823,78.151,77.039,False
Junior UI/UX Designer,0,06b11937-6f65-501f-b2e5-432757f6ccbb,80.916,82.575,82.57,79.764,81.502,80.996,81.391,False
Junior UI/UX Designer,0,a4eb539f-67d1-50e2-adc0-85a7595c2208,77.515,81.192,80.815,79.903,81.504,81.998,81.766,False
Junior UI/UX Designer,0,183b8ef5-8813-51ca-a041-f8da81a9f74a,77.74,79.837,79.849,79.296,81.198,81.508,81.044,False
Junior UI/UX Designer,0,b2a613e2-6aef-5583-89aa-0c4cc4f3452b,77.596,81.092,81.625,76.529,80.036,79.609,79.033,False
Junior UI/UX Designer,0,e6d02a64-7a65-5810-b1a1-523757665641,79.875,83.229,83.209,80.108,83.915,82.419,82.638,False
Junior UI/UX Designer,0,e0643050-8052-5978-9414-6407e16574b8,79.06,82.244,82.601,80.681,82.327,84.314,83.887,False
Junior UI/UX Designer,0,caee5b11-319b-5e89-81fa-dd3e306dbcba,81.664,85.083,85.02,81.417,84.487,82.517,82.738,False
Junior UI/UX Designer,0,22ef9051-4b15-5136-9aa2-b3f0f99b9279,75.101,77.452,78.321,76.461,77.018,79.951,79.437,False
Junior UI/UX Designer,0,7887fef8-f33c-5c9c-95de-5a7973c5853d,75.187,79.411,79.612,79.238,79.381,81.738,81.819,False
Junior UI/UX Designer,0,cc541d4c-7a31-5c96-9952-682f36124403,79.45,79.446,79.656,79.108,80.077,80.398,79.698,False
Junior UI/UX Designer,0,da54c3d5-b54f-53fe-a97c-27506509d974,77.24,79.121,79.951,80.515,80.871,79.314,80.059,False
Junior UI/UX Designer,0,d209593f-382c-569f-b738-6d3c161b17e2,77.603,77.551,77.549,78.815,78.458,80.324,80.6,False
Junior UI/UX Designer,0,576eb08b-c387-551d-8f1d-30c8e093a974,77.01,78.285,77.84,78.22,80.219,77.681,78.769,False
Junior UI/UX Designer,0,35cf258f-02fd-5854-bf52-4fb209464d57,78.289,79.88,79.949,77.969,76.742,78.662,79.301,False
Junior UI/UX Designer,0,d13e772a-23c8-502d-8420-7fc9a714f239,81.244,80.035,79.769,80.531,81.199,80.379,80.285,False
Junior UI/UX Designer,0,43949168-265e-557d-bc27-c446bf50c075,77.941,77.528,79.545,80.773,80.898,80.884,79.964,False
Junior UI/UX Designer,0,22bdc128-ff6b-50ff-8d62-a74573a7951c,79.843,82.507,81.379,79.972,80.006,80.186,80.186,False
Junior UI/UX Designer,0,d475e689-475e-5a96-941a-401c8ca62feb,77.597,79.194,80.106,79.867,80.87,79.992,82.154,False
Junior UI/UX Designer,0,b655a8e8-c8e0-5982-847d-99bea5f90a8e,82.184,81.895,81.894,81.523,82.882,81.313,81.591,False
Junior UI/UX Designer,0,45c7d5d3-018d-5eb0-a718-16932b21935b,79.158,80.38,81.107,79.941,78.874,80.521,79.899,False
Junior UI/UX Designer,0,03860376-2f39-55e0-989c-a0a7ebd6d8ca,76.66,81.277,80.316,77.582,78.824,80.259,79.826,False
Junior UI/UX Designer,0,7759a32a-d3c1-5ea9-8596-aeb776763a5b,78.453,79.824,79.444,77.015,77.092,79.813,80.283,False
Junior UI/UX Designer,0,3214686d-c55f-53e3-b69d-24b92e7036cd,76.871,79.069,79.14,78.682,80.709,80.156,80.848,False
Junior UI/UX Designer,0,e24a6352-0b99-5455-a09e-18cd2e65d9e9,79.168,80.254,79.774,79.804,80.578,79.788,79.887,False
Junior UI/UX Designer,0,86afa425-94be-5772-88e5-1131e55c89cf,80.288,82.153,81.536,80.259,80.22,81.817,80.601,False
Junior UI/UX Designer,0,7c87ea7e-6f9c-58f6-87a6-f9cd125ecb94,78.284,75.587,76.857,78.198,79.658,80.227,80.113,False
Junior UI/UX Designer,0,b18d0f51-d206-5a63-8afc-fcb9f8c47283,78.623,81.828,81.566,79.961,81.478,81.685,82.244,False
Junior UI/UX Designer,0,518a873e-d540-5315-8b3d-7672bf359c8f,77.17,78.543,77.891,79.155,79.612,80.892,80.974,False
Junior UI/UX Designer,0,e719bfcb-b4ec-58c1-84f8-56ac6a1bfdb4,79.405,79.255,78.961,80.28,80.411,79.591,79.56,False
Junior UI/UX Designer,0,0b4d6948-77f2-55fa-afd5-defe6529a07a,81.437,79.963,80.244,82.442,83.593,83.126,83.259,False
Junior UI/UX Designer,0,5fc10bbe-c9fd-5e3b-a78f-5d0142b017c5,77.949,78.299,77.559,78.043,78.186,79.681,79.78,False
Junior UI/UX Designer,0,ecec725b-5a1c-51f3-9b76-09383e5d41e1,78.681,80.231,79.81,81.834,79.181,80.784,80.901,False
Junior UI/UX Designer,0,00272183-647f-562a-9192-a129087341a3,77.179,79.151,79.372,78.738,80.134,78.454,78.477,False
Junior UI/UX Designer,0,3416661c-4121-5398-90a1-5096f2250b01,79.439,80.02,80.096,79.25,79.049,82.178,81.338,False
Junior UI/UX Designer,0,974831f3-c473-502c-b690-b1ed299173bc,82.892,82.919,82.71,81.199,82.215,83.589,82.936,False
Junior UI/UX Designer,0,1f3ecd75-8859-5265-8b63-9649b2a01063,77.253,78.488,78.246,79.72,79.485,79.593,79.679,False
Junior UI/UX Designer,0,c33a453e-7425-5d3a-ab90-746b63d8e156,83.787,85.632,86.287,84.141,85.172,83.538,83.939,False
Junior UI/UX Designer,0,f02f2f9e-bfa6-5b23-bf11-ccf53514ad1b,76.921,78.931,78.815,76.169,77.781,79.408,79.461,False
Junior UI/UX Designer,0,e02f54e9-9ce6-56fb-b597-8d690f355170,77.563,79.066,79.43,77.42,79.728,81.68,81.917,False
Junior UI/UX Designer,0,96ffd9e7-8a74-520b-9bd7-c152b551b48c,78.451,82.114,80.631,78.838,76.971,80.799,80.435,False
Junior UI/UX Designer,0,b3637fd1-95ec-540a-bdb3-713d30b1e4eb,78.484,79.408,78.054,76.847,77.538,79.667,79.711,False
Junior UI/UX Designer,0,f16c09c2-0022-5092-8017-a3cd14e059b2,77.677,80.348,80.531,79.164,80.578,82.997,82.387,False
Junior UI/UX Designer,0,9fef99a1-f1f9-558e-a2d2-32eb3f96484a,78.083,79.417,79.38,77.407,78.785,80.452,80.18,False
Junior UI/UX Designer,0,6c9b6f0b-8bc2-53bc-af7a-22c73cfb95e6,76.998,81.608,80.794,78.562,77.944,79.478,79.929,False
Junior UI/UX Designer,0,98e7a967-fe13-587b-a082-ca1c100f3968,78.068,80.223,81.945,78.497,78.482,80.558,80.462,False
Junior UI/UX Designer,0,f47e39b3-5a95-545f-9b61-df180f5e7f82,79.364,81.196,80.921,80.107,80.438,80.226,80.178,False
Junior UI/UX Designer,0,e5067c43-948d-5beb-8326-f782edc04443,74.256,77.048,77.048,74.58,79.27,78.916,78.578,False
Junior UI/UX Designer,0,149cb4e7-10fd-50b9-9c70-77f79d72bd79,77.64,77.656,77.752,79.581,80.201,81.626,81.715,False
Junior UI/UX Designer,0,e7b31a1d-7f37-5c05-92be-e411deb2d39c,77.659,79.171,78.264,79.55,79.995,81.183,81.47,False
Junior UI/UX Designer,0,4dfad485-fd76-54fe-b05c-3836900c41d3,80.757,80.237,80.26,82.977,81.339,81.64,81.783,False
Junior UI/UX Designer,0,20d42ad9-28e9-5747-8b28-2e87f9138442,78.446,80.678,80.228,79.599,77.562,80.552,79.86,False
Junior UI/UX Designer,0,68a4d2ec-f0db-54cf-b542-225d04a16d09,79.597,81.496,81.625,82.618,80.757,82.513,80.16,False
Junior UI/UX Designer,0,86354f03-1781-5cf4-85ba-0890635c17b2,78.911,79.701,79.408,79.62,77.776,80.353,80.515,False
Junior UI/UX Designer,0,10bb7087-dafe-5728-a6af-73bdff4bc0bd,79.298,82.129,81.948,78.283,79.911,82.071,82.431,False
Junior UI/UX Designer,0,fd6f057d-8486-5dad-8706-ced4893042b2,74.94,78.969,79.208,75.906,79.261,79.614,79.867,False
Junior UI/UX Designer,0,5c27f8f7-faf9-531f-8f90-12338d55f715,80.009,80.817,79.711,80.81,80.829,80.488,81.776,False
Junior UI/UX Designer,0,3bc3783a-d15a-5143-aceb-8b531b554cba,78.445,80.497,80.604,77.745,80.465,80.141,80.485,False
Junior UI/UX Designer,0,7fc63d04-b009-5f28-ae34-def418edfb8e,79.05,80.995,80.154,79.565,79.859,79.471,79.091,False
Junior UI/UX Designer,0,b2cba638-f7aa-5487-9a65-4b7f8bbc7e36,80.222,82.108,82.404,80.839,83.842,83.774,83.564,False
Junior UI/UX Designer,0,d7b6ab5c-8aef-5921-bc84-c9160901314b,78.088,79.482,79.828,77.368,79.449,81.086,80.338,False
Junior UI/UX Designer,0,870e4df4-bce6-509c-ad3a-fc3fd9bbb19b,79.084,80.468,79.869,78.809,79.248,81.339,81.256,False
Junior UI/UX Designer,0,71ad99f8-38ae-549c-a905-274f2f9d45fc,81.099,81.424,81.233,81.276,83.121,82.5,83.152,False
Junior UI/UX Designer,0,551031ef-91aa-575b-9005-49b07a723c46,80.368,79.565,79.141,80.534,82.109,81.289,81.653,False
Junior UI/UX Designer,0,1d2da245-5892-524a-a468-b452acd819bb,78.975,80.316,80.608,79.641,79.085,82.41,82.278,False
Junior UI/UX Designer,0,a399cfcf-27dc-51b7-9cd4-f5a9c233e125,79.176,82.562,81.46,79.756,80.647,80.041,79.985,False
Junior UI/UX Designer,0,3a5e5a8a-3d70-5fe2-9908-83a5a1b4a442,76.001,75.819,76.705,79.271,79.355,77.628,77.76,False
Junior UI/UX Designer,0,f6c61c4b-c1db-5544-b2ab-35f517dfdd1f,74.834,76.661,76.916,76.766,78.48,77.263,77.885,False
Junior Project Manager,1,ab2947d3-8493-5fe2-9192-f3f41b162ef7,81.705,81.508,84.058,83.743,84.076,82.319,82.921,True
Junior Project Manager,1,2e133b46-3c9a-5db5-87ba-cfbe6e845883,84.379,83.19,82.802,83.544,84.001,83.709,83.684,True
Junior Project Manager,1,dcded1c8-b173-5c6c-ab7b-0b661821ad50,83.507,83.665,83.755,81.011,81.767,84.412,83.344,True
Junior Project Manager,1,c7585ff6-5ddc-5a4b-8e73-051c781483d2,82.446,83.423,83.727,83.281,82.825,83.534,82.783,True
Junior Project Manager,1,9c1fe21f-8bc7-5242-9cb3-197413b1592b,79.562,81.974,81.852,79.332,81.636,82.256,81.65,True
Junior Project Manager,1,f3186803-3b67-5b28-87f8-52886727eba8,78.974,83.142,82.793,79.711,83.103,78.125,82.522,True
Junior Project Manager,1,28e67e65-43d2-5c54-a271-844e1cf02737,81.597,86.117,86.02,80.848,83.383,82.006,85.823,True
Junior Project Manager,1,2f824f85-85f5-50c8-84c2-128c82a17b6b,81.049,81.097,81.11,80.087,80.509,81.433,81.251,True
Junior Project Manager,1,9f383aaf-1ba3-5075-8b37-03f92690b5e3,83.522,85.967,86.47,83.979,84.55,85.364,84.584,True
Junior Project Manager,1,718ad965-8247-5c27-89ba-242a80e8f219,78.977,82.531,83.389,79.791,81.853,83.596,83.253,True
Junior Project Manager,1,19e05bdb-e95c-565d-a817-0652167e34ef,80.793,81.924,82.131,82.178,83.494,82.54,82.484,True
Junior Project Manager,1,93d4a674-a580-5954-9dc6-de0a55a1950d,79.069,81.322,81.316,81.474,81.493,81.752,82.26,True
Junior Project Manager,1,2e6bc125-cca6-5103-9a1e-dbb77bf7df69,85.187,84.806,84.359,82.264,81.513,83.544,85.217,True
Junior Project Manager,1,355477a7-9e94-50e6-8ee1-b79443ec5903,77.864,79.762,81.321,79.257,81.584,80.577,81.274,True
Junior Project Manager,1,8290733c-b38b-5020-b04a-a206da2c00e7,82.867,83.879,84.308,84.609,83.922,85.806,85.475,True
Junior Project Manager,1,43a069b0-865c-5eaa-9cec-259b12549e43,80.691,83.847,84.163,80.123,83.517,81.767,82.012,True
Junior Project Manager,1,27e1288a-4446-5e6a-afe6-71dbae622ad8,77.848,79.937,79.694,80.523,80.481,79.717,80.266,True
Junior Project Manager,1,03464058-5438-508c-8c37-88eb6edd2639,79.891,81.363,80.911,78.741,81.663,80.834,81.234,True
Junior Project Manager,1,be697da9-2258-51ab-9cbe-ff173ba26988,79.492,81.673,79.723,76.835,77.535,79.196,78.856,True
Junior Project Manager,1,76c76b9f-ad7b-5ac4-b9f4-ca954676764f,77.496,79.239,78.849,78.306,78.864,81.34,81.641,True
Junior Project Manager,1,d573f598-2708-5943-8d7c-2fcb6903f5bd,81.739,81.873,80.648,82.075,81.409,81.406,80.765,True
Junior Project Manager,1,d8506b73-86d8-53dc-9f59-3d15d8f2d5d9,77.252,78.331,78.726,77.604,82.168,81.676,82.311,True
Junior Project Manager,1,187b52ca-5bcd-5b55-bce3-828cc3bb62d5,82.902,84.095,83.397,81.644,84.903,82.007,82.187,True
Junior Project Manager,1,3674589c-d495-553b-b7e9-b7788ab324a9,80.485,82.218,81.724,80.178,85.264,80.203,81.094,True
Junior Project Manager,1,f0a0e19c-d3a3-51f9-a526-f0c86ca59876,82.438,83.249,83.311,81.606,82.829,81.721,82.235,True
Junior Project Manager,1,11eb711d-4446-5e2c-8948-ab468b405dd4,78.927,80.444,79.899,78.839,78.864,81.76,80.843,True
Junior Project Manager,1,ca3df61d-cd2a-5e24-ad33-47d254fa04c3,81.923,81.623,81.239,81.657,81.289,81.959,81.917,True
Junior Project Manager,1,dca5b758-7acd-5980-95f7-789a4400dc2b,82.487,81.951,81.881,81.193,83.109,82.293,83.306,True
Junior Project Manager,1,b5c66bd0-1758-5749-9d81-cf1cc93856ee,79.784,80.093,79.523,77.938,80.58,78.031,78.293,True
Junior Project Manager,1,e198d97e-a872-5803-bac3-376c4d8b1738,83.488,83.363,83.856,83.087,84.034,81.757,81.371,True
Junior Project Manager,1,480929c7-769b-54ca-a1f6-ca23fabebbfb,80.34,78.996,79.144,79.676,78.296,79.058,78.621,True
Junior Project Manager,1,bd33aaa4-d578-5af0-b076-fb42095de7b1,83.251,81.563,82.626,82.339,82.594,84.105,84.083,True
Junior Project Manager,1,461c585d-c52f-5403-8b52-54c29eb4bbf4,83.989,84.237,83.767,83.856,83.577,83.8,83.637,True
Junior Project Manager,1,4e1c42ff-7d93-54d2-b3a6-fb3df5808e53,81.284,83.453,84.265,82.823,83.767,82.528,83.001,True
Junior Project Manager,1,fe24ac58-f490-551e-a80f-ec065c6267b6,78.997,77.898,77.808,77.833,78.679,77.2,77.85,True
Junior Project Manager,1,dfce63ff-9d97-55d6-89cb-062783cdad9f,84.273,84.865,82.771,82.956,83.051,83.947,82.728,True
Junior Project Manager,1,86e80384-5975-5764-8bb8-f2bb25761f51,82.976,84.729,84.838,84.069,83.169,85.311,84.572,True
Junior Project Manager,1,0b5a603d-0ab4-5290-a97d-95fd9adbc81f,78.934,78.692,78.517,78.603,78.126,79.27,79.065,True
Junior Project Manager,1,b20dff8e-406f-5170-9e93-27660be962d8,85.589,86.27,85.489,83.463,84.167,85.764,85.544,True
Junior Project Manager,1,918711ac-b766-5e4c-99d0-061cb8078c26,80.376,81.564,80.596,79.426,81.364,81.623,81.411,True
Junior Project Manager,1,5b4a5bc9-6f33-570d-b215-022962f4d08e,78.963,81.526,81.895,82.283,80.803,80.65,81.199,True
Junior Project Manager,1,ea984de6-bf07-5a37-bfff-5a143b9051fd,77.292,77.492,76.889,76.725,78.571,79.079,79.158,True
Junior Project Manager,1,c69bb319-d105-5664-b91f-99eaca347eac,79.916,79.972,80.149,78.166,79.188,81.635,81.176,True
Junior Project Manager,1,a97dbd9d-d1cc-5964-9775-240a6d7d6452,79.698,82.099,81.534,80.112,81.315,82.79,82.354,True
Junior Project Manager,1,7f4da53b-d213-56f4-a51d-cc7aca3f6b97,79.587,79.73,79.684,79.684,81.72,80.146,80.842,True
Junior Project Manager,1,ae4c91d4-d638-5541-b20a-75f3b4ed1721,79.603,80.911,80.373,80.214,81.61,82.63,81.894,True
Junior Project Manager,1,182b3510-b706-50ee-87b0-729de33ba4bd,82.133,84.419,83.984,81.284,82.882,81.715,84.954,True
Junior Project Manager,1,f9f6c0ad-9df1-573d-baf5-5223f3916587,80.649,82.522,82.492,81.474,83.636,83.016,83.175,True
Junior Project Manager,1,766d2ea3-3888-5631-bce9-6099ca409ccc,80.406,82.333,82.246,80.846,80.678,81.395,81.544,True
Junior Project Manager,1,5886a922-7eb5-5d90-9100-6e12b6ef08fc,79.81,82.384,82.096,80.07,81.599,80.276,80.499,True
Junior Project Manager,1,1c0b34ce-1114-5158-8f4b-7346dd628c41,84.109,84.778,84.017,81.982,83.07,84.124,84.468,True
Junior Project Manager,1,9f81ba49-8fd9-5195-93de-7261b44246b1,81.608,83.834,83.227,80.92,82.067,82.006,81.93,True
Junior Project Manager,1,b1ba1505-5890-5243-850f-8c3424bf90be,76.85,79.135,78.384,79.341,78.312,78.169,78.926,True
Junior Project Manager,1,b78b8aeb-682d-50fb-8e5b-aeacfa242ea1,78.567,80.512,80.712,78.005,77.798,80.67,81.084,True
Junior Project Manager,1,f02ab58b-791f-5681-a52e-2f007ee415e6,75.918,80.664,80.673,77.004,78.44,77.184,77.792,True
Junior Project Manager,1,ead7eddb-ccde-5df9-8243-3be6ad07a22f,77.27,77.774,77.209,77.664,78.51,79.488,79.554,True
Junior Project Manager,1,1b1bc22c-723f-5a47-8a00-68b2d738ae8d,83.131,82.51,82.257,79.765,82.61,83.671,83.313,True
Junior Project Manager,1,4b00d0d7-09f0-576c-95c4-1e405fbb63a4,78.19,82.305,82.086,77.016,77.81,81.575,80.979,True
Junior Project Manager,1,6c6901e2-710f-5670-8040-dc76b5464193,83.507,83.24,83.559,83.244,82.637,83.003,82.753,True
Junior Project Manager,1,6e94e609-fc39-5b46-b160-08580ac2c646,80.766,82.253,81.522,81.417,82.85,80.871,81.437,True
Junior Project Manager,1,a6c5d1ea-ad22-53bc-bfe8-49f8f7bdd6c3,82.128,81.395,81.707,80.833,81.12,83.555,83.216,True
Junior Project Manager,1,56a910ed-8f22-5504-a337-63523046724b,80.002,80.744,80.715,81.71,81.267,81.975,81.97,True
Junior Project Manager,1,bdd3ad8e-77c0-5226-80e8-370e0a5410ef,82.337,82.798,82.164,79.425,79.563,80.909,80.544,True
Junior Project Manager,1,7ee3d927-5ee6-5d86-a4a5-380e0ef7d8e4,81.424,81.405,81.436,80.739,81.862,81.967,82.131,True
Junior Project Manager,1,14e0c254-fdc6-5eae-9c97-eb7eab1d0575,80.984,81.689,81.657,80.155,80.196,81.305,80.029,True
Junior Project Manager,1,77421e60-feb3-5c3e-ae51-4ccef466c98d,77.479,79.975,80.096,77.995,78.786,80.697,80.348,True
Junior Project Manager,1,ad4e7c9c-7bb5-55ea-ab86-2e3d26213eb4,80.614,82.47,82.373,80.444,81.893,82.022,81.612,True
Junior Project Manager,1,aa72ccef-c3e4-5450-8303-28a3e921162e,83.244,83.494,83.465,80.114,81.832,81.882,81.748,True
Junior Project Manager,1,3ffffc23-afd9-5df0-93e4-fd2ddc84ff66,80.536,79.862,79.336,80.792,81.0,80.986,82.155,True
Junior Project Manager,1,239abf28-3bdf-5d69-86ac-3acc10e6e5a3,77.952,82.674,82.264,81.568,83.757,81.333,81.663,True
Junior Project Manager,1,eb639414-3207-5821-9ce5-51d639e25ff9,80.827,80.315,81.408,80.606,82.95,79.926,81.138,True
Junior Project Manager,1,025555d5-faee-5511-8e33-82a0285ecfcb,83.136,85.877,84.892,84.237,83.938,84.322,83.55,True
Junior Project Manager,1,4c2f49af-0d82-58f3-9670-0b36f976653e,80.768,80.437,80.063,81.373,83.213,82.039,81.987,True
Junior Project Manager,1,40156960-c679-5751-b010-39d488ba3a13,78.048,79.671,79.836,76.569,76.189,78.887,77.157,True
Junior Project Manager,1,79316dda-72d3-5e1b-ae70-5e1fb483d49c,84.361,84.252,84.347,82.68,83.638,85.004,84.513,True
Junior Project Manager,1,db12bdfe-018f-5720-b629-8e4a834eed76,76.62,80.474,80.359,79.231,79.655,82.02,82.373,True
Junior Project Manager,1,2012d52b-bcc1-5892-976a-3010e21c4d70,79.587,81.167,81.751,80.884,83.012,81.695,82.3,True
Junior Project Manager,1,c850bc40-dbad-525f-956e-2ddde50a23a3,84.998,84.021,83.88,83.006,83.193,83.497,83.428,True
Junior Project Manager,1,8f9ff62a-5e83-514d-a8c3-126b00cfbe7a,81.148,82.699,82.555,80.606,81.404,81.821,82.353,True
Junior Project Manager,1,f45fc90c-e117-5c8b-99cb-d69c73e3b8cc,79.447,80.6,79.595,78.043,79.702,80.81,80.089,True
Junior Project Manager,1,f7c323ae-5ffb-597c-9ab4-fad68e6f2374,78.709,80.329,80.068,80.26,81.967,80.792,80.63,True
Junior Project Manager,1,4b12ecf2-70c1-5520-878c-6f9615072e9d,81.301,82.985,83.072,81.974,84.718,82.467,82.996,True
Junior Project Manager,1,b52981ea-2212-542e-a643-c5fce7db6faa,81.35,81.581,82.176,80.501,82.592,81.061,80.804,True
Junior Project Manager,1,ddd99b6e-5f37-5747-9427-b4c57fd47bda,81.948,82.753,82.135,82.794,82.817,83.941,83.68,True
Junior Project Manager,1,c5f996b3-0397-5595-9806-94f513b1c87c,80.22,82.728,82.28,78.903,79.017,79.866,80.02,True
Junior Project Manager,1,c475bc00-6530-54dd-b26a-2e3106b62c23,81.647,84.1,83.586,83.389,83.379,84.018,84.09,True
Junior Project Manager,1,965a0b2c-28db-5c75-9125-192a742fa9c9,77.943,76.778,77.189,77.843,78.428,78.657,78.429,True
Junior Project Manager,1,dfb9a4bf-6517-558c-bdb7-d64301f59893,80.447,79.679,79.738,81.761,82.4,82.503,82.916,True
Junior Project Manager,1,75f78fae-354f-5c07-94e2-cf76c8b25122,78.042,80.515,81.518,80.62,80.094,81.354,82.406,True
Junior Project Manager,1,bf4303c4-2f1a-525c-9ee0-db2ab3bdbc4e,80.805,80.336,80.508,82.395,80.783,82.893,83.083,True
Junior Project Manager,1,1682370d-9635-5da6-b8bb-6a172cd00de3,82.641,81.498,81.261,82.551,81.313,83.749,84.014,True
Junior Project Manager,1,e98618bd-4fbc-502e-bd01-6ff695f5ae1e,81.921,83.794,83.655,79.731,83.117,82.96,82.937,True
Junior Project Manager,1,56a8ffff-a10d-5bc6-8ecf-bae18047195b,82.434,84.327,84.979,83.614,83.675,84.695,84.313,True
Junior Project Manager,1,8b273f46-6fe3-529d-adbd-12c326f92438,81.477,82.453,81.466,79.602,81.962,80.114,80.457,True
Junior Project Manager,1,950fd2e8-b7cb-5645-9d4d-0733137ce303,81.6,82.29,81.987,81.783,82.267,82.217,82.838,True
Junior Project Manager,1,e80d789f-c5d8-5595-83d4-3c3ee9a47af5,79.465,80.643,80.57,80.021,79.989,79.981,79.651,True
Junior Project Manager,1,02be6da0-49e4-50eb-96c8-81ed905d07ac,80.727,80.807,80.76,79.078,80.491,79.363,79.371,True
Junior Project Manager,1,442b8e7a-aca4-5c84-bc3d-df0a55629668,81.064,82.258,82.024,81.501,81.875,81.729,81.932,True
Junior Project Manager,1,cad4cfdd-a759-5639-ac98-d4d3180d4b01,82.786,84.004,84.105,81.717,83.195,85.622,85.883,True
Junior Project Manager,1,781e36af-45e8-51b8-8313-746c8cda05aa,81.713,82.439,81.94,81.395,82.385,84.585,84.003,True
Account Manager / Client Success Manager / Project Manager,1,e373a7e2-482c-53fe-aead-93f25f3da280,82.553,81.681,81.783,83.184,83.858,83.572,84.007,True
Account Manager / Junior Project Manager,1,82621d03-7c4a-5f0c-9423-295f1daa9c4a,82.517,84.798,84.472,80.912,81.044,82.654,83.335,True
Account Manager / Junior Project Manager,1,3ab37873-5c23-5827-82f7-8a10c6944df1,81.09,86.253,86.181,81.124,82.086,82.485,81.656,True
"Account Manager, Project Coordinator, Project Manager, Business Administrator",1,f0764582-4ddc-561b-bdb6-986444a4445d,83.251,83.141,83.387,82.903,82.436,83.67,83.286,True
Account Manager / Project Manager,1,69d70e77-7a20-584c-8070-713f08467113,80.571,79.725,79.5,80.22,80.395,82.281,82.617,True
Account Manager / Project Manager,1,920e7efb-e260-5e4d-9306-9e15eb1da6c6,82.994,83.336,83.422,81.774,84.133,83.803,83.772,True
"Account Manager, Project Manager",1,ff684746-9ea8-5a15-a74e-732e09a455c5,85.453,84.95,86.386,83.569,84.057,83.65,83.708,True
"Account Manager, Project Manager, Scrum Master, Product Manager, Product Owner",1,e40b6c57-c522-5b6f-acb6-9c0ce2cbaf4a,86.998,85.944,85.558,83.794,85.859,85.677,86.151,True
Account / Project Manager,1,ea7ef1bd-ef4f-55d7-9991-261373192231,82.314,83.342,83.852,82.525,83.681,82.819,83.557,True
Junior Project Manager,1,d547debe-3220-5165-92db-2b293efb6c45,82.368,82.424,83.182,82.278,80.626,82.875,81.961,True
Junior Project Manager,1,99c68a4a-fd75-5bb5-a98e-88e68e1c73ad,77.648,79.389,79.479,77.476,79.265,78.992,79.429,True
Junior Project Manager,1,9c184ee0-7369-5e07-a2a0-aa4227d8cfe2,83.316,83.669,83.265,80.975,81.743,84.292,84.282,True
Junior Project Manager,1,3d9023de-e57c-5f97-ad5d-20a36f3e150b,75.592,74.17,75.79,74.678,75.055,77.595,77.895,True
Junior Project Manager,1,2f94208c-3229-5b04-81ca-d6c0473988c1,84.481,83.831,84.356,83.578,84.138,82.831,82.748,True
Junior Project Manager,1,ecc8b41b-3957-5044-ac42-ca33303a7e50,81.563,84.263,84.553,81.536,84.615,83.673,85.106,True
Junior Project Manager,1,ffd3851d-c2f6-525c-956b-e9a90b565048,79.228,79.802,79.231,81.429,80.821,80.914,81.863,True
Junior Project Manager,1,7adca4bc-192d-5f50-9702-e786dfec2ca7,80.496,81.769,81.64,79.287,81.79,80.757,83.009,True
Junior Project Manager,1,87e451c5-b9c4-55b5-9b54-d37d97df7c83,79.17,81.803,82.642,79.785,83.636,82.307,82.406,True
Junior Project Manager,1,0e7e9a30-db4b-5993-9c0f-3ee4823e5659,80.458,78.996,79.095,79.195,81.092,79.376,80.636,True
Junior Project Manager,1,151d7e3f-fb84-5fa3-9a06-0566e2e71b30,82.47,85.073,85.134,83.3,85.141,86.245,85.316,True
Junior Project Manager,1,c5e1409e-c3c4-54dd-936e-31424ab50768,82.703,82.229,82.189,81.911,82.46,83.038,83.883,True
Junior Project Manager,1,c06ab54c-8beb-585f-be73-e125db7744ed,80.528,81.084,81.031,79.045,79.155,83.162,83.161,True
Junior Project Manager,1,e14b8f4d-60b3-5b25-b37c-afbec356670c,83.706,82.994,82.724,84.236,83.526,83.966,84.531,True
Junior Project Manager,1,1147de9e-5542-585d-b477-e529a5a33714,83.489,82.888,83.889,82.881,84.43,84.296,84.031,True
Junior Project Manager,1,6fe5d6a2-d191-5b94-9d96-9dfde9060ff4,78.34,81.034,80.681,77.201,80.778,78.989,80.403,True
Junior Project Manager,1,db81b52d-7ba8-5e4a-88cd-507b70b21638,80.606,84.143,84.912,84.282,84.139,84.582,85.088,True
Junior Project Manager,1,170fbbd0-f50e-54d5-bd0c-be0efaca0da3,80.491,80.658,79.683,78.244,78.282,81.068,80.747,True
Junior Project Manager,1,ec0beee7-e946-5aa7-846e-70e1780b2bbb,81.323,82.293,82.107,80.024,80.869,81.863,82.822,True
Junior Project Manager,1,ae5a6bce-5c56-56c5-b932-941dbfaa4b2f,85.144,83.289,82.904,82.631,82.727,83.661,84.648,True
Junior Project Manager,1,3f52488d-de1f-591a-9e30-5acf00f4b3b5,81.895,84.705,84.777,81.931,81.547,83.495,83.584,True
Junior Project Manager,1,945f3161-9577-57fe-bcec-1f8b9ef4be2d,79.011,80.191,80.029,78.445,79.152,81.665,81.133,False
Junior Project Manager,1,4a623921-5f57-5550-8f5f-81645bb2078e,80.401,82.098,82.145,80.465,82.014,83.724,84.113,False
Junior Project Manager,1,0fcfc55f-aedc-5d8b-bad9-f0299dbea93b,83.997,86.199,85.447,82.377,84.273,85.451,85.33,False
Junior Project Manager,1,a0914ab8-1577-5e8b-94d3-780c312d4987,81.367,81.286,81.29,81.823,81.553,82.573,81.98,False
Junior Project Manager,1,8b06ca97-82c9-5087-9daf-d9ff5780f321,79.518,80.136,80.135,81.061,79.593,79.876,80.146,False
Junior Project Manager,1,0dc146d0-a416-5f42-8f2b-576ece923f60,83.968,85.801,84.886,83.032,83.165,84.897,84.943,False
Junior Project Manager,1,f5fa7291-ac84-5782-bb57-e1c39f2e7f7f,83.341,82.94,81.569,80.58,83.562,82.492,82.94,False
Junior Project Manager,1,e8013a3e-6c6f-58b3-9d24-8fb10620c7bd,77.61,77.393,77.768,77.038,79.547,77.668,78.609,False
Junior Project Manager,1,c5c309e5-950b-5762-8ca4-32f9536e11b6,77.435,81.803,82.065,79.393,80.65,78.902,78.685,False
Junior Project Manager,1,5285d46c-042d-5df1-8f18-8856dc728391,83.778,83.841,83.397,82.862,84.577,84.161,84.304,False
Junior Project Manager,1,b262888f-8a6d-598c-aeeb-63ec82582fcb,83.834,82.162,81.887,83.958,82.995,83.868,83.319,False
Junior Project Manager,1,ff4d8165-1c01-584d-9bdb-c35613d9ac8d,80.881,82.49,82.2,80.943,82.454,81.55,81.902,False
Junior Project Manager,1,a85c2f80-6442-5f34-8978-82ae17f100d9,79.368,80.793,81.486,80.094,82.196,79.066,79.114,False
Junior Project Manager,1,a3d26780-9803-55dc-9351-5417088ba30e,77.069,84.752,83.032,77.868,84.727,82.442,82.864,False
Junior Project Manager,1,8033849b-f661-50ff-8142-9dc9048d7e8a,78.299,80.539,80.764,80.325,79.935,81.781,81.642,False
Junior Project Manager,1,4c7a4c06-7496-52e8-b5bd-c8b48a20dfff,79.02,81.289,81.639,78.154,81.408,78.935,79.181,False
Junior Project Manager,1,3f4d6298-e85e-5c58-9f9a-0316b1e907bb,80.501,80.529,80.723,80.405,82.815,79.825,80.436,False
Junior Project Manager,1,af2cecee-d9e5-5a48-bf9f-1df505fa71d6,80.679,81.779,82.349,82.811,82.154,81.225,82.93,False
Junior Project Manager,1,6e5e9f6b-446c-560b-ade7-b2c60a84b5ef,84.063,84.62,84.608,84.014,83.014,84.438,84.269,False
Junior Project Manager,1,9f90a370-7561-5e7f-9fab-6743cc12c1e9,82.728,82.263,82.176,81.667,81.453,83.006,82.881,False
Junior Project Manager,1,f5301cc2-2b57-5388-b691-9da7841ec116,77.501,79.489,78.667,79.0,81.332,80.022,80.243,False
Junior Project Manager,1,9ad8ecc1-db76-5298-810d-e5ce39369794,86.07,87.404,87.113,85.451,85.721,86.168,85.8,False
Junior Project Manager,1,50d458f1-3473-5727-9e22-c1c86c708031,79.487,82.064,82.83,82.03,82.864,81.865,82.912,False
Junior Project Manager,1,c0a0a1ec-1db7-5fbf-ad4e-feed91277666,80.0,79.949,81.058,80.932,81.625,81.274,80.588,False
Junior Project Manager,1,3e246d37-d7e5-570e-b04e-2863710e0c24,80.6,80.703,80.812,79.293,80.23,81.194,80.793,False
Junior Project Manager,1,14dededf-745d-52bd-80ab-a4b71e9033ab,77.465,80.72,80.308,79.565,80.013,81.134,81.111,False
Junior Project Manager,1,23e5a671-f6c7-5410-b0db-fd3dee60f966,80.293,81.271,81.748,80.824,82.525,82.309,82.941,False
Junior Project Manager,1,ddd27c2c-f34b-58c0-a88d-fe503a039f85,86.045,85.249,85.104,84.696,83.52,85.109,85.807,False
Junior Project Manager,1,60c07ffe-3342-5646-9cca-1cc32ebe681c,82.74,84.203,83.749,82.9,85.046,84.395,84.768,False
Junior Project Manager,1,b96fc978-42c4-5963-81f9-d0f6c2c64656,82.78,84.26,84.387,81.254,83.261,83.812,83.905,False
Junior Project Manager,1,72cb008f-a686-5e15-9ca8-a1e87e2ba78d,76.72,81.595,81.248,80.01,83.286,78.986,80.05,False
Junior Project Manager,1,52026bd0-5bf1-5288-a600-5298abc16938,80.337,81.426,81.343,82.944,82.43,83.479,83.229,False
Junior Project Manager,1,0f6076de-6d07-5e5c-be54-78108e228bf6,77.575,77.508,77.673,76.734,77.865,78.018,78.791,False
Junior Project Manager,1,4fef38a9-d320-5cb9-bcfa-1ae9c6bf4cc8,82.251,81.515,81.536,78.78,78.847,78.929,82.855,False
Junior Project Manager,1,b32ebeb6-c159-5529-8c72-0f029d394147,81.011,83.963,84.28,80.103,84.747,84.943,84.951,False
Junior Project Manager,1,e3211232-07b9-5140-83c2-b4415ffbb193,73.489,76.885,77.177,77.105,77.982,75.512,74.831,False
Junior Project Manager,1,188b3fb1-88b3-5c5d-86b5-b59ea0f938d0,78.303,78.395,79.486,79.424,79.396,78.828,78.98,False
Junior Project Manager,1,d773950c-362c-53d7-a58a-b39ffa4d9fd0,83.677,82.977,83.542,83.567,82.44,82.794,83.064,False
Junior Project Manager,1,43f56595-b407-5351-abec-af725e7b6ba0,80.507,83.145,83.547,81.757,82.473,81.709,81.848,False
Junior Project Manager,1,c67c9dde-c700-552c-9e50-60e82d11cb7e,77.037,80.621,79.096,80.581,80.146,82.659,81.813,False
Junior Project Manager,1,ed94cbd1-b7bf-532d-939c-ef11a48721c5,78.718,82.391,82.208,78.922,80.151,83.498,83.417,False
Junior Project Manager,1,83b7df3a-3df6-5876-b1a6-17a7f23db382,81.842,81.73,81.453,82.55,81.357,81.668,81.819,False
Junior Project Manager,1,c1539c8b-f456-5713-bf5f-6294c929bce4,80.867,79.603,80.31,81.391,81.108,81.517,81.739,False
Junior Project Manager,1,5ab0a5a9-402a-523e-b338-2727badf066e,80.174,82.284,81.984,79.451,80.74,81.518,83.042,False
Junior Project Manager,1,68d41730-0419-562c-9fa9-c664cf81b26a,80.576,82.801,81.445,82.439,83.583,83.733,82.865,False
Junior Project Manager,1,996da51b-57cb-5838-aec5-9c6646d62117,79.394,81.047,80.99,80.561,80.515,81.845,81.859,False
Junior Project Manager,1,14a6b8a1-83a8-5db5-a21c-50374013efe4,79.462,85.8,85.775,84.249,83.748,85.308,85.364,False
Junior Project Manager,1,43253d4c-f51a-5bc6-83ab-1415a5befa41,82.455,83.699,83.546,82.547,82.247,84.602,84.249,False
Junior Project Manager,1,75f01959-ee4e-59a8-a19e-a7186dc38247,81.539,83.211,83.284,81.585,80.758,80.775,81.385,False
Junior Project Manager,1,f4b7264e-799b-599f-baf8-f4b99c765c4f,80.513,81.275,81.352,81.229,82.723,82.36,82.449,False
Junior Project Manager,1,971cd50b-030c-5fdc-ba26-442390d362d5,74.712,79.737,79.673,79.166,79.797,79.214,79.351,False
Junior Project Manager,1,55770b6d-3446-52e2-8542-9db839076760,81.181,83.338,82.706,84.11,83.868,84.053,84.817,False
Junior Project Manager,1,70d27832-79c8-58a2-8814-e9f2845479f6,78.481,81.499,81.589,79.449,80.636,80.595,80.731,False
Junior Project Manager,1,dd25779b-e987-55e7-90a7-1bf0ec65ae3b,79.349,81.731,80.963,81.117,83.863,81.004,80.441,False
Junior Project Manager,1,4e99acec-6df6-5dd6-aaa9-5bff170a4a30,82.329,83.667,84.161,81.14,82.559,83.389,83.246,False
Junior Project Manager,1,c66fb32a-97b3-5945-9f42-28e82118d786,79.681,82.618,83.203,81.614,83.699,81.92,81.155,False
Junior Project Manager,1,ed4bcccc-9ea5-561a-a3e5-14a463dd5fbe,84.709,85.186,84.403,84.381,84.284,86.668,86.24,False
Junior Project Manager,1,5906f29f-dd40-59b7-95b9-10076c5bd4a6,78.928,80.584,81.464,78.199,80.783,81.609,82.186,False
Junior Project Manager,1,3847407d-4a58-5437-a110-cdfd126e307f,80.025,83.047,81.567,79.479,79.982,81.723,82.764,False
Junior Project Manager,1,ea3e8abb-1388-58b7-819c-11c1757d6b12,82.131,81.012,80.873,82.304,83.456,82.972,82.899,False
Junior Project Manager,1,a8bfc441-dee1-5dc7-83bb-c9205067ffe9,79.283,79.973,79.531,79.57,80.075,81.135,81.027,False
Junior Project Manager,1,6f0b3059-d819-5a1e-8e31-c36c738840c9,78.949,80.253,80.305,78.228,77.384,78.925,79.622,False
Junior Project Manager,1,7a294c40-f9de-5208-bb3c-6bece836d843,80.719,82.03,81.497,82.002,81.86,82.276,82.131,False
Junior Project Manager,1,3fa1660d-ed10-5ca2-87aa-53f9ccbb82da,85.557,87.212,87.287,84.132,86.854,85.378,85.095,False
Junior Project Manager,1,e0d92215-5176-5e6e-8c10-1fd686da4c88,78.208,81.144,80.885,80.072,81.26,80.116,80.706,False
Junior Project Manager,1,470871f8-20b2-51a5-87af-6cec86101bd7,82.843,82.642,82.365,82.588,81.843,82.988,82.82,False
Junior Project Manager,1,76c2d593-9f83-540d-9b34-cca85adc4129,84.926,84.415,84.983,82.935,83.139,85.572,85.12,False
Junior Project Manager,1,7cc1f7df-9dd5-5e6c-b5fe-f542701a512b,81.413,82.62,82.016,82.586,82.554,81.152,84.376,False
Junior Project Manager,1,5dfa7d8f-6853-54f5-8289-4261143edccd,79.114,81.232,80.701,79.756,81.377,80.483,80.773,False
Junior Project Manager,1,674dea3d-6f39-59db-85a0-a9bafa0a9b89,80.122,81.686,81.407,79.238,81.624,82.964,82.432,False
Junior Project Manager,1,98279353-b4f3-54bf-a228-296deb48598f,82.579,83.884,83.856,84.165,85.041,84.315,84.333,False
Junior Project Manager,1,3998b824-ad20-5116-be58-07e04075e6de,80.879,83.222,83.102,77.985,78.99,79.533,80.068,False
Junior Project Manager,1,0f2abb57-f1bb-5a76-9077-945b7f6afbf1,79.213,80.797,81.71,75.949,78.416,79.703,80.241,False
Junior Project Manager,1,6b72d085-3559-58b4-956f-89b72afc8674,81.967,82.671,82.731,82.84,82.724,83.543,82.682,False
Junior Project Manager,1,4e3a6de2-9bad-5d2c-9b31-89146598ed15,80.928,83.783,83.326,82.604,84.274,84.246,83.92,False
Junior Project Manager,1,c481ab8f-7f1e-5f42-93a2-550f31efcc75,77.385,81.565,80.743,79.553,79.151,79.662,80.459,False
Junior Project Manager,1,cdeaa679-74b0-56de-8a1e-f21a0403245e,83.147,82.907,83.064,80.751,81.39,82.233,81.231,False
Junior Project Manager,1,aa9780c8-f30a-5a00-92a0-a662ea8023f9,83.578,83.881,83.275,81.511,84.136,83.73,83.068,False
Junior Project Manager,1,831d421c-bd30-53b8-b8bd-055b853afd1c,80.52,83.674,83.218,81.672,82.916,84.288,83.939,False
Junior Project Manager,1,cf94e377-6b3f-53ac-9fa1-786d777cb2e1,77.295,79.493,78.973,78.123,78.447,78.388,78.633,False
Junior Project Manager,1,4806979b-7c3d-5e16-962a-95ab264e3c61,81.995,82.897,82.864,82.489,81.749,84.045,84.072,False
Junior Project Manager,1,8e21fe21-93b7-5ec3-8b32-0e846bd5f4cd,77.988,81.234,82.352,78.51,80.651,82.544,82.277,False
Junior Project Manager,1,df83a714-49ef-5317-8ea8-7ce4602f5400,76.438,77.038,77.183,77.058,78.404,77.805,76.914,False
Junior Project Manager,1,8544c276-a227-58a8-8496-97df5bcc3bae,79.693,81.005,81.824,80.332,80.043,80.819,81.069,False
Junior Project Manager,1,cca72ccd-2a6f-59fa-a4c2-62f24be93a57,82.787,81.498,81.913,82.236,82.74,80.57,81.208,False
Junior Project Manager,1,3865fb1d-87f8-59a7-9007-5efd744a6a72,82.038,81.504,81.489,83.72,83.995,81.301,81.971,False
Junior Project Manager,1,25ee2944-cc92-59fe-b506-6a3b1bb6d15d,73.333,75.185,75.251,74.073,76.835,76.164,75.778,False
Junior Project Manager,1,f0c59b37-f4c1-50fb-9aa3-dbd3452c3a2d,83.138,82.998,82.77,82.263,82.749,82.811,82.702,False
Junior Project Manager,1,b5a7b93b-8fc8-54a8-b889-a5084da7e526,73.121,72.822,73.226,74.669,75.857,75.369,74.793,False
Junior Project Manager,1,e2c3bba9-9801-512a-a60e-9ac5f38c48a1,79.261,80.5,80.819,80.758,82.863,82.597,82.226,False
Junior Project Manager,1,89db3254-0022-5ec4-b614-e5f76d4d5e45,82.206,83.535,83.55,80.663,81.127,83.14,84.203,False
Junior Project Manager,1,273db273-306d-521e-828f-94600d5321ee,77.236,78.956,79.408,77.059,76.39,77.57,77.928,False
Junior Project Manager,1,0f6048b5-b25c-5403-8e2a-ffda9a4c61eb,76.509,81.154,81.52,80.523,81.328,82.29,81.628,False
Junior Project Manager,1,3f31b64d-99a8-5fb5-a6be-028f11091a97,79.934,83.551,81.57,78.343,78.495,82.061,82.611,False
Junior Project Manager,1,aca18d4d-0f45-5be9-8bb1-8b1e4005d045,79.049,81.859,81.818,79.117,79.402,81.554,81.55,False
Junior Project Manager,1,73418a7c-32ae-5fec-8da1-507254ec9cb8,78.517,80.715,80.736,81.35,82.179,81.027,83.175,False
Junior Project Manager,1,38325356-0604-5df4-9d92-6287be18f8d6,77.713,80.523,80.757,78.705,82.708,79.85,79.287,False
Junior Project Manager,1,7289dd62-1b2b-5465-9174-3530e6c2431a,77.129,81.432,81.517,77.077,82.41,82.973,83.077,False
Junior Project Manager,1,a129e609-bf09-5be6-a441-86831bc0dea5,83.815,81.869,82.154,82.456,81.892,83.808,83.654,False
Junior Project Manager,1,0bb67005-f047-5ec9-8dbf-9259f12599c6,77.234,76.649,77.037,76.6,77.638,78.377,78.653,False
Junior Project Manager,1,28b04951-9b4a-5869-a0d0-47d2c103549a,80.878,82.631,82.457,79.182,79.157,81.791,82.399,False
Junior Project Manager,1,dc71d423-355c-5bf2-b644-9ed9c1d9b95d,79.35,78.591,78.873,78.836,80.298,80.613,79.975,False
Junior Project Manager,1,28853ffe-10fe-5d77-9710-1bde47b55ced,80.429,78.885,78.952,79.539,79.4,81.759,80.677,False
Junior Project Manager,1,dca41b32-19dd-50c9-be91-94ecc1922754,82.548,81.967,82.846,81.042,81.643,81.364,81.721,False
Junior Project Manager,1,36b5a52f-f8b3-5f5e-89ef-c396b027b95c,80.008,81.356,81.128,83.394,81.448,82.459,82.621,False
Junior Project Manager,1,13f1c3bc-d240-5e8a-9cc9-da7cdd596282,78.971,78.467,80.383,78.509,81.373,77.881,80.341,False
Junior Project Manager,1,9dec644b-4e64-5d92-adf0-9cc959ad260a,82.902,82.104,82.064,80.26,82.256,83.156,83.358,False
Junior Project Manager,1,13ec793e-ff02-5d12-b06a-8984240c8eb5,82.088,84.996,84.911,82.303,83.186,83.963,84.159,False
Junior Project Manager,1,7da4c9a5-5564-5488-aea6-a81543104529,82.772,83.633,83.312,80.167,80.384,82.494,82.61,False
Junior Project Manager,1,3e0f6f3f-c552-5323-8e62-588a709d7d05,78.249,78.398,77.693,79.301,81.512,78.45,80.981,False
Junior Project Manager,1,f6fa578b-5438-5cd6-aa49-04abc1324ec0,81.87,85.599,85.061,81.314,81.905,83.46,82.857,False
Junior Project Manager,1,6afb896c-8acb-5a4b-b369-9d80cbee9f1f,80.287,81.359,81.575,79.683,83.07,80.69,80.942,False
Junior Project Manager,1,de030991-b85b-52e3-a4dd-72664226232b,81.209,82.914,82.482,82.865,84.279,84.088,83.726,False
Junior Project Manager,1,66ab42c9-aa6c-5ec8-8368-f76258335142,79.279,78.385,79.404,78.65,79.934,79.095,79.301,False
Junior Project Manager,1,87653cba-d6f4-5273-bc21-c4e7a91254d6,78.758,79.728,80.169,79.853,80.422,79.066,79.844,False
Junior Project Manager,1,e533ea19-450a-5f55-83f9-85d552a9bca3,77.405,78.968,78.807,78.036,77.921,78.992,78.807,False
Junior Project Manager,1,007a690a-291d-54ee-b309-23e67b441757,83.37,84.605,84.242,78.337,82.245,85.159,85.256,False
Junior Project Manager,1,6cec4c02-d9a7-5e44-b757-87627c44772a,80.373,80.979,83.271,82.653,84.101,83.63,83.48,False
Junior+ Project Manager,1,34ec6be1-4be8-5d37-9d82-42ba89664046,81.039,81.757,81.411,80.505,81.363,81.7,81.035,False
"Junior Project Manager,  Account Manager",1,13d0336d-f375-5991-bd73-e1a95a46f1d2,80.564,84.096,84.46,82.79,83.871,82.064,82.225,False
Junior Project Manager Assistant / Intern,1,41835230-c25a-597f-b00d-42df765636dc,82.203,83.262,82.611,81.264,82.531,82.932,82.968,False
Junior Project Manager/Assistant Project Manager,1,3de99076-e694-5db2-9320-0b2500f94920,84.207,82.87,82.859,84.043,84.038,84.365,84.237,False
Junior Project Manager; Assistant Project Manager,1,8558c08c-afda-5f32-ade0-2e030163b89a,80.494,81.594,81.85,79.561,79.56,81.902,81.823,False
"Junior Project Manager, Assistant Project Manager, IT Project Manager",1,3aeb3873-aea0-5e2c-bdda-53d39fe115d1,81.576,82.495,81.755,80.244,78.541,82.49,82.854,False
Junior Project Manager / Business Analyst,1,cb6d4acc-acbc-5f8e-9e1f-b4fc4f05ebc4,84.274,82.952,83.053,84.326,84.127,84.429,83.961,False
"Junior Project Manager, Cinema Art Director, junior HR",1,17fd82b4-b20b-5936-9e71-f0e328150ad0,74.669,75.305,75.53,78.928,78.435,75.524,75.572,False
Junior Project Manager / Event Manager / Sales Manager,1,82c44a5d-900a-5ea7-a348-c56a05b38edd,78.783,81.236,80.971,80.848,82.173,81.877,81.598,False
"Junior Project Manager, Finance Analyst, Cost Controller",1,d664e37f-0bc8-5679-b6a5-b12d07042b9f,81.537,80.474,80.565,80.603,80.874,81.354,81.341,False
Junior Project Manager in IT,1,2a42a281-5901-5c49-bfa0-a1d0ed5bc1b5,79.434,81.882,81.805,80.44,80.279,82.083,82.485,False
Junior Project Manager/ Intern,1,541fc592-3dbb-5af6-8224-193d6bbdbba1,79.47,79.687,79.123,77.361,78.742,79.068,79.387,False
