,Twice GPT-4o Google_UX Score,Cleaned GPT-4o Conversation-Improved CVGoogle_UX Score,Modified GPT-3.5 Google_UX Score,CVGoogle_UX Score,Modified GPT-4o of GPT-3.5-turbo Google_UX Score,Modified GPT-4o of GPT-4o-mini Google_UX Score,Modified GPT-4o-mini Google_UX Score,UX True Label,Will Manipulate
0,84.74,84.285,84.168,84.209,84.903,84.458,83.868,1,True
1,84.597,83.479,85.658,84.209,86.606,84.199,84.344,1,True
2,87.733,87.623,87.486,85.607,88.444,86.448,87.947,1,True
3,84.082,82.527,83.467,80.387,84.231,84.322,81.877,1,True
4,88.951,88.454,87.54,88.592,89.418,88.332,87.55,1,True
5,88.278,87.173,84.544,85.647,85.612,88.553,86.162,1,True
6,84.859,84.539,83.084,84.062,84.311,85.68,85.917,1,True
7,82.374,82.414,84.176,82.276,87.159,82.44,82.063,1,True
8,89.272,89.077,87.869,88.742,88.439,89.672,88.634,1,True
9,85.986,86.0,84.351,84.935,86.073,84.917,84.793,1,True
10,82.878,83.169,87.348,86.397,86.819,81.677,81.936,1,True
11,88.179,88.793,87.324,87.32,87.811,89.721,89.342,1,True
12,86.811,86.38,86.03,85.039,87.538,87.207,87.152,1,True
13,86.542,88.204,85.889,86.066,88.329,86.282,87.103,1,True
14,86.364,86.787,88.313,87.86,87.752,87.202,86.721,1,True
15,83.998,85.322,84.973,84.459,87.063,87.093,87.138,1,True
16,83.23,83.843,84.54,83.081,84.216,84.137,83.757,1,True
17,82.054,81.966,83.275,83.438,84.45,83.417,82.235,1,True
18,85.872,86.149,88.064,85.679,88.252,85.724,86.874,1,True
19,87.927,87.583,77.152,84.887,84.613,86.377,86.178,1,True
20,86.141,86.384,82.575,82.881,82.076,86.638,86.407,1,True
21,83.526,83.072,81.375,82.922,81.963,83.788,84.752,1,True
22,85.327,85.636,78.672,79.112,86.788,83.127,82.728,1,True
23,82.896,83.234,82.775,82.617,83.019,84.059,84.262,1,True
24,85.165,85.325,84.926,84.019,86.882,85.402,85.226,1,True
25,89.685,90.218,88.45,87.614,90.29,89.442,89.757,1,True
26,84.258,85.091,80.695,82.021,81.598,87.901,88.204,1,True
27,85.04,84.49,85.352,82.078,83.746,86.58,86.532,1,True
28,86.433,86.034,87.137,84.91,85.727,85.981,86.129,1,True
29,81.414,81.564,84.097,84.396,84.217,87.621,85.075,1,True
30,85.103,84.876,85.585,85.532,85.782,85.019,85.278,1,True
31,83.33,83.14,77.416,78.96,77.653,83.77,83.784,1,True
32,85.842,86.03,86.309,86.718,86.418,86.81,87.509,1,True
33,89.972,89.577,87.463,87.795,88.048,89.421,89.815,1,True
34,87.101,86.261,85.846,82.868,86.293,85.443,85.265,1,True
35,85.318,85.452,79.907,86.06,79.105,87.216,87.32,1,True
36,83.219,83.035,82.391,81.747,82.022,82.585,83.318,1,True
37,88.666,89.292,87.622,86.568,86.421,86.713,86.467,1,True
38,86.508,85.686,85.103,83.318,86.419,86.56,86.727,1,True
39,85.795,85.775,85.746,82.975,85.408,83.494,83.491,1,True
40,85.808,85.458,83.684,85.882,84.831,85.883,86.367,1,True
41,84.794,85.207,80.756,79.138,84.983,85.043,84.575,1,True
42,85.202,85.66,85.423,85.22,86.424,86.696,86.715,1,True
43,86.775,87.463,87.688,86.401,86.101,86.76,87.41,1,True
44,84.964,84.879,84.209,84.217,87.132,87.064,85.956,1,True
45,87.814,88.695,85.436,85.154,83.622,88.239,87.136,1,True
46,85.274,84.445,85.676,86.226,85.173,85.382,86.573,1,True
47,87.095,88.426,84.058,83.4,86.624,85.972,87.568,1,True
48,86.407,86.068,83.235,83.009,87.702,87.433,87.301,1,True
49,87.932,86.458,85.984,86.893,86.616,86.53,87.32,1,True
50,88.601,89.217,87.38,88.62,87.934,89.63,89.615,1,True
51,84.153,84.457,83.735,86.138,83.401,86.289,85.884,1,True
52,88.074,87.85,85.861,87.525,88.014,89.554,89.272,1,True
53,85.195,85.358,83.297,83.819,85.121,87.136,85.123,1,True
54,87.403,86.435,78.93,80.187,86.219,87.002,86.397,1,True
55,85.47,85.212,86.951,85.63,85.503,84.301,85.366,1,True
56,85.988,85.986,84.641,84.596,85.413,84.864,85.088,1,True
57,86.566,86.109,85.2,85.187,84.671,85.973,86.216,1,True
58,86.779,86.161,84.273,85.207,86.734,86.444,86.313,1,True
59,85.082,84.329,86.851,82.952,87.419,84.969,84.847,1,True
60,88.169,87.855,86.54,84.464,85.984,86.055,86.114,1,True
61,83.097,83.091,84.421,84.993,84.82,84.844,84.693,1,True
62,89.124,88.761,87.547,87.951,87.298,88.999,88.905,1,True
63,86.647,86.694,86.483,87.269,86.432,89.028,89.407,1,True
64,84.921,84.96,85.057,82.519,86.848,85.795,86.608,1,True
65,88.037,87.842,87.082,84.246,86.853,87.411,86.882,1,True
66,85.255,85.403,84.328,82.271,83.244,85.708,84.981,1,True
67,87.093,86.491,84.766,87.795,86.18,88.257,87.161,1,True
68,85.637,87.218,84.804,87.027,85.678,87.965,88.035,1,True
69,86.688,85.543,83.884,81.506,83.395,86.047,85.981,1,True
70,85.853,85.93,86.382,85.065,86.903,86.922,85.895,1,True
71,86.103,86.521,84.789,84.196,84.405,86.127,87.084,1,True
72,87.89,87.735,88.112,85.652,89.397,87.42,87.075,1,True
73,85.604,84.708,85.545,82.195,85.898,85.113,86.413,1,True
74,82.135,82.288,80.85,82.046,83.314,85.311,84.594,1,True
75,86.721,86.819,86.328,86.478,87.251,86.94,86.871,1,True
76,85.204,84.708,81.146,80.239,85.816,84.052,84.859,1,True
77,86.693,86.175,85.02,84.579,85.464,86.61,85.961,1,True
78,87.435,87.15,85.752,86.073,86.347,84.915,85.388,1,True
79,86.12,86.141,83.545,85.791,86.861,86.323,86.353,1,True
80,84.307,84.307,83.214,84.479,83.527,85.7,86.084,1,True
81,82.931,83.383,84.407,84.938,85.344,85.508,85.642,1,True
82,89.447,89.165,82.506,82.33,85.241,86.484,87.528,1,True
83,81.815,81.722,79.334,81.44,83.82,85.4,84.735,1,True
84,83.421,82.856,82.155,80.839,81.947,83.934,84.459,1,True
85,86.907,87.175,86.261,85.438,84.871,85.975,86.585,1,True
86,83.665,83.812,86.029,80.989,85.005,83.786,84.237,1,True
87,87.28,87.422,85.009,84.366,85.432,87.629,88.45,1,True
88,86.731,86.21,80.488,82.219,83.145,87.152,87.398,1,True
89,83.99,84.528,82.405,81.499,83.229,84.472,84.406,1,True
90,88.143,88.027,85.489,85.175,86.393,86.148,87.952,1,True
91,89.296,89.378,83.85,86.426,87.013,87.323,87.48,1,True
92,84.127,83.38,85.494,81.25,86.861,87.16,87.639,1,True
93,86.987,87.593,85.238,84.262,86.27,87.739,87.126,1,True
94,88.404,88.324,86.378,85.66,86.743,88.861,88.877,1,True
95,86.713,86.588,82.746,82.424,81.472,83.612,84.829,1,True
96,88.511,88.332,89.59,89.233,88.992,88.183,88.314,1,True
97,85.345,85.876,82.411,82.906,86.392,86.293,85.823,1,True
98,84.935,84.567,88.119,82.294,86.838,86.761,86.131,1,True
99,85.328,85.298,85.834,86.071,87.049,87.455,87.431,1,True
100,88.323,88.213,83.138,82.102,82.833,86.919,86.575,1,True
101,86.561,86.15,86.318,84.57,86.05,88.301,88.466,1,True
102,89.355,89.179,85.271,86.756,88.566,87.975,87.811,1,True
103,86.349,86.267,86.58,82.908,88.513,86.863,86.682,1,True
104,85.992,86.216,84.302,84.511,84.399,86.724,86.776,1,True
105,84.216,84.842,82.137,80.788,84.157,83.678,83.617,1,True
106,85.846,85.7,84.076,82.26,83.853,85.014,85.131,1,True
107,88.451,88.799,86.702,86.816,84.789,88.054,87.953,1,True
108,85.464,84.484,86.7,81.492,87.204,84.403,84.273,1,True
109,84.583,83.415,80.144,82.457,84.288,86.883,86.505,1,True
110,90.51,90.621,88.304,89.594,89.256,89.839,89.939,1,True
111,88.676,89.456,89.372,88.454,89.344,88.07,87.07,1,True
112,87.553,87.321,86.503,85.713,86.557,87.785,87.526,1,True
113,87.609,87.519,87.34,86.595,87.999,87.681,87.837,1,True
114,88.091,87.537,86.15,85.053,86.672,86.834,87.099,1,True
115,85.364,85.43,86.245,86.174,85.82,86.404,86.636,1,True
116,88.364,87.733,87.051,84.632,88.418,88.262,88.461,1,True
117,85.893,85.815,86.307,84.034,88.495,86.776,86.481,1,True
118,86.331,87.257,82.497,84.713,82.39,87.884,88.672,1,True
119,86.256,86.253,85.365,81.833,84.285,86.64,86.787,1,True
120,87.683,87.767,86.855,86.243,87.139,87.298,86.822,1,True
121,86.946,86.427,87.18,85.324,87.434,86.821,85.952,1,True
122,85.972,85.678,86.187,83.727,86.819,85.686,85.933,1,True
123,87.84,88.079,87.119,87.042,86.796,86.375,86.863,1,True
124,86.038,85.801,85.744,86.075,86.008,86.418,87.32,1,True
125,88.385,89.764,85.372,87.54,86.948,85.554,85.815,1,True
126,83.19,83.087,83.236,83.405,82.402,82.368,83.264,1,True
127,83.843,84.317,83.907,81.667,85.627,84.386,84.735,1,True
128,87.205,88.369,83.368,87.077,86.118,89.473,89.172,1,True
129,83.835,84.008,83.791,82.627,83.433,85.35,84.904,1,True
130,82.738,81.651,81.529,84.676,80.776,81.725,82.345,1,False
131,83.281,84.459,81.432,82.027,84.994,85.708,84.483,1,False
132,85.618,85.14,85.964,86.271,85.601,85.276,85.475,1,False
133,86.774,86.199,82.102,83.457,82.802,86.728,86.789,1,False
134,81.616,80.887,81.335,83.203,82.207,82.114,81.738,1,False
135,79.861,80.733,82.135,82.577,82.757,82.821,82.856,1,False
136,86.176,86.053,80.09,82.571,86.386,86.29,86.206,1,False
137,86.929,87.172,84.375,85.068,85.842,85.75,85.526,1,False
138,88.021,88.125,85.897,87.541,87.512,88.674,89.329,1,False
139,89.825,90.08,89.817,87.981,90.099,88.313,88.035,1,False
140,87.467,87.153,88.231,84.596,87.32,87.594,88.086,1,False
141,84.759,84.954,85.495,84.129,82.539,85.12,84.84,1,False
142,83.192,83.264,82.009,82.836,83.384,83.168,83.589,1,False
143,77.715,78.811,76.988,77.579,79.41,78.853,78.21,1,False
144,84.459,84.353,82.018,82.232,81.602,82.331,82.922,1,False
145,83.882,84.696,83.442,83.246,85.779,84.903,84.7,1,False
146,83.178,83.771,79.726,82.25,84.975,84.627,84.976,1,False
147,86.457,86.647,85.169,84.246,88.763,87.533,85.265,1,False
148,86.697,85.792,84.635,83.876,84.372,85.86,85.489,1,False
149,86.837,86.998,82.544,83.956,83.699,85.436,82.935,1,False
150,87.922,88.34,85.973,87.587,87.896,86.192,86.187,1,False
151,83.927,84.122,82.345,81.926,84.519,83.581,81.533,1,False
152,84.44,84.278,84.321,83.691,84.982,85.23,84.899,1,False
153,83.94,84.063,83.811,81.461,87.368,86.052,86.695,1,False
154,82.23,82.579,78.977,81.109,77.725,83.273,84.254,1,False
155,87.047,87.305,84.248,87.027,86.178,87.15,86.827,1,False
156,83.246,83.16,82.562,82.555,84.504,82.914,83.136,1,False
157,88.165,88.483,87.908,86.75,89.801,89.803,89.749,1,False
158,85.658,85.807,84.74,85.502,87.404,86.186,86.02,1,False
159,84.568,84.199,82.32,81.229,86.875,85.786,85.781,1,False
160,87.95,88.309,87.683,87.415,87.1,88.731,88.877,1,False
161,87.13,87.199,86.762,85.939,87.357,87.438,87.817,1,False
162,87.289,87.752,87.435,87.849,88.327,88.648,88.735,1,False
163,88.905,90.17,89.45,88.823,90.52,88.403,89.932,1,False
164,89.224,89.105,88.011,87.583,88.235,88.932,89.367,1,False
165,85.28,84.967,84.107,83.832,86.079,85.803,85.538,1,False
166,85.357,85.592,86.162,85.447,85.292,86.206,86.528,1,False
167,82.686,82.788,79.53,79.164,81.409,80.661,82.139,1,False
168,84.19,84.093,82.883,81.688,83.969,83.016,83.352,1,False
169,86.03,85.835,82.585,82.091,85.288,85.481,86.789,1,False
170,87.585,87.317,83.711,80.408,86.172,88.291,88.961,1,False
171,86.169,86.554,84.306,84.83,84.363,83.87,84.139,1,False
172,86.796,86.316,87.216,87.198,88.63,87.916,88.364,1,False
173,85.14,84.744,82.836,80.68,83.947,82.913,83.476,1,False
174,87.825,88.245,86.289,84.11,87.324,86.309,87.654,1,False
175,85.692,85.419,80.985,81.783,81.784,83.06,80.403,1,False
176,85.766,85.685,84.204,85.629,86.037,85.529,85.731,1,False
177,86.832,86.425,86.04,82.385,87.266,86.325,85.873,1,False
178,84.697,83.247,83.73,81.284,84.016,83.934,84.514,1,False
179,87.608,87.844,86.535,85.634,86.179,87.225,87.023,1,False
180,83.404,84.219,82.334,82.531,87.155,86.89,86.072,1,False
181,87.604,88.621,82.678,83.516,85.655,85.768,85.542,1,False
182,87.643,87.643,87.268,87.235,84.289,88.824,88.738,1,False
183,86.989,87.987,86.059,84.902,87.363,87.196,87.557,1,False
184,83.891,83.907,83.276,84.55,82.916,82.893,82.59,1,False
185,87.381,86.524,85.717,86.261,85.954,87.185,87.342,1,False
186,81.55,81.894,80.497,82.706,80.755,82.081,82.145,1,False
187,87.62,87.887,86.634,87.383,87.19,87.75,87.541,1,False
188,89.293,88.634,86.12,85.014,88.076,87.38,87.48,1,False
189,87.055,86.729,87.834,87.317,88.464,89.259,88.499,1,False
190,86.319,86.41,86.894,86.483,86.173,87.939,87.806,1,False
191,75.7,75.927,74.326,72.668,76.916,78.381,77.476,1,False
192,85.404,85.617,85.509,85.583,86.422,85.337,86.023,1,False
193,86.705,86.709,79.651,82.03,86.367,85.932,85.786,1,False
194,86.694,87.186,83.32,82.727,86.533,86.097,86.413,1,False
195,85.722,85.695,82.36,81.542,87.695,86.112,86.072,1,False
196,84.722,85.241,80.808,79.444,85.606,85.791,86.005,1,False
197,84.542,84.153,79.374,80.437,85.187,85.019,84.186,1,False
198,83.489,83.317,80.289,80.49,80.962,84.358,84.497,1,False
199,84.582,84.882,80.079,81.789,84.946,84.966,83.497,1,False
200,80.356,79.33,76.471,78.138,78.552,82.539,82.651,1,False
201,84.512,84.401,80.874,79.438,81.405,84.47,84.225,1,False
202,90.104,90.166,88.784,90.052,90.935,90.547,90.398,1,False
203,88.779,88.824,87.557,87.179,87.537,88.821,87.669,1,False
204,84.212,84.259,83.352,84.329,83.425,85.429,86.746,1,False
205,84.081,84.364,85.395,86.282,86.737,84.96,85.226,1,False
206,88.4,85.917,86.304,86.358,86.969,86.387,86.816,1,False
207,85.027,84.592,81.743,83.453,82.579,86.238,86.114,1,False
208,85.939,83.809,85.397,82.217,85.096,83.3,84.035,1,False
209,87.129,87.314,85.964,86.529,85.456,86.334,86.009,1,False
210,84.412,82.794,84.461,83.016,84.635,85.423,85.735,1,False
211,88.728,88.761,84.303,85.368,86.509,89.78,89.714,1,False
212,89.731,89.291,83.394,87.268,82.783,86.627,87.999,1,False
213,88.676,87.974,81.706,83.39,82.555,87.859,87.674,1,False
214,85.485,86.004,84.024,85.508,84.211,87.771,87.5,1,False
215,88.403,88.353,83.151,85.129,88.105,87.06,86.559,1,False
216,84.936,85.89,84.573,85.132,85.653,86.527,85.331,1,False
217,86.852,87.248,87.779,85.263,86.765,87.599,88.048,1,False
218,85.406,84.755,84.954,83.929,86.881,88.546,88.58,1,False
219,86.733,86.975,81.406,82.062,86.413,86.36,86.878,1,False
220,84.02,84.693,85.248,83.826,84.427,86.416,87.086,1,False
221,86.269,86.567,85.708,85.299,86.132,87.316,87.182,1,False
222,86.948,86.897,85.889,85.22,88.431,89.347,88.667,1,False
223,86.961,87.204,85.218,86.003,84.594,85.56,85.001,1,False
224,83.897,84.275,81.686,82.188,84.925,85.573,85.114,1,False
225,86.995,85.885,86.191,85.207,88.664,87.501,87.763,1,False
226,89.586,89.456,87.576,86.491,87.975,89.587,89.464,1,False
227,88.63,89.713,84.046,87.613,84.927,87.387,86.853,1,False
228,84.978,84.946,84.177,85.742,81.695,85.711,84.415,1,False
229,88.081,87.85,88.123,87.112,87.585,88.743,89.384,1,False
230,86.443,86.848,82.392,84.956,83.793,86.54,85.813,1,False
231,86.026,85.669,82.848,82.709,84.42,87.576,87.308,1,False
232,86.981,87.145,82.738,83.823,85.419,87.383,87.429,1,False
233,87.92,87.827,85.382,86.808,85.611,88.558,88.637,1,False
234,87.132,86.924,81.752,81.653,84.899,85.866,86.63,1,False
235,89.162,88.976,86.901,87.97,87.925,88.815,89.429,1,False
236,87.604,88.362,87.696,86.441,85.832,85.588,85.814,1,False
237,88.34,88.705,87.955,87.08,88.581,88.191,89.038,1,False
238,85.577,85.926,84.946,83.155,84.287,85.265,84.927,1,False
239,83.837,83.837,80.512,81.24,86.882,83.885,84.708,1,False
240,80.359,79.441,83.896,79.087,86.522,83.886,84.268,1,False
241,86.933,87.742,86.046,86.918,85.658,87.506,88.273,1,False
242,86.45,87.578,84.498,82.961,82.541,85.77,86.576,1,False
243,88.064,87.823,88.013,84.654,88.389,86.101,86.974,1,False
244,89.345,89.474,89.759,86.919,89.345,86.037,87.801,1,False
245,87.69,87.615,87.142,87.198,87.283,88.143,87.233,1,False
246,85.155,84.675,81.274,82.181,81.158,84.954,85.031,1,False
247,89.301,88.193,80.931,81.38,87.473,87.598,88.265,1,False
248,87.15,87.72,87.461,86.826,88.212,88.872,88.449,1,False
249,87.32,87.189,83.492,83.927,87.985,87.541,87.731,1,False
250,88.27,88.221,86.492,86.44,87.272,85.871,86.231,1,False
251,83.747,83.302,80.224,81.774,83.602,84.013,84.151,1,False
252,83.668,83.566,81.711,83.115,82.696,85.654,85.017,1,False
253,87.588,87.955,86.898,84.188,87.22,86.569,86.66,1,False
254,88.433,88.723,88.131,87.857,87.785,88.776,88.734,1,False
255,84.255,84.77,86.106,86.181,86.41,87.131,86.767,1,False
256,83.899,84.074,82.775,84.314,83.286,86.339,86.596,1,False
257,85.475,84.729,81.586,80.418,82.302,84.096,83.356,1,False
258,85.835,86.386,85.664,83.591,85.84,84.679,84.794,1,False
259,81.741,81.495,80.857,79.137,82.189,81.055,80.528,1,False
260,79.583,78.147,81.023,78.228,82.372,80.07,79.221,0,True
261,81.329,80.847,81.07,81.609,83.296,79.246,79.397,0,True
262,78.238,78.601,79.836,79.725,78.61,80.653,81.3,0,True
263,81.229,80.953,80.311,80.315,80.755,80.714,80.025,0,True
264,81.94,81.937,80.583,82.063,82.719,80.65,81.533,0,True
265,82.021,82.187,80.075,78.716,80.329,79.949,78.461,0,True
266,80.11,80.493,79.007,78.701,81.565,82.701,79.426,0,True
267,80.16,80.207,79.709,79.604,81.166,80.036,80.488,0,True
268,81.346,80.706,78.356,78.912,79.209,79.752,79.058,0,True
269,82.469,83.213,81.807,81.581,82.566,83.353,83.724,0,True
270,79.99,79.718,79.225,77.576,81.559,80.743,80.861,0,True
271,80.793,80.798,80.835,77.834,81.658,82.196,82.011,0,True
272,81.837,80.705,80.929,81.767,81.134,82.583,81.999,0,True
273,78.611,79.285,77.24,76.921,80.848,79.182,77.882,0,True
274,78.515,78.22,78.332,78.332,79.073,80.099,80.207,0,True
275,79.88,79.563,77.685,77.912,78.15,78.905,79.585,0,True
276,78.427,77.848,80.215,78.151,79.47,78.533,78.077,0,True
277,80.089,80.438,78.053,80.017,80.277,79.091,79.264,0,True
278,79.881,80.919,77.544,80.242,79.23,79.127,80.951,0,True
279,76.486,76.283,75.849,74.56,75.314,77.084,76.881,0,True
280,79.295,80.054,78.88,80.623,80.489,79.869,79.938,0,True
281,79.568,79.238,77.995,78.227,78.795,79.69,79.74,0,True
282,77.676,78.666,76.747,76.744,81.656,77.606,77.382,0,True
283,76.613,76.813,75.38,76.668,80.71,77.628,77.048,0,True
284,79.225,79.214,79.327,79.658,80.56,79.67,79.653,0,True
285,81.503,82.091,80.034,81.252,81.046,81.861,82.412,0,True
286,79.361,79.11,77.987,78.624,79.145,79.749,80.38,0,True
287,80.099,80.801,78.629,78.807,81.06,79.655,79.035,0,True
288,78.613,79.202,76.643,77.76,78.341,77.373,76.763,0,True
289,81.684,81.132,80.408,79.096,82.513,80.705,80.926,0,True
290,77.077,77.091,77.188,77.36,75.979,77.139,77.337,0,True
291,81.06,80.188,77.825,78.666,78.389,81.118,80.895,0,True
292,80.018,80.367,80.112,79.025,80.714,80.305,80.61,0,True
293,79.398,79.039,78.813,78.168,80.918,79.432,79.356,0,True
294,79.667,79.75,79.397,79.045,79.567,79.026,78.771,0,True
295,79.313,79.778,78.728,78.204,78.664,81.036,81.577,0,True
296,80.495,80.9,80.117,77.804,78.817,82.307,83.004,0,True
297,75.702,75.941,74.967,75.902,75.627,76.524,76.221,0,True
298,83.141,83.071,82.091,83.337,83.511,86.726,84.982,0,True
299,82.342,81.998,80.574,80.985,83.009,83.128,83.47,0,True
300,79.69,80.174,80.805,78.094,79.77,79.252,79.77,0,True
301,75.961,77.517,75.048,76.029,77.252,76.492,76.654,0,True
302,77.569,77.844,77.984,78.451,76.75,78.406,78.204,0,True
303,76.689,76.874,75.609,76.874,76.969,78.955,78.952,0,True
304,76.746,76.717,76.848,75.935,78.698,77.814,77.644,0,True
305,80.339,80.233,79.793,80.029,80.443,80.37,81.491,0,True
306,79.132,79.839,78.559,78.241,79.49,80.004,78.304,0,True
307,80.873,80.776,80.542,80.299,80.161,80.64,80.946,0,True
308,81.577,81.66,81.177,80.744,81.837,81.626,81.784,0,True
309,82.516,82.498,81.47,81.327,83.101,81.917,81.206,0,True
310,80.407,81.325,81.256,82.265,80.993,83.443,83.914,0,True
311,80.357,81.368,80.82,81.198,82.521,81.055,81.3,0,True
312,78.182,78.296,77.318,76.603,76.279,77.081,76.453,0,True
313,79.846,80.095,76.474,78.715,76.53,79.186,79.549,0,True
314,80.265,80.289,78.256,77.605,79.095,78.852,78.699,0,True
315,78.634,79.116,79.685,79.729,80.913,79.536,79.348,0,True
316,79.325,78.788,76.621,79.045,80.282,78.023,78.536,0,True
317,82.27,82.368,80.166,80.08,80.222,80.559,81.034,0,True
318,79.404,79.228,79.353,78.286,79.393,79.296,79.824,0,True
319,79.159,79.363,79.882,79.195,78.866,79.558,78.364,0,True
320,77.579,77.339,75.71,80.742,76.034,80.795,80.806,0,True
321,81.678,81.662,81.181,81.891,79.986,80.282,80.112,0,True
322,80.327,80.973,80.03,81.321,80.607,81.218,80.97,0,True
323,79.281,79.044,79.327,79.317,79.747,80.153,80.046,0,True
324,79.276,79.776,78.145,79.106,78.124,77.539,79.283,0,True
325,76.348,76.759,74.716,74.33,75.406,77.33,77.514,0,True
326,77.798,78.117,76.957,77.934,78.996,78.171,78.352,0,True
327,78.344,78.659,76.853,79.151,78.291,78.469,78.321,0,True
328,77.683,79.436,78.791,79.282,78.759,79.986,80.135,0,True
329,81.081,81.018,80.626,79.589,82.446,80.199,80.376,0,True
330,79.031,77.727,76.849,77.39,79.376,79.528,78.884,0,True
331,82.204,82.759,81.579,81.588,81.787,79.991,80.989,0,True
332,80.229,81.809,79.73,81.217,80.156,81.261,81.128,0,True
333,77.522,77.39,76.465,77.053,75.474,76.664,77.558,0,True
334,78.828,78.622,77.94,80.594,78.875,81.213,81.25,0,True
335,81.967,81.805,82.41,79.596,82.062,82.569,83.042,0,True
336,78.527,77.975,79.259,79.286,78.904,80.017,79.596,0,True
337,79.661,79.723,80.053,80.395,79.549,82.544,82.155,0,True
338,81.226,80.84,78.652,80.727,79.945,82.384,81.941,0,True
339,78.633,79.478,76.388,76.806,80.533,81.506,81.208,0,True
340,80.607,80.441,78.533,79.981,81.983,82.585,82.467,0,True
341,79.981,80.112,77.442,78.759,80.211,80.575,80.092,0,True
342,81.313,79.646,79.667,80.171,80.303,80.122,79.719,0,True
343,82.844,82.543,81.245,81.385,80.387,83.709,84.259,0,True
344,79.642,80.802,77.283,77.388,78.405,79.157,79.357,0,True
345,80.874,81.397,79.995,81.06,78.704,80.78,81.0,0,True
346,79.554,79.232,76.998,80.739,78.757,80.782,81.873,0,True
347,80.389,80.293,78.243,81.001,80.224,80.562,80.558,0,True
348,78.465,78.881,78.558,79.31,78.352,78.879,79.506,0,True
349,79.197,79.291,79.462,79.164,80.059,79.889,79.216,0,True
350,78.876,78.883,78.512,78.982,77.094,79.774,80.077,0,True
351,80.201,80.21,77.593,79.279,80.791,80.5,80.273,0,True
352,79.972,79.861,78.814,77.488,81.061,80.299,79.671,0,True
353,78.994,79.62,76.692,79.456,79.179,78.284,78.069,0,True
354,80.912,81.854,81.554,81.653,80.964,80.61,80.864,0,True
355,79.083,79.123,79.946,80.746,81.522,80.115,79.605,0,True
356,79.543,79.429,80.463,79.677,80.44,79.475,79.637,0,True
357,77.819,78.521,76.248,77.916,78.09,77.756,77.395,0,True
358,80.661,81.053,77.691,80.706,79.13,80.991,80.986,0,True
359,83.308,83.235,80.216,81.988,81.204,83.601,82.919,0,True
360,80.805,80.677,81.761,81.63,81.998,83.0,83.161,0,True
361,78.489,79.036,75.593,76.937,76.677,78.746,78.514,0,True
362,87.316,87.151,86.731,85.506,85.39,85.655,85.613,0,True
363,80.269,80.43,78.021,78.27,80.197,80.72,81.044,0,True
364,76.887,76.702,77.707,77.33,77.819,80.821,80.003,0,True
365,80.596,80.928,76.89,79.056,80.19,81.263,81.54,0,True
366,81.543,80.602,80.618,82.238,81.393,81.751,81.063,0,True
367,82.511,82.639,80.163,81.064,82.805,81.813,81.518,0,True
368,80.91,80.583,81.949,82.107,80.283,82.72,81.29,0,True
369,78.642,78.18,78.232,78.392,78.559,78.667,78.755,0,True
370,78.811,78.551,77.402,77.033,79.227,78.536,78.033,0,True
371,80.825,81.153,79.187,78.893,79.58,81.363,82.311,0,True
372,78.152,77.083,76.565,79.384,76.743,80.849,80.64,0,True
373,80.229,79.931,79.24,78.875,79.507,77.848,78.508,0,True
374,79.867,81.278,77.403,77.408,82.099,80.575,79.312,0,True
375,79.214,79.967,80.126,79.098,79.865,79.334,79.766,0,True
376,79.929,79.795,77.724,79.517,79.947,81.513,78.825,0,True
377,82.065,81.962,78.463,80.108,81.331,82.295,81.803,0,True
378,81.686,80.618,81.134,81.936,81.933,82.429,80.962,0,True
379,82.959,83.003,82.603,81.74,81.959,81.33,81.741,0,True
380,79.528,79.453,78.075,78.573,81.365,81.413,81.973,0,True
381,77.988,78.261,77.984,78.442,78.759,79.877,79.778,0,True
382,80.686,80.69,79.852,80.901,79.733,80.929,81.472,0,True
383,82.883,82.528,81.84,82.671,83.717,81.737,81.672,0,True
384,80.046,80.019,79.3,80.14,80.251,80.377,80.991,0,True
385,78.521,78.65,77.552,77.582,77.31,77.268,77.057,0,True
386,80.001,80.476,78.623,78.873,79.574,81.029,81.118,0,True
387,80.787,80.894,79.699,80.617,80.58,81.098,80.447,0,True
388,76.895,77.723,78.883,78.261,79.275,80.061,79.585,0,True
389,79.997,79.564,76.042,75.384,75.932,77.335,77.441,0,True
390,79.75,79.736,78.885,78.408,79.225,80.157,80.464,0,False
391,79.062,79.259,75.762,75.989,79.248,80.016,79.853,0,False
392,81.406,81.427,80.693,80.649,81.969,80.386,81.074,0,False
393,79.641,79.533,80.637,79.905,80.407,80.596,81.016,0,False
394,77.826,78.375,80.026,79.093,79.447,80.13,79.754,0,False
395,79.852,79.802,77.86,79.115,77.821,79.667,79.595,0,False
396,79.709,80.801,76.137,79.256,80.181,80.395,80.344,0,False
397,77.09,77.464,76.503,76.503,79.438,78.056,76.404,0,False
398,82.05,81.639,78.277,77.982,80.945,78.041,77.517,0,False
399,80.949,81.04,81.128,80.099,81.363,81.543,81.032,0,False
400,81.155,81.103,81.66,81.66,81.957,82.24,82.245,0,False
401,78.938,79.206,75.17,78.175,76.581,79.127,78.31,0,False
402,78.833,78.873,78.207,78.554,79.636,79.428,80.117,0,False
403,81.067,81.354,78.269,78.21,81.451,81.434,80.996,0,False
404,79.467,79.44,78.234,77.503,77.829,81.485,81.229,0,False
405,78.763,78.247,74.957,75.24,79.487,75.089,75.094,0,False
406,77.257,77.188,76.516,76.272,79.487,76.284,76.157,0,False
407,80.717,79.746,82.158,82.081,81.015,81.436,82.251,0,False
408,84.557,84.232,82.204,81.82,82.641,84.045,83.903,0,False
409,77.627,77.77,80.663,79.801,80.73,79.8,80.133,0,False
410,79.566,79.475,80.006,79.123,80.407,80.301,80.278,0,False
411,82.004,81.868,80.331,79.917,80.023,80.978,80.921,0,False
412,78.788,78.229,79.759,77.896,79.54,78.76,79.981,0,False
413,80.174,80.094,80.118,79.351,80.809,80.32,80.758,0,False
414,79.391,79.397,78.606,78.441,80.731,78.888,79.174,0,False
415,76.502,76.7,74.69,74.021,74.888,78.4,78.685,0,False
416,77.536,77.083,77.216,77.18,78.705,78.806,78.387,0,False
417,80.323,80.642,81.053,80.794,80.643,80.389,80.766,0,False
418,78.633,78.111,77.995,77.792,79.641,78.715,78.96,0,False
419,80.215,79.656,79.24,79.569,80.627,81.065,80.98,0,False
420,80.622,80.515,78.735,77.81,80.53,78.327,78.349,0,False
421,80.758,80.868,80.678,80.984,80.489,80.562,81.068,0,False
422,77.287,77.246,77.091,78.193,78.728,79.022,78.901,0,False
423,78.208,78.165,74.619,75.2,74.925,78.8,74.529,0,False
424,84.946,85.252,79.717,81.996,84.217,85.202,85.454,0,False
425,76.842,76.546,73.193,72.858,75.382,72.435,72.51,0,False
426,75.705,75.096,75.21,74.564,74.509,75.197,75.154,0,False
427,78.037,77.807,79.23,78.677,78.159,79.261,79.818,0,False
428,78.951,78.766,78.009,78.575,80.925,80.743,80.468,0,False
429,79.336,80.423,77.082,77.162,76.115,80.35,80.951,0,False
430,80.171,79.67,77.686,78.291,78.564,81.2,81.262,0,False
431,81.102,80.828,79.862,78.865,81.368,81.409,80.703,0,False
432,80.136,79.569,78.55,79.502,81.144,81.529,81.274,0,False
433,82.024,81.721,77.851,79.579,79.281,83.288,81.686,0,False
434,80.623,81.361,80.577,80.711,81.428,81.91,82.075,0,False
435,83.208,83.22,81.17,81.139,81.493,82.326,82.833,0,False
436,81.026,81.047,82.528,78.47,81.933,81.763,81.792,0,False
437,80.639,81.143,79.166,79.725,79.387,81.356,82.28,0,False
438,84.678,84.739,84.521,84.575,84.143,84.487,84.112,0,False
439,77.734,77.538,80.282,79.07,78.876,78.477,77.435,0,False
440,79.52,79.253,81.084,75.672,80.986,79.966,80.041,0,False
441,79.684,80.789,81.422,78.445,80.505,81.232,81.647,0,False
442,78.606,79.152,77.368,78.609,79.534,80.222,80.16,0,False
443,80.141,80.362,79.208,79.514,81.174,80.189,79.896,0,False
444,79.753,80.011,79.415,79.081,80.705,80.39,80.876,0,False
445,78.223,78.372,78.489,75.858,79.885,78.771,79.304,0,False
446,78.962,79.112,77.261,77.464,77.291,80.449,81.07,0,False
447,78.842,78.556,76.08,77.76,77.67,79.747,79.279,0,False
448,81.159,81.263,78.932,79.381,78.528,80.459,79.841,0,False
449,78.681,78.736,77.79,80.429,80.0,80.012,80.949,0,False
450,78.44,78.754,77.517,79.403,77.918,79.291,79.284,0,False
451,78.576,78.76,77.463,77.031,76.81,79.127,78.87,0,False
452,82.86,82.849,83.608,83.684,83.143,83.864,83.48,0,False
453,81.044,81.158,81.137,82.915,82.263,83.737,84.189,0,False
454,80.441,80.386,78.212,79.226,81.515,81.191,80.655,0,False
455,76.667,76.894,76.511,77.299,76.278,76.885,77.398,0,False
456,78.271,78.1,78.042,78.775,78.42,81.391,81.187,0,False
457,78.801,79.416,78.835,79.094,77.849,79.927,78.968,0,False
458,83.384,83.764,80.376,82.06,82.67,83.422,83.606,0,False
459,80.924,80.417,76.728,78.276,81.056,80.58,81.024,0,False
460,78.934,78.861,80.52,77.845,81.702,80.143,80.111,0,False
461,80.002,80.364,74.756,77.508,75.974,77.971,77.571,0,False
462,82.974,82.671,79.159,82.473,82.368,82.288,82.218,0,False
463,80.48,79.776,79.164,79.281,79.865,80.496,80.118,0,False
464,79.71,79.465,79.309,76.914,80.451,79.726,80.056,0,False
465,83.803,84.126,81.683,80.285,82.251,81.507,81.839,0,False
466,77.08,77.028,76.038,75.919,77.966,77.533,78.341,0,False
467,79.783,80.254,77.679,80.462,80.25,78.213,80.342,0,False
468,83.736,84.049,80.249,78.399,83.54,82.297,82.946,0,False
469,78.1,78.681,77.092,75.298,77.189,78.14,78.146,0,False
470,78.707,78.935,78.222,79.181,77.834,79.304,79.742,0,False
471,80.492,80.413,79.695,78.716,80.088,81.823,81.658,0,False
472,84.279,83.89,82.48,83.21,83.121,82.523,83.259,0,False
473,77.694,77.084,77.091,76.772,76.953,76.725,76.565,0,False
474,79.495,79.884,77.981,78.73,80.102,78.379,78.277,0,False
475,82.428,82.661,79.418,81.843,79.024,82.419,81.165,0,False
476,78.829,78.827,77.616,77.525,79.01,78.205,78.418,0,False
477,78.792,78.485,78.208,79.081,81.004,78.921,78.819,0,False
478,77.808,77.437,78.125,77.939,79.493,77.942,78.546,0,False
479,82.048,81.801,82.898,80.533,82.538,84.004,83.517,0,False
480,81.417,81.137,79.926,82.487,80.248,83.651,82.498,0,False
481,82.564,82.208,81.488,81.524,79.815,84.083,84.135,0,False
482,79.716,79.895,78.839,76.757,78.606,80.91,81.36,0,False
483,81.291,82.639,77.1,79.591,77.504,81.187,80.939,0,False
484,81.159,79.96,76.336,79.365,76.133,78.76,79.746,0,False
485,77.521,78.439,75.163,75.297,76.189,78.9,76.822,0,False
486,77.992,78.702,78.022,77.562,78.842,76.878,78.489,0,False
487,81.067,81.497,75.989,79.848,80.229,80.972,80.751,0,False
488,80.259,80.211,79.935,79.045,80.241,82.294,81.413,0,False
489,80.364,79.987,80.191,79.82,79.982,83.125,82.88,0,False
490,82.29,82.265,81.182,80.863,81.208,82.494,82.451,0,False
491,79.588,78.865,81.703,80.198,82.053,83.361,83.255,0,False
492,80.229,79.94,77.327,80.466,77.235,82.743,81.87,0,False
493,79.461,78.691,78.331,78.434,78.902,80.349,79.833,0,False
494,78.934,79.413,79.489,79.826,79.43,80.874,80.059,0,False
495,80.465,79.33,79.597,79.471,81.792,80.627,79.763,0,False
496,77.544,77.96,76.637,77.39,77.893,79.933,79.335,0,False
497,81.292,80.805,78.99,80.539,82.38,81.002,81.31,0,False
498,77.656,77.242,77.877,78.231,78.309,77.773,77.826,0,False
499,77.011,77.737,79.088,77.884,80.257,81.037,77.991,0,False
500,80.311,79.989,77.71,80.193,78.803,81.746,82.035,0,False
501,79.932,79.814,75.186,77.577,79.031,78.623,77.339,0,False
502,76.39,76.444,77.311,76.603,77.813,77.924,77.939,0,False
503,77.132,75.943,75.942,76.121,77.817,76.269,76.205,0,False
504,81.076,80.115,80.418,80.135,81.493,83.06,82.343,0,False
505,78.418,78.475,79.244,78.658,79.633,79.195,78.647,0,False
506,79.043,79.833,73.745,78.275,79.801,80.064,79.082,0,False
507,81.676,80.268,79.509,80.374,82.066,80.131,80.283,0,False
508,80.206,79.542,78.525,79.345,80.249,78.98,79.698,0,False
509,79.336,79.551,80.665,78.982,81.015,80.03,80.624,0,False
510,81.641,82.429,80.569,80.316,81.909,83.209,83.285,0,False
511,79.854,80.186,78.863,80.333,79.134,81.067,81.073,0,False
512,78.125,77.955,76.806,77.049,76.485,78.039,78.4,0,False
513,79.136,79.915,77.791,79.743,76.82,80.693,81.264,0,False
514,79.969,80.296,79.926,80.593,80.373,81.387,81.421,0,False
515,76.311,76.372,77.665,74.234,78.273,75.194,74.785,0,False
516,78.298,78.109,78.972,78.321,79.433,79.424,79.669,0,False
517,76.431,76.873,75.863,75.865,76.203,75.766,75.561,0,False
518,80.328,79.596,79.892,78.548,79.852,79.907,79.428,0,False
519,77.67,78.014,74.227,77.255,76.545,78.841,78.021,0,False
