Unnamed: 0,Modified_deepseek/deepseek-chat_of_Modified_deepseek/deepseek-chat_of_resume_Modeldeepseek/deepseek-chat_Modeldeepseek/deepseek-chat DoorDash Score
6018,77.927
6021,79.526
6026,80.148
9479,78.906
16980,78.075
17014,77.412
18230,79.826
18348,79.493
26715,81.596
26747,82.54
29788,77.893
29835,81.027
30606,76.688
30845,82.475
32072,81.215
46443,83.876
46506,80.02
50300,81.759
51419,78.125
53971,78.105
53972,80.574
53973,77.042
53974,76.074
53975,78.21
53976,77.25
53977,81.198
53978,79.491
53979,77.714
53981,76.875
54796,76.165
54797,79.384
54798,79.06
54799,77.03
54800,73.853
56453,80.687
56528,80.641
56542,76.469
56543,75.744
56544,78.156
56545,78.479
56618,79.6
56619,75.821
56629,78.581
56630,76.631
56631,82.055
56632,80.978
56633,81.755
56634,76.932
56635,78.917
56637,76.91
56638,77.434
56639,78.081
56641,78.465
56642,78.722
56643,84.24
56644,77.166
56645,78.721
56646,76.158
56647,78.395
56648,80.827
56649,76.111
56650,79.971
56651,79.036
56652,78.609
56653,80.025
56654,79.632
56656,75.603
56657,74.402
56661,79.758
56662,75.583
56725,78.213
56795,75.841
56796,75.048
56797,77.791
56798,76.207
56799,72.472
56800,77.034
56801,77.997
56802,75.958
56803,82.126
56804,78.507
56805,78.205
56807,81.182
56809,80.051
56859,76.177
56860,78.671
56861,78.617
56862,78.052
57384,81.06
57400,83.294
62042,79.715
63086,76.649
63087,81.228
83710,79.003
83711,78.565
86666,79.419
87779,80.501
97622,78.058
98134,79.639
98135,79.618
98136,77.22
98137,77.334
98138,78.95
98171,79.897
98172,75.115
98173,78.54
98245,78.378
98250,81.22
98251,79.508
98252,77.446
98253,79.748
98254,78.391
98255,80.756
98256,80.396
98257,80.903
98258,81.159
98259,80.387
98260,82.338
98261,81.324
98262,78.858
98263,77.872
98264,82.764
98265,79.939
98266,82.79
98267,75.912
98268,79.839
98269,78.865
98270,80.894
98271,78.309
98272,80.562
98273,79.984
98274,78.824
98275,78.476
98276,77.684
98277,76.913
98278,77.186
98279,81.958
98280,80.211
98281,80.712
98282,80.123
98283,81.253
98284,78.408
98285,78.377
98286,78.019
98287,81.064
98288,79.099
98289,78.141
98290,77.469
98291,80.526
98292,80.594
98293,78.29
98294,80.097
98295,78.364
98296,77.732
98297,80.444
98298,81.062
98299,78.917
98300,79.818
98301,78.156
98302,79.972
98303,78.375
98304,78.728
98305,83.893
98306,78.653
98307,77.583
98308,78.171
98309,77.112
98310,81.557
98311,78.45
98312,79.607
98313,78.646
98314,82.724
98315,79.642
98316,84.346
98317,77.535
98318,80.395
98319,78.822
98320,79.64
98321,80.886
98322,76.516
98323,79.202
98324,77.998
98325,81.019
98326,78.621
98327,77.725
98328,80.183
98329,80.367
98330,80.244
98331,77.985
98332,77.355
98333,77.283
98334,79.741
98335,80.442
98336,77.442
98337,79.365
98338,82.09
98339,78.206
98340,77.109
98341,80.5
98342,82.183
98343,75.128
98344,79.471
98345,80.17
98346,78.052
98347,80.007
98348,76.813
98349,80.521
98350,80.594
98351,77.108
98352,74.188
98353,77.608
98354,79.208
98355,81.926
98356,77.83
98357,81.729
98358,81.099
98359,78.696
98360,80.387
98361,79.607
98362,79.094
98363,79.307
98364,73.676
98365,77.127
98366,75.646
98367,79.941
98368,77.624
98369,78.447
98370,79.643
98371,79.527
98372,80.094
98373,84.829
98374,79.65
98375,80.202
98376,80.346
98377,79.901
98378,81.538
98379,81.395
98380,81.532
98381,76.728
98382,79.161
98383,81.897
98384,80.811
98385,77.133
98386,75.837
98387,81.017
98388,80.319
98389,79.729
98390,81.543
98391,78.994
98392,78.981
98393,77.326
98394,75.25
98395,80.514
98396,78.588
98397,79.411
98398,79.37
98399,75.676
98400,75.642
98401,77.487
98402,84.617
1747,79.445
1784,79.244
2476,83.271
2515,82.572
2517,80.301
2529,82.683
2538,82.779
2551,83.397
2553,83.507
2554,84.443
2555,80.868
2556,81.751
2577,82.089
2582,82.242
2583,80.494
2584,83.37
2585,82.812
2586,81.634
2587,82.47
2588,81.133
2589,85.155
2590,83.877
2591,82.961
2592,84.916
2594,84.106
2595,82.081
2597,86.045
2645,84.26
2654,82.134
2655,83.976
2656,82.981
2657,79.377
2658,82.471
2659,82.249
2660,84.587
2741,78.11
2766,81.63
2793,83.086
2810,79.138
2824,82.373
3002,84.144
3021,83.698
3093,82.064
3105,83.821
3113,80.007
3118,83.508
3120,82.462
3122,83.017
3123,80.424
3133,83.726
3134,82.92
3135,84.811
3136,82.546
3137,83.048
3138,80.339
3139,80.762
3140,82.103
3141,82.301
3142,84.284
3143,79.758
3144,81.916
3145,80.802
3146,78.198
3147,82.236
3148,80.881
3149,82.538
3150,83.057
3153,81.12
3155,81.168
3156,82.876
3157,78.674
3158,79.127
3159,82.2
3160,80.329
3161,85.472
3162,80.759
3186,81.0
3225,84.862
3315,79.836
3321,82.622
3332,77.213
5877,78.468
5981,84.393
6043,83.23
6078,81.938
6081,82.41
6082,81.795
6090,79.991
6127,85.934
6211,82.045
6213,84.413
6214,82.873
6231,79.89
6232,82.787
6233,83.468
6239,78.226
6240,82.85
6254,82.862
6255,79.462
6342,80.647
7630,79.472
7654,81.159
8890,82.053
8916,78.43
9028,80.564
9066,79.312
9445,82.153
9542,82.951
9546,82.785
9547,80.035
9583,81.039
9587,78.909
12037,81.843
12116,79.693
12122,82.91
12124,82.862
12141,81.893
12143,80.781
12149,80.903
12161,81.928
12252,84.239
12408,78.822
12409,82.767
12410,82.299
12418,81.175
12422,81.959
12435,82.433
12436,79.666
12437,80.343
12447,82.869
12448,83.926
12449,81.993
12450,81.093
12451,82.981
12452,83.551
12453,82.656
12454,80.899
12455,85.038
12456,83.502
12457,81.242
12458,80.918
12459,81.96
12460,83.515
12461,83.096
12462,81.042
12463,75.221
12464,85.592
12465,83.521
12466,80.377
12467,79.499
12468,81.321
12469,76.762
12470,85.874
12471,82.845
12472,82.728
12473,81.146
12474,79.178
12475,82.314
12476,81.466
12477,81.616
12478,83.915
12479,83.065
12480,82.705
12481,80.61
12482,82.697
12483,80.855
12484,81.075
12485,83.747
12486,83.048
12487,83.972
12488,80.957
12489,79.446
12490,81.111
12491,82.448
12492,81.755
12493,76.276
12494,80.98
12495,82.114
12496,80.139
12497,82.293
12498,85.209
12499,83.269
12500,78.333
12501,74.049
12502,85.767
12503,79.372
12504,84.242
12505,75.856
12506,81.22
12507,80.4
12508,81.996
12509,79.393
12510,83.572
12511,82.428
12512,80.433
12513,81.91
12514,85.796
12515,83.975
12516,82.175
12518,84.024
12519,81.119
12520,84.691
12521,82.609
12523,82.772
12525,86.196
12526,84.654
12527,82.074
12528,79.835
12529,85.432
12530,80.452
12531,75.763
12532,82.138
12533,82.324
12565,84.542
12656,82.599
12674,82.413
12687,80.619
12736,82.538
13078,80.751
13080,83.706
13146,78.562
13147,81.22
13148,83.345
13149,81.795
13150,81.973
13196,84.429
13382,83.212
13461,78.365
13475,83.972
13477,81.485
13537,84.382
13893,83.933
13897,82.807
14744,81.231
14862,83.514
14882,81.761
14890,83.315
14906,80.114
14907,81.839
14914,82.621
14916,80.644
14930,83.117
14932,75.406
14939,79.401
14947,80.58
15180,79.693
15240,81.204
15339,84.76
15419,81.875
15425,83.981
15426,82.931
15474,83.196
15519,82.303
15524,82.993
15589,83.01
15679,77.098
15743,76.239
16036,83.568
16039,80.954
16064,85.824
