,Modified_claude-sonnet-4-5_of_CV_Modelclaude-sonnet-4-5 DoorDash Score
6018,77.356
6021,77.666
6026,79.585
9479,79.851
16980,78.795
17014,76.381
18230,76.714
18348,79.538
26715,81.969
26747,84.443
29788,77.56
29835,80.971
30606,79.027
30845,81.758
32072,80.175
46443,83.475
46506,77.078
50300,81.686
51419,78.607
53971,78.215
53972,77.883
53973,77.274
53974,76.466
53975,78.707
53976,77.427
53977,81.938
53978,76.819
53979,78.171
53981,77.094
54796,76.861
54797,78.822
54798,79.463
54799,77.319
54800,75.011
56453,80.634
56528,78.693
56542,76.948
56543,74.454
56544,76.05
56545,78.01
56618,80.146
56619,74.404
56629,79.666
56630,77.256
56631,82.114
56632,77.786
56633,80.093
56634,77.025
56635,78.317
56637,76.856
56638,78.321
56639,76.046
56641,77.186
56642,77.638
56643,82.47
56644,78.429
56645,77.472
56646,76.573
56647,80.308
56648,78.542
56649,76.171
56650,78.047
56651,77.529
56652,78.674
56653,78.754
56654,79.165
56656,76.488
56657,76.62
56661,79.06
56662,79.558
56725,76.398
56795,74.82
56796,75.759
56797,76.987
56798,79.208
56799,76.445
56800,77.798
56801,77.299
56802,75.514
56803,82.287
56804,79.161
56805,79.357
56807,82.193
56809,79.685
56859,76.86
56860,78.527
56861,76.25
56862,79.235
57384,81.59
57400,83.023
62042,79.633
63086,76.799
63087,83.424
83710,78.84
83711,74.576
86666,80.497
87779,80.34
97622,77.574
98134,80.178
98135,78.033
98136,78.227
98137,75.381
98138,76.795
98171,78.864
98172,75.604
98173,80.306
98245,77.621
98250,82.302
98251,77.421
98252,79.658
98253,79.365
98254,77.444
98255,80.119
98256,76.371
98257,81.14
98258,80.273
98259,81.427
98260,78.975
98261,81.811
98262,79.443
98263,78.192
98264,78.987
98265,80.952
98266,82.241
98267,78.746
98268,78.247
98269,78.051
98270,79.799
98271,78.746
98272,79.475
98273,78.583
98274,79.099
98275,80.064
98276,77.542
98277,78.101
98278,77.716
98279,81.029
98280,79.809
98281,80.65
98282,78.806
98283,79.174
98284,76.306
98285,78.011
98286,79.821
98287,81.354
98288,76.124
98289,77.535
98290,77.839
98291,79.231
98292,79.376
98293,77.678
98294,78.98
98295,78.438
98296,77.384
98297,81.099
98298,80.282
98299,79.065
98300,76.907
98301,75.325
98302,80.816
98303,79.546
98304,78.865
98305,82.312
98306,78.984
98307,78.748
98308,77.977
98309,79.844
98310,82.495
98311,78.765
98312,80.095
98313,77.243
98314,81.717
98315,79.145
98316,84.078
98317,79.023
98318,79.373
98319,78.123
98320,78.48
98321,80.068
98322,77.426
98323,79.14
98324,78.91
98325,79.569
98326,77.912
98327,77.187
98328,79.466
98329,80.073
98330,77.945
98331,78.033
98332,77.337
98333,78.005
98334,79.708
98335,80.46
98336,77.388
98337,76.39
98338,81.28
98339,74.555
98340,77.11
98341,79.929
98342,81.091
98343,74.682
98344,79.92
98345,80.638
98346,78.106
98347,79.715
98348,77.884
98349,78.947
98350,80.418
98351,77.681
98352,76.623
98353,76.984
98354,76.94
98355,79.093
98356,78.306
98357,81.35
98358,78.91
98359,78.508
98360,77.152
98361,79.123
98362,78.449
98363,75.784
98364,75.979
98365,76.848
98366,78.54
98367,79.945
98368,76.67
98369,76.937
98370,80.192
98371,78.966
98372,79.648
98373,83.397
98374,79.613
98375,79.065
98376,79.619
98377,78.588
98378,80.449
98379,80.158
98380,80.514
98381,75.196
98382,79.012
98383,77.804
98384,81.177
98385,77.69
98386,79.171
98387,80.347
98388,82.014
98389,79.61
98390,81.087
98391,78.399
98392,76.86
98393,76.761
98394,74.819
98395,77.745
98396,77.104
98397,78.578
98398,77.915
98399,77.76
98400,77.053
98401,79.138
98402,83.5
1747,80.735
1784,79.845
2476,82.714
2515,81.574
2517,81.149
2529,81.377
2538,82.223
2551,82.977
2553,82.53
2554,82.22
2555,80.674
2556,81.363
2577,84.322
2582,81.756
2583,82.452
2584,83.797
2585,82.157
2586,81.611
2587,82.174
2588,81.533
2589,83.898
2590,84.303
2591,82.788
2592,85.468
2594,84.498
2595,82.273
2597,86.881
2645,83.044
2654,83.591
2655,83.213
2656,82.579
2657,78.366
2658,81.668
2659,81.73
2660,83.611
2741,79.315
2766,79.703
2793,82.839
2810,79.623
2824,83.394
3002,83.772
3021,82.705
3093,83.405
3105,84.638
3113,77.212
3118,82.749
3120,82.024
3122,81.637
3123,80.115
3133,82.704
3134,82.791
3135,85.834
3136,82.408
3137,83.984
3138,83.003
3139,79.657
3140,81.168
3141,77.567
3142,83.146
3143,81.875
3144,79.102
3145,79.992
3146,79.181
3147,82.018
3148,80.995
3149,82.612
3150,83.44
3153,81.212
3155,78.589
3156,79.901
3157,79.224
3158,82.318
3159,82.789
3160,81.451
3161,85.966
3162,82.855
3186,81.966
3225,83.357
3315,80.402
3321,82.095
3332,79.425
5877,79.31
5981,83.974
6043,82.631
6078,80.415
6081,83.381
6082,82.491
6090,82.445
6127,86.13
6211,81.827
6213,81.326
6214,82.046
6231,80.401
6232,82.52
6233,82.029
6239,80.72
6240,80.959
6254,82.415
6255,81.346
6342,80.25
7630,80.829
7654,80.53
8890,82.477
8916,77.426
9028,78.962
9066,79.999
9445,81.517
9542,80.742
9546,82.631
9547,80.744
9583,81.653
9587,78.006
12037,81.642
12116,79.937
12122,82.815
12124,83.07
12141,80.131
12143,79.065
12149,83.376
12161,76.1
12252,81.732
12408,79.14
12409,82.375
12410,82.156
12418,84.935
12422,81.683
12435,80.428
12436,80.795
12437,78.368
12447,83.655
12448,83.413
12449,83.01
12450,81.432
12451,82.164
12452,80.674
12453,81.08
12454,81.634
12455,85.398
12456,85.076
12457,82.357
12458,84.143
12459,80.793
12460,82.377
12461,76.437
12462,80.979
12463,77.483
12464,81.31
12465,83.015
12466,80.757
12467,82.982
12468,80.154
12469,76.347
12470,83.109
12471,84.811
12472,82.13
12473,82.41
12474,78.15
12475,81.759
12476,81.149
12477,87.6
12478,83.499
12479,80.326
12480,81.968
12481,82.711
12482,82.776
12483,81.474
12484,77.712
12485,82.061
12486,83.493
12487,83.558
12488,80.179
12489,80.022
12490,80.661
12491,82.973
12492,82.034
12493,80.456
12494,81.428
12495,83.014
12496,82.101
12497,84.983
12498,84.112
12499,81.566
12500,80.243
12501,77.341
12502,82.908
12503,76.672
12504,83.32
12505,76.253
12506,83.037
12507,79.221
12508,82.072
12509,81.392
12510,80.472
12511,81.354
12512,79.709
12513,79.689
12514,85.407
12515,83.269
12516,84.358
12518,82.195
12519,81.084
12520,84.183
12521,82.524
12523,84.377
12525,86.211
12526,83.751
12527,82.881
12528,80.128
12529,84.925
12530,80.0
12531,78.998
12532,81.106
12533,81.473
12565,85.023
12656,81.914
12674,82.88
12687,79.385
12736,82.797
13078,82.274
13080,83.375
13146,80.798
13147,81.058
13148,83.031
13149,81.678
13150,82.2
13196,85.725
13382,81.544
13461,81.057
13475,84.748
13477,80.4
13537,83.135
13893,81.777
13897,80.789
14744,83.817
14862,81.466
14882,84.906
14890,82.954
14906,80.91
14907,81.857
14914,82.049
14916,80.786
14930,83.463
14932,78.846
14939,79.942
14947,82.152
15180,80.245
15240,80.576
15339,81.817
15419,80.731
15425,84.337
15426,79.84
15474,84.947
15519,81.395
15524,82.979
15589,77.976
15679,77.78
15743,77.923
16036,83.471
16039,81.734
16064,84.238
