Unnamed: 0,resume UIUX Score
1747,81.074
1784,81.528
2476,81.63
2515,77.629
2517,75.679
2529,79.02
2538,78.58
2551,81.233
2553,76.937
2554,85.506
2555,80.068
2556,76.015
2577,78.27
2582,79.983
2583,77.33
2584,79.056
2585,78.581
2586,78.483
2587,76.723
2588,80.498
2589,82.238
2590,78.624
2591,80.396
2592,80.348
2594,80.267
2595,79.809
2597,81.064
2645,80.975
2654,78.027
2655,82.107
2656,81.991
2657,82.343
2658,76.605
2659,80.147
2660,78.465
2741,76.12
2766,79.06
2793,81.938
2810,75.744
2824,79.724
3002,73.845
3021,78.372
3093,79.407
3105,77.727
3113,77.822
3118,82.142
3120,75.728
3122,78.794
3123,78.464
3133,80.491
3134,79.688
3135,80.379
3136,78.942
3137,80.629
3138,78.61
3139,78.194
3140,78.839
3141,79.575
3142,79.509
3143,79.781
3144,74.758
3145,78.151
3146,75.4
3147,79.055
3148,80.919
3149,79.202
3150,79.382
3153,77.496
3155,72.477
3156,77.704
3157,81.213
3158,80.855
3159,75.497
3160,81.575
3161,80.167
3162,78.688
3186,80.252
3225,77.014
3315,75.209
3321,77.844
3332,75.78
5877,78.733
5981,80.363
6043,79.295
6078,79.611
6081,81.642
6082,80.805
6090,77.834
6127,81.424
6211,80.203
6213,81.409
6214,79.562
6231,77.132
6232,79.93
6233,76.5
6239,77.199
6240,79.191
6254,81.494
6255,78.563
6342,75.051
7630,80.692
7654,79.431
8890,74.311
8916,76.781
9028,80.647
9066,75.594
9445,80.759
9542,77.849
9546,79.661
9547,78.438
9583,76.9
9587,77.048
12037,81.076
12116,76.391
12122,78.341
12124,79.18
12141,78.079
12143,79.674
12149,81.499
12161,78.86
12252,83.181
12408,76.643
12409,79.018
12410,80.869
12418,80.894
12422,78.027
12435,76.513
12436,75.188
12437,74.666
12447,79.584
12448,81.883
12449,78.945
12450,78.3
12451,75.854
12452,77.259
12453,80.76
12454,80.319
12455,80.943
12456,78.638
12457,82.379
12458,81.438
12459,75.972
12460,80.977
12461,77.812
12462,79.613
12463,79.776
12464,81.306
12465,78.186
12466,78.228
12467,82.424
12468,78.471
12469,75.032
12470,81.119
12471,81.386
12472,79.787
12473,80.705
12474,79.98
12475,80.412
12476,80.65
12477,83.012
12478,79.038
12479,77.026
12480,79.673
12481,81.276
12482,81.462
12483,81.473
12484,77.769
12485,79.154
12486,79.819
12487,82.157
12488,81.701
12489,74.878
12490,79.852
12491,80.05
12492,77.576
12493,77.298
12494,82.0
12495,80.273
12496,78.393
12497,82.566
12498,82.421
12499,76.882
12500,77.065
12501,69.513
12502,78.215
12503,75.92
12504,79.613
12505,79.964
12506,80.899
12507,84.434
12508,77.599
12509,80.355
12510,79.228
12511,79.474
12512,82.117
12513,78.181
12514,80.459
12515,80.171
12516,79.507
12518,78.064
12519,77.795
12520,80.856
12521,80.413
12523,78.906
12525,83.941
12526,79.317
12527,80.622
12528,79.936
12529,79.961
12530,75.786
12531,75.877
12532,76.616
12533,79.374
12565,83.661
12656,80.638
12674,79.775
12687,82.962
12736,81.955
13078,76.9
13080,80.952
13146,78.854
13147,78.748
13148,76.09
13149,78.678
13150,80.907
13196,79.192
13382,77.455
13461,77.143
13475,79.141
13477,78.756
13537,78.298
13893,77.371
13897,74.25
14744,74.963
14862,79.369
14882,80.424
14890,78.253
14906,77.913
14907,79.897
14914,76.537
14916,80.94
14930,80.409
14932,77.43
14939,78.203
14947,77.422
15180,79.132
15240,79.749
15339,78.921
15419,79.322
15425,78.35
15426,80.974
15474,78.869
15519,81.159
15524,80.681
15589,77.292
15679,76.429
15743,77.233
16036,80.054
16039,78.71
16064,83.02
6018,85.607
6021,80.387
6026,88.592
9479,84.062
16980,75.695
17014,78.918
18230,80.142
18348,84.935
26715,85.053
26747,86.066
29788,84.459
29835,83.081
30606,82.662
30845,85.679
32072,84.105
46443,87.108
46506,79.368
50300,83.382
51419,85.009
53971,82.609
53972,79.827
53973,85.324
53974,83.727
53975,87.042
53976,78.692
53977,83.087
53978,82.654
53979,86.075
53981,86.191
54796,81.668
54797,87.077
54798,82.627
54799,83.261
54800,78.797
56453,82.841
56528,79.675
56542,82.577
56543,79.886
56544,82.571
56545,77.57
56618,86.484
56619,80.69
56629,87.981
56630,81.609
56631,81.615
56632,84.596
56633,83.571
56634,73.817
56635,83.329
56637,84.129
56638,84.674
56639,84.625
56641,80.084
56642,85.056
56643,82.836
56644,79.681
56645,84.292
56646,81.261
56647,84.961
56648,77.579
56649,82.232
56650,83.246
56651,82.117
56652,81.692
56653,78.108
56654,82.25
56656,84.56
56657,84.246
56661,83.956
56662,84.602
56725,80.974
56795,80.413
56796,85.313
56797,82.471
56798,78.463
56799,81.584
56800,82.555
56801,83.98
56802,73.889
56803,88.364
56804,86.75
56805,79.832
56807,85.502
56809,82.462
56859,82.631
56860,85.939
56861,82.061
56862,85.222
57384,88.823
57400,87.583
62042,83.225
63086,81.363
63087,82.249
83710,81.833
83711,73.533
86666,87.519
87779,76.75
97622,87.754
98134,85.555
98135,86.855
98136,83.706
98137,85.005
98138,82.49
98171,83.708
98172,82.041
98173,81.688
98245,81.223
98250,80.601
98251,80.849
98252,72.668
98253,78.467
98254,85.583
98255,83.245
98256,79.247
98257,82.03
98258,83.671
98259,79.956
98260,79.246
98261,82.727
98262,81.542
98263,79.444
98264,80.437
98265,80.49
98266,81.789
98267,78.138
98268,76.536
98269,83.241
98270,79.438
98271,84.6
98272,90.052
98273,84.736
98274,87.179
98275,84.329
98276,85.626
98277,86.282
98278,86.358
98279,83.453
98280,82.217
98281,86.529
98282,83.016
98283,85.368
98284,84.611
98285,82.442
98286,83.149
98287,87.268
98288,79.643
98289,79.699
98290,79.741
98291,83.39
98292,86.857
98293,85.508
98294,80.952
98295,85.129
98296,84.02
98297,85.132
98298,85.263
98299,83.929
98300,86.34
98301,82.621
98302,82.062
98303,83.826
98304,85.299
98305,85.22
98306,85.561
98307,83.743
98308,86.003
98309,82.188
98310,79.86
98311,85.741
98312,85.207
98313,86.491
98314,87.613
98315,85.742
98316,87.112
98317,84.956
98318,82.709
98319,83.823
98320,86.808
98321,81.653
98322,87.385
98323,87.97
98324,86.441
98325,87.08
98326,82.205
98327,77.64
98328,83.155
98329,83.17
98330,83.451
98331,78.482
98332,83.958
98333,81.24
98334,77.11
98335,79.087
98336,81.672
98337,84.542
98338,79.653
98339,85.538
98340,85.989
98341,86.918
98342,82.961
98343,85.214
98344,84.654
98345,82.567
98346,83.196
98347,80.836
98348,78.332
98349,86.919
98350,87.198
98351,85.632
98352,83.731
98353,84.831
98354,77.17
98355,82.181
98356,81.207
98357,76.337
98358,83.587
98359,79.388
98360,75.972
98361,85.634
98362,81.38
98363,81.094
98364,80.936
98365,83.133
98366,78.308
98367,82.974
98368,80.833
98369,86.564
98370,86.826
98371,83.927
98372,86.44
98373,81.774
98374,81.3
98375,82.14
98376,83.115
98377,82.37
98378,84.188
98379,87.857
98380,86.181
98381,85.374
98382,87.118
98383,84.314
98384,80.418
98385,83.591
98386,79.137
98387,84.887
98388,82.881
98389,82.922
98390,79.112
98391,82.617
98392,81.374
98393,84.019
98394,85.866
98395,87.614
98396,82.021
98397,82.078
98398,80.384
98399,80.152
98400,78.111
98401,82.964
98402,84.91
