CV_google_ux_Score,gemini_flash_google_ux_Score,gemini_pro_google_ux_Score,gemini_flash_lite_google_ux_Score,Modified_claude-haiku-4-5_of_CV_Modelclaude-haiku-4-5_google_ux_Score,Modified_claude-opus-4-5_of_CV_Modelclaude-opus-4-5_google_ux_Score,Modified_claude-sonnet-4-5_of_CV_Modelclaude-sonnet-4-5_google_ux_Score,Modified_claude-opus-4-5_of_Modified_claude-haiku-4-5_of_CV_Modelclaude-haiku-4-5_Modelclaude-opus-4-5_google_ux_Score,Modified_claude-opus-4-5_of_Modified_claude-sonnet-4-5_of_CV_Modelclaude-sonnet-4-5_Modelclaude-opus-4-5_google_ux_Score,Modified_claude-opus-4-5_of_Modified_claude-opus-4-5_of_CV_Modelclaude-opus-4-5_Modelclaude-opus-4-5_google_ux_Score,twice_gemini_flash_google_ux_Score,twice_gemini_pro_google_ux_Score,twice_gemini_flash_lite_google_ux_Score,twice_gemini_flash_pro_google_ux_Score,twice_gemini_flash_lite_pro_google_ux_Score,UX True Label,Will Manipulate
0.8420464,0.89118326,0.90991974,0.8932608,0.8640226,0.8980421,0.89163685,0.88772565,0.8918314,0.89695144,0.902274,0.9188312,0.8940974,0.9118552,0.90962565,1,True
0.8393103,0.8804271,0.873324,0.8893222,0.8473097,0.85568184,0.856938,0.8592149,0.8823606,0.8606739,0.8912733,0.8882612,0.87495947,0.8787192,0.9235885,1,True
0.89357126,0.90264285,0.9077915,0.83587825,0.8717501,0.8552375,0.88618994,0.8678711,0.88596773,0.8587376,0.9025862,0.9121566,0.8682632,0.9086566,0.8506595,1,True
0.8915758,0.91433483,0.8824606,0.8815533,0.8939403,0.88161886,0.89499146,0.9121796,0.8975218,0.8994708,0.9036604,0.8743771,0.8823863,0.8990536,0.8977328,1,True
0.8578857,0.91087115,0.8925373,0.8893737,0.8977519,0.9001342,0.87266964,0.90698564,0.9012371,0.91672885,0.91121167,0.900795,0.8858749,0.9265016,0.9134553,1,True
0.76679975,0.8267534,0.77173865,0.6924906,0.8240689,0.8285815,0.7877648,0.83170223,0.8001288,0.820964,0.8716276,0.8054621,0.73451155,0.87137437,0.81346816,1,True
0.823526,0.8749764,0.90302306,0.8160982,0.8533519,0.86159897,0.85842687,0.8504977,0.8729166,0.85695034,0.9079468,0.8955406,0.8071639,0.9079461,0.86061895,1,True
0.89789426,0.9405202,0.91619664,0.89761746,0.91536844,0.8976035,0.9115542,0.9103217,0.9144398,0.8976035,0.9412495,0.9210752,0.88870835,0.59241855,0.8998077,1,True
0.8276862,0.8664107,0.8711189,0.8643347,0.85290277,0.8613622,0.86592567,0.88054,0.8728113,0.84960514,0.86395025,0.8783845,0.8606981,0.8871025,0.88174224,1,True
0.88696706,0.8792342,0.9076146,0.88985914,0.8917828,0.8988171,0.9110367,0.8875855,0.91558254,0.90392935,0.87290275,0.90892655,0.88993937,0.90432495,0.89092696,1,True
0.8660176,0.86880386,0.8671218,0.8249982,0.82635576,0.85169345,0.8184595,0.8156927,0.828895,0.8422234,0.9072581,0.8966233,0.8000946,0.9036652,0.8495871,1,True
0.90271384,0.9211466,0.90275735,0.8976404,0.89725256,0.88725233,0.888893,0.897902,0.9014101,0.8716648,0.92804146,0.90529144,0.8852523,0.9285486,0.8963716,1,True
0.82136893,0.848001,0.8761915,0.8587612,0.8313374,0.85853094,0.8928821,0.8159425,0.8965783,0.86728716,0.8549799,0.8733214,0.8692761,0.8748018,0.8788932,1,True
0.89139396,0.9000087,0.89985836,0.90214384,0.91720796,0.9092479,0.9057572,0.9110923,0.89813024,0.90881276,0.89765215,0.88979495,0.9013103,0.88977623,0.9093244,1,True
0.8879692,0.8801435,0.8839988,0.86709636,0.8995055,0.8812727,0.88264316,0.8963771,0.8803129,0.8766748,0.8933266,0.8865759,0.8507061,0.8921787,0.87624276,1,True
0.897422,0.9047907,0.89615965,0.9289838,0.9175858,0.9216087,0.9272945,0.9186303,0.9179148,0.9223931,0.89898056,0.89221305,0.9325705,0.59241855,0.9141246,1,True
0.77095646,0.8116388,0.8347673,0.79434794,0.7901208,0.8198699,0.80048347,0.8316329,0.85801995,0.8379595,0.85192055,0.86705136,0.7962655,0.8639635,0.850319,1,True
0.8818548,0.8930902,0.88280576,0.8881613,0.9208926,0.9112848,0.9134408,0.91679084,0.9088631,0.91074735,0.89965284,0.8649974,0.86440486,0.86466813,0.8750316,1,True
0.80637556,0.87207717,0.89001286,0.8477788,0.8670411,0.88439786,0.88715583,0.8993298,0.9061366,0.9138404,0.92144847,0.91189986,0.8678351,0.9188649,0.89086485,1,True
0.80634475,0.89102435,0.88562346,0.8555943,0.8678993,0.8829925,0.8336989,0.89368594,0.84992594,0.8781187,0.896744,0.8944371,0.8555943,0.9066079,0.8551755,1,True
0.8202273,0.89750767,0.87587065,0.8433179,0.8395089,0.8463082,0.8571446,0.8477787,0.8869804,0.8619622,0.90872717,0.87804055,0.85192114,0.8916861,0.8879957,1,True
0.9200014,0.9096324,0.91212153,0.8780502,0.897529,0.9096916,0.8958744,0.9158119,0.9038548,0.9171088,0.91827047,0.92230815,0.8870052,0.91111505,0.90587616,1,True
0.88183206,0.8922131,0.8978853,0.8612728,0.8587956,0.855775,0.87493896,0.87379456,0.8749696,0.86208534,0.8728241,0.89117306,0.8710958,0.88733804,0.88112926,1,True
0.88424504,0.88646775,0.88789356,0.86813855,0.8680803,0.8487524,0.85870576,0.8811241,0.8691612,0.87488997,0.8907037,0.8981497,0.8699485,0.89661425,0.89185184,1,True
0.8280685,0.84132886,0.86114967,0.81310534,0.84688056,0.8306,0.8104919,0.8430011,0.84246516,0.8388584,0.8399502,0.84982544,0.80235606,0.59241855,0.8607847,1,True
0.89750004,0.8742398,0.8925086,0.88671637,0.88735366,0.8622245,0.8873574,0.8674971,0.8891791,0.8784367,0.86139375,0.90371186,0.88237566,0.8792077,0.8878524,1,True
0.88238174,0.8763808,0.91681,0.86463225,0.919019,0.90285605,0.9080994,0.9096786,0.9067328,0.89954054,0.8895042,0.89143854,0.8858597,0.59241855,0.8996693,1,True
0.89340967,0.9243605,0.9251994,0.924214,0.9037421,0.8978665,0.89732945,0.9085362,0.89772,0.890194,0.93088984,0.9145038,0.919177,0.9206486,0.9145435,1,True
0.87299556,0.8950237,0.8868558,0.8226027,0.846946,0.8581962,0.866685,0.85399246,0.8616759,0.8622,0.903896,0.9126858,0.81800723,0.8911851,0.88023174,1,True
0.79660195,0.86868286,0.85627,0.8350092,0.8715506,0.8111197,0.83427435,0.8724411,0.8265772,0.8195083,0.8791838,0.876595,0.82669336,0.85967636,0.8717153,1,True
0.89337444,0.89933085,0.90488046,0.89840066,0.89158034,0.9003747,0.8859182,0.89917666,0.8996882,0.90825903,0.9043606,0.92483747,0.89948916,0.89972967,0.9009267,1,True
0.8623495,0.8767797,0.8798492,0.8633772,0.8883669,0.860875,0.8233349,0.8682716,0.8629871,0.89077073,0.8976664,0.86933964,0.86513585,0.91112864,0.89480686,1,True
0.83735955,0.88752675,0.8783398,0.84892166,0.8555266,0.8283195,0.86070955,0.8965374,0.8403254,0.8579171,0.8851134,0.87819934,0.8483744,0.8913974,0.8886686,1,True
0.83516073,0.896695,0.8732138,0.81115025,0.8690178,0.8435308,0.8706174,0.861747,0.8946983,0.8632973,0.9093604,0.87988317,0.82690597,0.89557,0.8616056,1,True
0.8676262,0.88422775,0.87078893,0.88249505,0.8826567,0.8915287,0.8909594,0.8826567,0.87924707,0.8960995,0.87970924,0.88306177,0.8850888,0.88794017,0.8868674,1,True
0.83900297,0.855857,0.8592552,0.8399299,0.8277765,0.83102316,0.8513287,0.85302734,0.81707704,0.8210463,0.8662918,0.8637421,0.84470814,0.84724814,0.8403441,1,True
0.91303563,0.8999383,0.88811773,0.8782791,0.8857704,0.88709474,0.88742405,0.86330926,0.8984086,0.883131,0.89511263,0.88928604,0.87393224,0.90102905,0.88629425,1,True
0.78725725,0.878199,0.86699265,0.8312145,0.82302725,0.7981834,0.7919091,0.8290461,0.84359276,0.8022554,0.8996466,0.8629882,0.83243275,0.8715741,0.8370684,1,True
0.88653797,0.88527155,0.896261,0.87852657,0.8852674,0.87928605,0.8884994,0.8792937,0.90033007,0.9093566,0.89098334,0.9077591,0.87288004,0.59241855,0.89944935,1,True
0.7481912,0.7751662,0.82830465,0.793774,0.76186657,0.7656018,0.76331174,0.8099195,0.834938,0.813969,0.78104484,0.819606,0.8199349,0.7961174,0.8346069,1,True
0.8507314,0.87515026,0.9086037,0.82801825,0.8796143,0.8633646,0.8833965,0.879855,0.89810497,0.8663037,0.880581,0.9190693,0.82744837,0.59241855,0.8890423,1,True
0.84686893,0.8586783,0.8749944,0.84526277,0.85918045,0.8620567,0.8624333,0.87928,0.86230004,0.8650197,0.859239,0.87858224,0.8579675,0.88646615,0.8809507,1,True
0.9112349,0.9128957,0.9323802,0.8827239,0.91421753,0.9057157,0.9011198,0.90852976,0.9066148,0.9088164,0.91713315,0.9184759,0.880823,0.92032623,0.90008837,1,True
0.85836184,0.90075123,0.87757725,0.8601849,0.8965082,0.86724603,0.8974053,0.9188434,0.9215771,0.88204354,0.8877791,0.88393694,0.8613905,0.59241855,0.9024651,1,True
0.85985625,0.9230546,0.8956258,0.8675778,0.8602365,0.8370129,0.8622654,0.84333265,0.8844759,0.85753953,0.9236541,0.89360905,0.8665678,0.9007919,0.88257104,1,True
0.9220105,0.9155545,0.909355,0.90462554,0.9337859,0.90815413,0.9227629,0.9121895,0.9056022,0.9045383,0.9233154,0.90281296,0.9019669,0.898327,0.9043394,1,True
0.844704,0.8614782,0.8611566,0.8668833,0.8745449,0.89000225,0.8409813,0.87415177,0.8719559,0.88462,0.8661339,0.87981063,0.87239254,0.85954666,0.87962186,1,True
0.80377996,0.8886812,0.8531155,0.8634269,0.83546233,0.82098883,0.855222,0.90559876,0.8601682,0.81425685,0.8836538,0.8894425,0.85535467,0.9002908,0.8886144,1,True
0.79852843,0.8374256,0.82653105,0.82382065,0.86422276,0.8523259,0.7948064,0.84775865,0.78367937,0.85439754,0.83953065,0.8360103,0.82768863,0.8374555,0.88692254,1,True
0.8822423,0.89255375,0.9046393,0.8407769,0.8929575,0.8356992,0.8597938,0.88646924,0.87575245,0.8581959,0.8847379,0.9022324,0.84686184,0.87714154,0.8574198,1,True
0.87257147,0.9010836,0.89658755,0.8814679,0.8905087,0.90582645,0.90989697,0.888513,0.89673245,0.9011952,0.9041488,0.91125196,0.8811952,0.90640247,0.89394826,1,True
0.81270885,0.83780587,0.8061222,0.83764255,0.8955703,0.86449933,0.8275229,0.8851691,0.83418417,0.8596402,0.8576894,0.86576414,0.80350035,0.8780464,0.8281348,1,True
0.8843533,0.89726216,0.8710871,0.85037005,0.879161,0.87571126,0.8861197,0.88946646,0.87702966,0.8879299,0.90722287,0.8650475,0.8520056,0.88020504,0.8857532,1,True
0.8673828,0.88082427,0.8715157,0.8153902,0.85089993,0.8668162,0.854935,0.8433817,0.8519888,0.8598908,0.8776448,0.86159456,0.803365,0.8636507,0.8546989,1,True
0.8410065,0.86311245,0.8539848,0.8362217,0.84656024,0.85022366,0.83473265,0.83743495,0.8466098,0.8432238,0.8617807,0.85826594,0.8264453,0.84710014,0.889126,1,True
0.7914114,0.80736434,0.8166777,0.7982908,0.8435358,0.84295046,0.87256837,0.8531025,0.88579637,0.8694651,0.8428471,0.8559272,0.79476666,0.8450972,0.87115943,1,True
0.8463256,0.8638773,0.8749472,0.8274137,0.86363745,0.84617674,0.8497426,0.8571395,0.842654,0.8500914,0.8922118,0.8899648,0.82448083,0.59241855,0.8875791,1,True
0.80502856,0.8196612,0.8174616,0.7767104,0.8322754,0.812637,0.85090387,0.81673086,0.8476079,0.8326305,0.8364695,0.8398235,0.78935456,0.864812,0.8538624,1,True
0.83885753,0.8887867,0.91067624,0.8678542,0.8769345,0.8677149,0.89346933,0.882912,0.88913476,0.8853091,0.91843426,0.8991176,0.8733521,0.89769197,0.90390205,1,True
0.8858664,0.89833736,0.8901062,0.8983366,0.8555936,0.881597,0.86776775,0.85114604,0.90020573,0.88201743,0.88792706,0.90013295,0.88922024,0.89118886,0.8855398,1,True
0.801724,0.86779886,0.86228746,0.8575452,0.8255248,0.8122499,0.8168682,0.82325095,0.8239311,0.8430995,0.8825561,0.84749943,0.8546606,0.871311,0.8475809,1,True
0.9223221,0.90207785,0.8861861,0.8684514,0.9107241,0.9033731,0.915136,0.9123509,0.90596896,0.89776945,0.8962697,0.8885332,0.8740765,0.59241855,0.8835262,1,True
0.80286705,0.8058618,0.8654172,0.7961228,0.88999397,0.89040506,0.8544297,0.8900809,0.9003547,0.90145034,0.85788816,0.88914406,0.8088718,0.794376,0.8474629,1,True
0.8273554,0.93274486,0.8775858,0.87617874,0.8856442,0.86960477,0.8892822,0.9008992,0.8933444,0.879647,0.93077683,0.9196851,0.8740011,0.59241855,0.91076165,1,True
0.7674954,0.8822714,0.8654003,0.8062146,0.8174566,0.86396843,0.83029425,0.8275577,0.8463706,0.8805437,0.8957906,0.87714714,0.80753607,0.8815279,0.8295438,1,True
0.929392,0.92206967,0.92890847,0.9152365,0.9221211,0.9100997,0.9266888,0.9162581,0.90658844,0.91406906,0.91565406,0.9269275,0.927254,0.59241855,0.90158665,1,True
0.8475109,0.8785129,0.8495544,0.8320211,0.8764193,0.8632927,0.8390109,0.8586531,0.83751273,0.8618815,0.9007192,0.8859098,0.8385179,0.91054136,0.8802482,1,True
0.862515,0.86355937,0.88185513,0.8659899,0.85291445,0.8345438,0.84193164,0.85630995,0.8954489,0.8816557,0.85949713,0.9129021,0.8546788,0.85793936,0.86522365,1,True
0.91122085,0.88813466,0.89697295,0.8936267,0.91207814,0.8929126,0.88819665,0.8905826,0.8840194,0.89014757,0.88340116,0.88121474,0.889216,0.89906514,0.896519,1,True
0.8289554,0.8940781,0.90233827,0.8617052,0.88603187,0.90879613,0.8970008,0.8931741,0.90178907,0.8997974,0.88873756,0.9036855,0.86509526,0.8987698,0.89649624,1,True
0.8665456,0.88247025,0.91080546,0.8675488,0.9101298,0.87525386,0.9119531,0.9085713,0.9108126,0.89645326,0.8917606,0.9180709,0.87827253,0.8921971,0.9086386,1,True
0.86430824,0.9045129,0.8762492,0.8214673,0.8869932,0.89464414,0.8876183,0.8970212,0.8682613,0.8702398,0.9014947,0.9167162,0.83202446,0.91504335,0.89663845,1,True
0.8461517,0.82352704,0.90748066,0.8330717,0.8906354,0.8249304,0.8458078,0.88536906,0.8610958,0.8549663,0.83669126,0.9067563,0.8313557,0.85172874,0.877831,1,True
0.8514757,0.864631,0.8709967,0.8599822,0.85485864,0.86150974,0.8859176,0.8764732,0.88951385,0.85837805,0.884673,0.89344704,0.85103476,0.90114045,0.90101194,1,True
0.8167087,0.8561044,0.8678747,0.8613866,0.8952261,0.87245053,0.86362267,0.90654755,0.8964988,0.88346905,0.87014854,0.8585094,0.85399806,0.8842867,0.8848443,1,True
0.9081762,0.89218295,0.9008632,0.87042326,0.89935356,0.8403262,0.863488,0.86372524,0.86602485,0.8711203,0.8889955,0.8871776,0.87786835,0.88579077,0.8927539,1,True
0.8134059,0.8503251,0.82364666,0.84891474,0.8003571,0.79368293,0.8074746,0.8107244,0.80247504,0.8109506,0.85022086,0.8539268,0.8487613,0.8602125,0.8649402,1,True
0.840127,0.88771063,0.8858057,0.84183836,0.8857437,0.8845571,0.8288429,0.89959973,0.882861,0.87383854,0.92588454,0.9002615,0.836359,0.89317083,0.9032067,1,True
0.80307764,0.8332585,0.8563041,0.82741976,0.84257674,0.8363365,0.85929,0.8317517,0.843149,0.88319695,0.84920466,0.8805766,0.8360577,0.5924186,0.8668012,1,True
0.85905707,0.90947413,0.9193864,0.89726895,0.87824893,0.91333836,0.9094651,0.87443197,0.8715633,0.9076727,0.92579675,0.9182639,0.9029261,0.9289857,0.91678596,1,True
0.8906783,0.8763462,0.8981418,0.8824812,0.90612286,0.8804495,0.89605075,0.9067777,0.8785468,0.88309896,0.9019353,0.91868675,0.8671731,0.9022559,0.90221536,1,True
0.7999923,0.84099317,0.845237,0.79563135,0.8195155,0.845747,0.8035655,0.82326573,0.81070256,0.85325706,0.8551534,0.85879993,0.7929582,0.8751776,0.8469887,1,True
0.86125696,0.91558576,0.9284184,0.89129627,0.8519364,0.86223435,0.9100901,0.8964757,0.9200597,0.8981304,0.91494966,0.9274183,0.89317334,0.9190439,0.92568725,1,True
0.8433418,0.897155,0.8818505,0.8572914,0.9136208,0.86600053,0.8999939,0.9223003,0.8894028,0.85814637,0.9108378,0.924243,0.8621025,0.8831998,0.87332517,1,True
0.8477992,0.82780856,0.8465066,0.8275361,0.8496743,0.82167876,0.8369508,0.83975756,0.8475941,0.82292336,0.8404024,0.829447,0.8275361,0.84737825,0.8323862,1,True
0.9018886,0.9166262,0.91311115,0.87372905,0.8983481,0.88287264,0.9106563,0.8817413,0.9210005,0.8939106,0.9199541,0.9000416,0.88883376,0.90808344,0.8635548,1,True
0.7689758,0.84664154,0.77926743,0.7788907,0.84823877,0.82080305,0.80599403,0.8620912,0.8385732,0.830153,0.8536123,0.80117273,0.77599305,0.8369975,0.79349655,1,True
0.8436817,0.8972211,0.90164036,0.82664514,0.8534368,0.83637834,0.8518899,0.87145865,0.86501133,0.8504592,0.90743506,0.90348744,0.8358003,0.89628166,0.8784524,1,True
0.9311049,0.9109315,0.9264455,0.895437,0.9286946,0.90256226,0.9186204,0.92116904,0.9206161,0.8990529,0.9153348,0.904345,0.89372414,0.9146418,0.917962,1,True
0.9066463,0.90941465,0.90491045,0.89886296,0.9026438,0.89579153,0.8893573,0.90417236,0.88893116,0.8958202,0.9049723,0.89957726,0.89886296,0.9033149,0.9102028,1,True
0.83629394,0.82546407,0.8597194,0.8992783,0.78676015,0.8139905,0.8041592,0.8448125,0.8363666,0.8622124,0.8779012,0.86848724,0.886836,0.86699945,0.89892244,1,True
0.8030467,0.7993016,0.81689656,0.7945535,0.8078372,0.8187217,0.84369814,0.8840595,0.84411585,0.83580595,0.82611287,0.86395884,0.8100584,0.79762226,0.8407536,1,True
0.8754021,0.8810032,0.8889473,0.83730394,0.9053827,0.8832066,0.88610566,0.905444,0.8937721,0.8934274,0.87759405,0.8812494,0.85443157,0.90553015,0.8969948,1,True
0.8613397,0.8913098,0.8929355,0.8624136,0.86453074,0.86268455,0.8895952,0.8902594,0.8869096,0.85485107,0.9145049,0.8977646,0.85339814,0.8748737,0.9034563,1,True
0.7701442,0.7446313,0.7364148,0.7823441,0.70030344,0.738498,0.778982,0.7394865,0.7192261,0.7499367,0.74490535,0.7233805,0.7781565,0.75049496,0.82572323,1,True
0.8916458,0.9215516,0.9053757,0.8439578,0.8987505,0.9031957,0.8985516,0.89227974,0.8899253,0.913015,0.92758274,0.9143756,0.84385115,0.90249574,0.863878,1,True
0.7140521,0.6903267,0.6826726,0.76591456,0.70379215,0.7852222,0.74835956,0.77034664,0.83263505,0.8268909,0.6903267,0.68127155,0.76409334,0.59241855,0.7474621,1,True
0.88474995,0.92047733,0.9237076,0.9159539,0.89640224,0.92572844,0.9144591,0.90515995,0.9074767,0.92722505,0.9218549,0.9286834,0.9123274,0.88206875,0.8978294,1,True
0.8253988,0.88043666,0.89361715,0.90619916,0.84827846,0.8573662,0.87937665,0.87010777,0.8895256,0.87733483,0.8811647,0.88366276,0.89846265,0.89127237,0.8951196,1,True
0.8797651,0.89483166,0.92437094,0.850435,0.8920193,0.9014073,0.8916739,0.9051503,0.89346254,0.9169804,0.9059389,0.92285794,0.86224055,0.91734576,0.90083385,1,True
0.84668446,0.8949956,0.85663635,0.8249935,0.8843275,0.84105164,0.8385004,0.890663,0.88279784,0.8591125,0.90450823,0.888131,0.843577,0.9032513,0.89876044,1,True
0.85434824,0.8848356,0.8959445,0.84110326,0.8761163,0.8339084,0.87822336,0.88034475,0.89139396,0.8686358,0.90236884,0.9128479,0.8353276,0.89420503,0.8793408,1,True
0.8844228,0.89011824,0.8947694,0.86395335,0.90136266,0.85371685,0.8907931,0.8702389,0.8983008,0.85096115,0.8800234,0.889751,0.86556125,0.8902006,0.9067052,1,True
0.8720887,0.89311594,0.876515,0.8485886,0.8761748,0.88783264,0.89871156,0.87637615,0.8993323,0.914253,0.8973832,0.89570224,0.8476507,0.90036917,0.8731654,1,True
0.8240388,0.84551567,0.8793865,0.85143745,0.8777791,0.87142175,0.8716124,0.8717159,0.86659014,0.86091477,0.8533167,0.885398,0.83148277,0.8623886,0.8910315,1,True
0.8759593,0.90989363,0.90203315,0.8914836,0.90364075,0.8816974,0.8858711,0.8900471,0.8833993,0.91969347,0.9052185,0.9098889,0.8837706,0.91204464,0.8945471,1,True
0.80640197,0.87332666,0.87300587,0.8821312,0.8170554,0.82186186,0.8904296,0.88321054,0.87647223,0.83671796,0.8720833,0.8915259,0.8930853,0.81907004,0.8923522,1,True
0.7735916,0.79990697,0.8012103,0.8254918,0.77532774,0.7660454,0.7642743,0.7924976,0.78497374,0.80603236,0.83356285,0.8322746,0.8443233,0.8512073,0.8742546,1,True
0.8166344,0.81677747,0.792127,0.80526,0.7662204,0.75452787,0.7612644,0.7945422,0.80811554,0.8153373,0.8440058,0.8526779,0.8147327,0.8394188,0.8987971,1,True
0.6908432,0.7522863,0.78547037,0.71134746,0.6769103,0.69469315,0.7217274,0.67852706,0.7277019,0.7664935,0.76528215,0.8134606,0.7105918,0.7959908,0.7960719,1,True
0.8293048,0.86320853,0.86214066,0.8793813,0.8548696,0.8274784,0.82122797,0.8437356,0.8287296,0.8730988,0.87885845,0.8950015,0.8788921,0.59241855,0.8568634,1,True
0.9034249,0.88887143,0.89139384,0.8720388,0.8922226,0.8473241,0.8885956,0.90414566,0.9042903,0.84699523,0.89755833,0.9072336,0.8852036,0.8848889,0.8565682,1,True
0.80622953,0.90640855,0.9071883,0.88839155,0.87214667,0.8980906,0.9212712,0.8753464,0.9131253,0.88851106,0.9071735,0.91127044,0.8985162,0.91118133,0.91045254,1,True
0.832114,0.8986418,0.89330876,0.83246654,0.81756127,0.8383435,0.8115491,0.83525294,0.8325608,0.86486626,0.912581,0.8967446,0.85041296,0.59241855,0.89505064,1,True
0.8598099,0.9011483,0.8971181,0.89493,0.8574955,0.8560624,0.88447416,0.8692372,0.89614385,0.87873715,0.8841209,0.90071964,0.8938802,0.9037535,0.89422786,1,True
0.8460016,0.83717364,0.8385641,0.8101536,0.8545691,0.81334835,0.8177797,0.86409783,0.850731,0.861026,0.8545756,0.8749901,0.799389,0.59241855,0.80732983,1,True
0.8781574,0.89177895,0.86439127,0.86745155,0.87170905,0.895304,0.89798176,0.8721386,0.8750137,0.89187455,0.88567877,0.88161516,0.8623532,0.9090724,0.9064088,1,True
0.7924813,0.88544154,0.86507374,0.8463969,0.8515332,0.8600247,0.808555,0.852288,0.8187918,0.8758401,0.8932089,0.9007561,0.83809614,0.9083316,0.88460755,1,True
0.79632133,0.8862634,0.872191,0.8510494,0.878513,0.8819121,0.8709285,0.87872607,0.8748256,0.89386225,0.88520825,0.90506226,0.8424914,0.89824617,0.89425,1,True
0.84728724,0.59241855,0.9069563,0.8711603,0.848679,0.83560514,0.88234866,0.87670076,0.8651029,0.89420766,0.72350496,0.9052295,0.86593497,0.5734477,0.8945765,1,True
0.82393575,0.8967558,0.8829153,0.8609875,0.89858115,0.8447379,0.8479299,0.8734023,0.8523271,0.84468555,0.8808088,0.916414,0.8596251,0.8939229,0.87139636,1,True
0.7465103,0.85098934,0.86452645,0.8168327,0.8017186,0.808776,0.80409276,0.8488566,0.85496175,0.8203826,0.8688654,0.8770689,0.8270893,0.88181704,0.82841945,1,True
0.8760281,0.90996045,0.9010189,0.8937626,0.9127609,0.8797762,0.91477346,0.91531336,0.9215276,0.88149655,0.9092275,0.9108961,0.901482,0.91302496,0.89906716,1,True
0.8099183,0.8784518,0.8649606,0.8761639,0.87252116,0.8937484,0.90419436,0.876674,0.88251334,0.88448346,0.8883506,0.87112844,0.8359965,0.9064615,0.8773129,1,True
0.828095,0.8851455,0.86084527,0.82700026,0.87578875,0.8564047,0.85714614,0.8685726,0.84760034,0.8597789,0.8758485,0.87661356,0.82368433,0.90067786,0.8702839,1,True
0.7660269,0.8687048,0.84677875,0.85919863,0.8528509,0.82745546,0.7911086,0.85735595,0.7892082,0.85589916,0.87224185,0.85918176,0.8677339,0.87543374,0.9072999,1,True
0.85620767,0.88709944,0.8794116,0.87212604,0.86533594,0.85414565,0.85226184,0.89592016,0.8413249,0.8603117,0.6342136,0.8967219,0.8680805,0.8424841,0.9036399,1,True
0.87048084,0.8832178,0.87038434,0.85506374,0.8499006,0.83605045,0.81914055,0.8586314,0.84710926,0.84098285,0.8785391,0.8666402,0.8661084,0.885226,0.8850387,1,True
0.8723707,0.8789574,0.8663685,0.8272325,0.9001867,0.88071287,0.88694584,0.90400946,0.8985515,0.89794,0.8958523,0.8917196,0.81821895,0.59241855,0.86569023,1,True
0.9292579,0.9383186,0.92212164,0.9189317,0.92767954,0.88895404,0.89465183,0.9219916,0.91028965,0.9065155,0.925201,0.9146821,0.9154235,0.59241855,0.9305462,1,True
0.8896793,0.9204547,0.89852786,0.8493398,0.83761466,0.8564943,0.8495288,0.84439534,0.859023,0.8932495,0.92610246,0.8927597,0.86206234,0.92031014,0.8734311,1,False
0.8937221,0.9108257,0.90267795,0.87368965,0.91062117,0.89265734,0.9072337,0.9190495,0.9051309,0.9094386,0.8982065,0.89792097,0.879838,0.9164298,0.9046719,1,False
0.887348,0.88292485,0.9062556,0.89972496,0.90504843,0.91941226,0.91647744,0.9103976,0.9141642,0.91286796,0.8873565,0.92166793,0.8801662,0.59241855,0.8742264,1,False
0.8594584,0.8649404,0.88676965,0.86812353,0.87200415,0.86012256,0.89715946,0.91102576,0.88567644,0.86134005,0.8821167,0.8821297,0.8855595,0.8903232,0.90839624,1,False
0.8376014,0.91089076,0.8932655,0.8540712,0.89884716,0.8973422,0.8848353,0.90494967,0.88176227,0.893484,0.9125674,0.8971569,0.86594266,0.92330366,0.88455164,1,False
0.9013842,0.9014331,0.9109016,0.91250455,0.9082488,0.9177703,0.9017641,0.9134723,0.9141339,0.91165745,0.89869857,0.9065728,0.90878755,0.8951512,0.897659,1,False
0.85349405,0.89854443,0.89239913,0.91878366,0.9287081,0.900835,0.8774855,0.9104725,0.88854855,0.8990114,0.91854155,0.9074148,0.91925895,0.90944993,0.9078822,1,False
0.83129734,0.89101416,0.8749105,0.822142,0.89352536,0.88310874,0.90836143,0.891553,0.89808625,0.90149343,0.8945921,0.8847401,0.82975465,0.9105699,0.90334094,1,False
0.90049183,0.8922738,0.8898277,0.88865,0.8992042,0.84903955,0.8947323,0.8897988,0.8944356,0.8659207,0.9126091,0.9059357,0.8940525,0.9045261,0.9192415,1,False
0.83641654,0.9131721,0.89265645,0.8556782,0.8733888,0.8834792,0.8913387,0.88538426,0.8780469,0.87766576,0.9003316,0.89851874,0.85647386,0.92183197,0.86034113,1,False
0.8573343,0.8996099,0.88650745,0.8597719,0.8920483,0.88659334,0.88820267,0.8917054,0.90686595,0.90893817,0.9109175,0.89988106,0.87440515,0.9142745,0.89362085,1,False
0.82138526,0.8803884,0.8658209,0.8327663,0.89591265,0.7936843,0.8220899,0.8507678,0.8489839,0.87642056,0.90232813,0.87412745,0.82427895,0.8883728,0.874719,1,False
0.86626464,0.87395084,0.90735245,0.8368674,0.8432369,0.85028493,0.8764542,0.8356483,0.8750312,0.85777396,0.8803462,0.89254826,0.85124636,0.8735759,0.83770597,1,False
0.84075177,0.8828217,0.8926665,0.8269807,0.86042607,0.86475617,0.8282815,0.8821696,0.86035156,0.8718481,0.91620487,0.89919615,0.84198344,0.88166064,0.88936883,1,False
0.89879483,0.88483655,0.88454515,0.85723364,0.86016953,0.90193665,0.8851085,0.90761584,0.9119823,0.90260816,0.9035632,0.90278757,0.8552481,0.89445335,0.91620654,1,False
0.78400356,0.84222186,0.7964113,0.80075216,0.81296587,0.83871543,0.8387689,0.8337759,0.84674555,0.8311234,0.8518544,0.83167815,0.8063834,0.87974936,0.8218425,1,False
0.8306743,0.88453233,0.9142014,0.86923164,0.83346796,0.85546416,0.83870125,0.85612065,0.88109756,0.8848533,0.91071033,0.92179084,0.8543447,0.9005827,0.9076159,1,False
0.82203037,0.8571109,0.8671814,0.8370677,0.8743396,0.8088125,0.84012926,0.8558946,0.86172044,0.8252802,0.8704308,0.85676914,0.8162913,0.8837735,0.8619733,1,False
0.87097216,0.9029279,0.9162952,0.90713775,0.8970315,0.883712,0.8870158,0.91219765,0.898588,0.8827754,0.92042744,0.92404544,0.89369375,0.908849,0.89103603,1,False
0.87811923,0.8811519,0.8755878,0.85732853,0.91261065,0.85398775,0.8541843,0.885352,0.84926033,0.85497856,0.86407804,0.89803743,0.84718764,0.59241855,0.8997786,1,False
0.8739201,0.88984,0.8695375,0.86969143,0.85755765,0.8438908,0.84768003,0.85994935,0.8745321,0.8682029,0.908761,0.8989236,0.8727509,0.91240287,0.9162688,1,False
0.7898294,0.83086467,0.82971704,0.84808195,0.7845776,0.7658867,0.8207061,0.8072913,0.82427645,0.807078,0.8569126,0.84462655,0.8409227,0.76778615,0.8829494,1,False
0.90418357,0.8971545,0.9203387,0.8659374,0.891456,0.861385,0.8579836,0.89270633,0.86584175,0.88888675,0.9067079,0.9105843,0.860935,0.89357936,0.89627504,1,False
0.83052635,0.84855264,0.87963814,0.84036803,0.8040217,0.869878,0.8953393,0.8095481,0.85279644,0.8745773,0.87331724,0.89585173,0.8276504,0.9091909,0.88476294,1,False
0.87115824,0.88869655,0.885685,0.8525547,0.9163037,0.88261545,0.8667867,0.91503173,0.89253145,0.8658712,0.9006678,0.89420736,0.87695605,0.9231628,0.8816675,1,False
0.8606238,0.89362204,0.88328564,0.8380173,0.87179744,0.8911872,0.8792345,0.8721562,0.90354896,0.8969846,0.8823646,0.8913429,0.82534003,0.90094435,0.87910116,1,False
0.9013977,0.8913492,0.91500914,0.8725474,0.8846241,0.85533935,0.8654976,0.92009807,0.9054359,0.8630134,0.90279365,0.91588175,0.8725474,0.9034121,0.88852805,1,False
0.89344066,0.88233304,0.8694192,0.8233284,0.8858313,0.88899744,0.81714386,0.88511705,0.83851945,0.8809247,0.88370764,0.8930159,0.8192024,0.59241855,0.8242211,1,False
0.9025551,0.86570334,0.87578976,0.8863956,0.8918891,0.8545147,0.93015593,0.86374474,0.93096584,0.85896164,0.871573,0.8687527,0.878671,0.8622407,0.8750329,1,False
0.8653203,0.8964714,0.91181093,0.90310425,0.8973676,0.8863484,0.9102194,0.90702945,0.9212248,0.90548354,0.91276044,0.9231084,0.90107495,0.8778534,0.8821974,1,False
0.91463864,0.89394116,0.889431,0.89172685,0.9187409,0.91629094,0.9342465,0.9079608,0.89722514,0.8954271,0.8968639,0.884354,0.899231,0.9020537,0.9100559,1,False
0.8338825,0.9032736,0.89520437,0.8644966,0.9183588,0.9234127,0.90468293,0.92737067,0.8973229,0.9305046,0.9113391,0.89963883,0.8736206,0.89641654,0.8978335,1,False
0.9013881,0.8975849,0.882313,0.9089087,0.87167,0.8713864,0.8952078,0.9076079,0.90657127,0.8663157,0.89792836,0.89542407,0.911742,0.90164375,0.9067097,1,False
0.8847614,0.89455956,0.89537084,0.8375927,0.8422925,0.86707157,0.87515366,0.85702395,0.8278265,0.88661265,0.90031886,0.89187133,0.84374976,0.87459224,0.8836879,1,False
0.90103555,0.9377112,0.8926291,0.86217296,0.9094814,0.908659,0.91558087,0.91007566,0.91202587,0.90976,0.9357509,0.9115562,0.8482151,0.9391561,0.89721245,1,False
0.91246694,0.8925935,0.89176965,0.86689043,0.87909406,0.84109104,0.8853965,0.8548169,0.88652605,0.82854176,0.8928453,0.8991122,0.8752647,0.9127489,0.89593285,1,False
0.8764384,0.8936267,0.9170588,0.8780929,0.9228759,0.86460096,0.8858827,0.9218395,0.8793755,0.87152207,0.89325947,0.91933376,0.8691687,0.880728,0.88422114,1,False
0.8425104,0.8661757,0.87984586,0.8518324,0.90181637,0.87915045,0.90190524,0.89569676,0.8939142,0.89608854,0.8865146,0.8903636,0.8586365,0.8686687,0.86718476,1,False
0.87314713,0.9226043,0.9272105,0.8811195,0.9116353,0.8696248,0.8841462,0.89893675,0.8877015,0.8813198,0.91585124,0.9261696,0.88448024,0.9183773,0.9162953,1,False
0.89576524,0.91777694,0.91673774,0.846485,0.890928,0.89576894,0.8987169,0.8879274,0.8867985,0.89904845,0.9100388,0.9073367,0.8491188,0.91844285,0.899157,1,False
0.90083086,0.9196458,0.9146636,0.90116185,0.8677904,0.8850011,0.85469234,0.88434196,0.8849781,0.8950798,0.9354726,0.9265086,0.89151055,0.9268767,0.9235011,1,False
0.884508,0.9009152,0.8959057,0.8753594,0.91456276,0.9083484,0.90926886,0.90445995,0.90718204,0.88947177,0.9043829,0.90409595,0.89257526,0.59241855,0.91175514,1,False
0.8763157,0.8924716,0.90107954,0.8667929,0.8488624,0.8616381,0.87165123,0.85363024,0.87484264,0.88860404,0.89919716,0.8958414,0.87208796,0.8954825,0.89353144,1,False
0.88598853,0.9129671,0.9162624,0.9106164,0.90529156,0.90182984,0.8931457,0.90392494,0.9015566,0.9173958,0.9178044,0.9080951,0.9062857,0.9113308,0.88116395,1,False
0.89269793,0.91771364,0.91024745,0.8095708,0.8425752,0.88481677,0.91225183,0.87674254,0.90731823,0.8856971,0.9206587,0.9162092,0.80911255,0.9073334,0.88731205,1,False
0.86417025,0.9040571,0.8798835,0.85964996,0.91430926,0.90737176,0.888223,0.91740084,0.9055934,0.90966666,0.90642244,0.8859403,0.8601265,0.9162973,0.9113373,1,False
0.89056635,0.8563174,0.8885739,0.8543375,0.84898835,0.87085795,0.86811393,0.85170364,0.86117685,0.8532001,0.8770877,0.87554014,0.85190856,0.8813628,0.8671571,1,False
0.91405207,0.9240027,0.92168266,0.89245456,0.9005643,0.87117004,0.9009039,0.9219733,0.9211236,0.8916985,0.9239493,0.91226083,0.8912195,0.59241855,0.9131737,1,False
0.8524976,0.89851373,0.9090214,0.8790457,0.89811796,0.89424926,0.9189477,0.9101295,0.92647344,0.89111507,0.8969186,0.91704607,0.88530606,0.92052746,0.8829321,1,False
0.9002507,0.90244937,0.9094014,0.87964284,0.91409075,0.907863,0.9211297,0.9105867,0.92836297,0.90382147,0.9096692,0.915038,0.8760939,0.9073082,0.899953,1,False
0.88086855,0.90460086,0.8716075,0.8533053,0.905495,0.85231596,0.8899456,0.8959894,0.87526536,0.85037816,0.91169935,0.9010636,0.85325277,0.59241855,0.8744387,1,False
0.89489526,0.8707363,0.91382235,0.8896549,0.9031938,0.8982543,0.8757272,0.8979184,0.88932014,0.89228344,0.8987045,0.9249627,0.8933365,0.9069915,0.8942311,1,False
0.89411956,0.91700506,0.92414397,0.907537,0.9099395,0.9096127,0.91557765,0.90217763,0.8989911,0.91125035,0.9200667,0.91842437,0.92058355,0.8959034,0.9093204,1,False
0.85071206,0.90993905,0.9098908,0.8461819,0.8385862,0.85823166,0.82807446,0.8560158,0.85823077,0.87314725,0.9057119,0.90495443,0.8749114,0.93410975,0.896165,1,False
0.83965313,0.9103453,0.89445436,0.87564987,0.8543445,0.8462004,0.8680372,0.8851717,0.873518,0.8920312,0.92885804,0.8917645,0.8769545,0.9399269,0.59241855,1,False
0.8365718,0.8917858,0.88004047,0.87710285,0.88889205,0.86479545,0.88507044,0.8869623,0.8866751,0.87239623,0.9016266,0.90944517,0.8834239,0.8937788,0.89924574,1,False
0.9038216,0.9101585,0.8955673,0.836496,0.88762146,0.9017843,0.90347767,0.8814824,0.8806189,0.8996682,0.9195229,0.9061303,0.8460586,0.90818155,0.8848106,1,False
0.8357975,0.87857825,0.86621785,0.82029366,0.80784,0.82358146,0.87743783,0.80065167,0.8600852,0.84030867,0.88846004,0.87586015,0.824685,0.8944294,0.8761019,1,False
0.7761107,0.8226073,0.87796307,0.8249164,0.81662333,0.76147044,0.7779673,0.83723664,0.8213111,0.8481348,0.8934894,0.9146289,0.82798,0.59241855,0.89965343,1,False
0.870533,0.89056265,0.8575747,0.8525001,0.8705641,0.8383373,0.84440184,0.9007079,0.8470645,0.8618002,0.89107084,0.85713136,0.83894676,0.8524912,0.85943455,1,False
0.852561,0.9200396,0.89836913,0.8478159,0.8580513,0.8288466,0.87011725,0.8586815,0.88071316,0.8279186,0.91271603,0.92520535,0.8499266,0.9293382,0.8747436,1,False
0.7238443,0.8139571,0.824901,0.7831615,0.7395755,0.7471063,0.7633246,0.81941694,0.7962884,0.84895927,0.8434998,0.83279836,0.7902348,0.81492126,0.8022537,1,False
0.8320989,0.8952675,0.87883514,0.87685007,0.8985227,0.89061546,0.8823338,0.89750576,0.882718,0.8925115,0.8893393,0.8909024,0.87258,0.89517766,0.8881887,1,False
0.80651546,0.7929025,0.7839585,0.7905959,0.8151179,0.7567527,0.81676936,0.8259971,0.8154184,0.79811907,0.77522963,0.8220828,0.7990375,0.8489552,0.8584203,1,False
0.7647954,0.8112263,0.8154695,0.79679036,0.7332406,0.77134675,0.7644743,0.81982446,0.78273964,0.814789,0.8404118,0.86894184,0.7981138,0.8230066,0.8391142,1,False
0.78065,0.7813092,0.80066216,0.7781956,0.7665084,0.8036207,0.7904916,0.79946953,0.8330884,0.8364413,0.82836294,0.8175591,0.7665343,0.85950714,0.80620766,1,False
0.86544514,0.8618181,0.8719906,0.84514064,0.8544322,0.8023325,0.86665434,0.8538165,0.83867437,0.83865184,0.86246806,0.8962283,0.8591855,0.8582821,0.8653183,1,False
0.86327106,0.8983412,0.8831237,0.8937185,0.8625782,0.8235991,0.8331779,0.82832444,0.9108075,0.8423387,0.90168583,0.90107757,0.8933995,0.91331345,0.8854439,1,False
0.93801475,0.8732837,0.9003911,0.8974876,0.89892983,0.8970933,0.8653585,0.89188504,0.87620103,0.88505065,0.88900554,0.9117,0.8813065,0.9037741,0.90427,1,False
0.8817732,0.90226674,0.8956065,0.8685096,0.8945142,0.8800764,0.93151176,0.9117967,0.92627746,0.89234847,0.9045676,0.91603595,0.87260735,0.9009548,0.9102699,1,False
0.8222071,0.8435155,0.8113038,0.84963286,0.8009489,0.79446465,0.8354725,0.8022429,0.8092587,0.7937839,0.8500886,0.8186064,0.82620096,0.81253684,0.8304065,1,False
0.8429755,0.8639877,0.8898568,0.8726536,0.8755212,0.8951987,0.8862466,0.8894758,0.87430644,0.87947494,0.8729483,0.8961469,0.8696921,0.89856255,0.89334816,1,False
0.8992723,0.91444266,0.8905096,0.8352136,0.8967632,0.8821339,0.8955666,0.8970533,0.90092826,0.89870226,0.9054366,0.88474625,0.85600376,0.9043668,0.9019984,1,False
0.82809556,0.8753963,0.831431,0.84138,0.85691524,0.8362379,0.857636,0.8537527,0.87321764,0.86782485,0.8822977,0.83045006,0.8152186,0.59241855,0.88283944,1,False
0.7995537,0.86118174,0.86438936,0.86323917,0.85658437,0.8360595,0.8275382,0.8686315,0.8455106,0.81471455,0.8759642,0.8966971,0.8556351,0.91348,0.87997425,1,False
0.80704504,0.8565684,0.8726852,0.8234397,0.7986556,0.86333656,0.88261545,0.84184355,0.89713573,0.8746066,0.8623872,0.8919927,0.82055277,0.59241855,0.8934726,1,False
0.8963203,0.92301434,0.9260126,0.8780944,0.86884373,0.89140534,0.90002155,0.9090904,0.9039836,0.8890459,0.91617274,0.9320684,0.8780944,0.92557746,0.91627336,1,False
0.8703604,0.89741516,0.8993856,0.8666514,0.9016018,0.8925807,0.9045691,0.89725256,0.89593935,0.90190554,0.8952415,0.8990778,0.8644603,0.9048284,0.926537,1,False
0.8646711,0.8943966,0.8889487,0.839079,0.87254417,0.8613883,0.8593334,0.8610064,0.84085935,0.8909004,0.9201716,0.89556515,0.8637449,0.90993243,0.8705075,1,False
0.84720504,0.8645183,0.85205007,0.84388137,0.8941799,0.89599717,0.8876828,0.8508463,0.8796237,0.8837298,0.87716675,0.8704591,0.8541411,0.59241855,0.8392214,1,False
0.8130189,0.86759084,0.88443965,0.7964768,0.84962064,0.83066833,0.89615154,0.862334,0.9093932,0.88150424,0.8661356,0.9038099,0.8035394,0.8944957,0.88867164,1,False
0.7045557,0.7502924,0.7250348,0.7016933,0.73491466,0.71736103,0.7381212,0.7293017,0.7125364,0.7442048,0.7431339,0.76017016,0.7092727,0.7735282,0.76978654,1,False
0.8594422,0.90533996,0.8554964,0.8788173,0.8911243,0.8880912,0.8858303,0.88874424,0.8795885,0.8843221,0.905617,0.8695471,0.87738067,0.9230268,0.8644243,1,False
0.81346893,0.85506535,0.8281832,0.8319788,0.8183092,0.8229854,0.80875146,0.8729571,0.86817783,0.895969,0.90194964,0.8718953,0.8783223,0.90125024,0.8575914,1,False
0.7011943,0.7950399,0.77944577,0.75793225,0.755994,0.7923154,0.71827924,0.79507315,0.7420467,0.81816256,0.8240263,0.7562066,0.75259286,0.81402415,0.7613773,1,False
0.9065368,0.9133505,0.90154094,0.8923724,0.91804314,0.9028209,0.9159529,0.9170275,0.9147204,0.9058027,0.90903467,0.90367615,0.89406705,0.9259252,0.89302343,1,False
0.8215951,0.86854184,0.84215367,0.8648766,0.8991148,0.8563596,0.8513778,0.89527607,0.8913802,0.847832,0.8696598,0.8682431,0.8647902,0.84279764,0.86197704,1,False
0.7474139,0.78303075,0.7773864,0.7644936,0.7466473,0.6956321,0.70905894,0.7644831,0.74281645,0.7567786,0.79572177,0.83069754,0.7831664,0.82402027,0.7890849,1,False
0.85030663,0.9197947,0.8746542,0.8550321,0.918002,0.90648633,0.908991,0.9284335,0.9126635,0.88919586,0.9231666,0.87212646,0.85039485,0.9302454,0.9005278,1,False
0.7901273,0.87261736,0.8531046,0.83709,0.8486113,0.8491627,0.83952594,0.8393637,0.85570353,0.8606303,0.89248586,0.8782368,0.8279182,0.92148733,0.88860065,1,False
0.8733057,0.8790287,0.8908888,0.8568928,0.86959875,0.87781096,0.8769336,0.88071644,0.8785718,0.88423645,0.8782165,0.89519393,0.83848584,0.87192285,0.88748777,1,False
0.7758386,0.80529094,0.8059108,0.756439,0.8053133,0.8074941,0.843166,0.83760405,0.85268664,0.8246402,0.8221382,0.8128751,0.75638914,0.59241855,0.7976891,1,False
0.803162,0.8650795,0.8241515,0.7953111,0.811428,0.84541106,0.86596835,0.8245723,0.83953595,0.84769684,0.8840542,0.8436377,0.79675967,0.59241855,0.8557739,1,False
0.7802608,0.7663503,0.7789296,0.8127667,0.76071477,0.78190434,0.7669538,0.8046475,0.7742255,0.7885155,0.76850116,0.8280375,0.79750293,0.82759035,0.83868504,1,False
0.82327276,0.86129,0.86733365,0.8072654,0.85999036,0.8642915,0.8408342,0.8635601,0.89925355,0.87027454,0.8949096,0.87398046,0.8290533,0.87718844,0.89009607,1,False
0.8248572,0.8459078,0.8229531,0.8189331,0.8134434,0.8111966,0.81185263,0.8340133,0.86753935,0.83349645,0.8414215,0.83548117,0.8156133,0.84713435,0.85576874,1,False
0.88148844,0.8865608,0.87565213,0.85566,0.87039673,0.86045796,0.8735968,0.8740982,0.8724024,0.8898341,0.9132998,0.89204586,0.86261886,0.59241855,0.89765775,1,False
0.89497757,0.89930284,0.90311563,0.88705236,0.89644516,0.91174316,0.89701945,0.90054786,0.90084356,0.9095857,0.9214176,0.9205847,0.8944172,0.91534513,0.91274554,1,False
0.83284324,0.8539683,0.8863889,0.85987854,0.8969642,0.88137895,0.8804858,0.89623797,0.8783443,0.9008486,0.8836417,0.88442993,0.86620116,0.91481924,0.8762293,1,False
0.8850974,0.91303563,0.90542954,0.89047366,0.88601065,0.85589194,0.90412736,0.89525074,0.8985346,0.87035084,0.9028011,0.91148984,0.892447,0.9179417,0.91464067,1,False
0.82653606,0.8820955,0.86429507,0.8730686,0.86954373,0.84319645,0.84436095,0.8867276,0.8556452,0.89275646,0.89706653,0.86872053,0.8660084,0.87893534,0.87468046,1,False
0.83411133,0.88240933,0.87478304,0.83852243,0.8601591,0.8581561,0.8659381,0.88728416,0.869361,0.85838664,0.89831114,0.90126514,0.8527247,0.90105146,0.8782914,1,False
0.8638787,0.9074617,0.8994655,0.8792285,0.88680094,0.8694308,0.8900983,0.88224006,0.8831612,0.88055897,0.9320297,0.903839,0.869426,0.9299643,0.8997402,1,False
0.8656709,0.9143852,0.88994604,0.8767435,0.8756323,0.89706916,0.8871141,0.8962931,0.898525,0.89840144,0.9094817,0.911276,0.8725551,0.9180963,0.9169967,1,False
0.8752586,0.924185,0.9145262,0.8711039,0.9288653,0.8980787,0.897887,0.92567146,0.89703345,0.89419425,0.9290993,0.9197544,0.8822439,0.9351683,0.88807213,1,False
0.8843955,0.91003716,0.8948772,0.88900274,0.92748475,0.90255564,0.88784754,0.9419566,0.91401553,0.90545464,0.9069234,0.90521187,0.88438267,0.91728234,0.9122515,1,False
0.8870955,0.89571416,0.9046517,0.87934226,0.8893465,0.89199305,0.88825333,0.9205725,0.9257382,0.8855146,0.904292,0.90309304,0.88115495,0.90963197,0.89300716,1,False
0.9101423,0.9139817,0.9225157,0.88233835,0.91305876,0.9226891,0.92649674,0.9256632,0.9010552,0.92139155,0.9145793,0.88543946,0.88029385,0.9079683,0.90364474,1,False
0.8697175,0.8951577,0.8482132,0.8124809,0.80175614,0.83077455,0.84031427,0.81469315,0.86652255,0.83077455,0.86404705,0.84887516,0.80932534,0.9188086,0.8537009,1,False
0.9010713,0.93519664,0.9159116,0.8654512,0.89848924,0.8634774,0.8668427,0.91862833,0.90276295,0.89425075,0.9276685,0.8974503,0.8527758,0.9274748,0.8805418,1,False
0.8688388,0.8844935,0.9025299,0.8826015,0.86384547,0.85578835,0.86276025,0.8628697,0.8806463,0.8721106,0.8987869,0.8995835,0.89506006,0.90329677,0.9055155,1,False
0.81190854,0.88932717,0.88760376,0.83129305,0.8622697,0.8440539,0.8486609,0.8851352,0.86123604,0.8643996,0.8871211,0.8672439,0.8690209,0.9007241,0.9046533,1,False
0.9224389,0.903676,0.8757077,0.8982922,0.88490033,0.86031806,0.8853353,0.8722913,0.8774171,0.88155997,0.91401625,0.88118607,0.88910043,0.89080703,0.8690948,1,False
0.85872644,0.87756956,0.8932472,0.8701787,0.8927395,0.8980183,0.85785335,0.89376616,0.90232575,0.9044011,0.8975729,0.90426874,0.8639494,0.9235506,0.89493895,1,False
0.8747141,0.8719847,0.8643357,0.8577382,0.8883469,0.88485456,0.8855313,0.8880203,0.8718908,0.87788683,0.8702365,0.8986466,0.85243917,0.90285265,0.8432656,1,False
0.8454345,0.89964867,0.9028851,0.8976892,0.8966247,0.9031428,0.8873751,0.89891756,0.9161358,0.9085556,0.92035747,0.889577,0.901929,0.9211194,0.9246678,1,False
0.8902499,0.916635,0.9168389,0.87621945,0.91383016,0.89552045,0.91881776,0.9233382,0.9244484,0.89391124,0.92300093,0.9191259,0.8779241,0.91566986,0.91260964,1,False
0.8057692,0.8878176,0.8909775,0.8313896,0.85955936,0.87557656,0.836328,0.8708547,0.8679427,0.89066356,0.89356095,0.90169007,0.8283204,0.9063864,0.87904024,1,False
0.89626503,0.89190763,0.90385884,0.87713623,0.901143,0.87159914,0.8905783,0.9056785,0.9038716,0.8796532,0.8919921,0.9259169,0.87692046,0.90661037,0.89170015,1,False
0.7998473,0.8534281,0.8740187,0.8555842,0.8158208,0.8211601,0.8368139,0.84168476,0.8628235,0.82202625,0.88193107,0.878988,0.82431877,0.59241855,0.8713578,1,False
0.8991163,0.9196046,0.8987894,0.8473005,0.8266296,0.8214296,0.82835466,0.83180743,0.8274315,0.8277723,0.9200326,0.9072679,0.8485918,0.90559244,0.8815502,1,False
0.85836744,0.90159994,0.8798755,0.8898542,0.871898,0.83171564,0.84176934,0.8806523,0.86937046,0.8797266,0.9029049,0.90360606,0.8963906,0.898937,0.9105816,1,False
0.90322626,0.90042245,0.91395533,0.92555255,0.9009169,0.90709305,0.90606016,0.90322214,0.9118346,0.9165943,0.9038834,0.9175871,0.92927426,0.914149,0.931292,1,False
0.8885126,0.87884796,0.8769227,0.8580247,0.8264465,0.88159263,0.91739327,0.87223303,0.90736145,0.89063334,0.906693,0.8933923,0.837928,0.8921983,0.8859655,1,False
0.87456316,0.86775994,0.88733155,0.83756965,0.8595042,0.88977176,0.8750487,0.8753061,0.89706755,0.8970324,0.88661516,0.8914274,0.83392936,0.59241855,0.8634526,1,False
0.8695544,0.90476483,0.9065028,0.851547,0.89395356,0.87515646,0.8725797,0.8846078,0.8795363,0.88385826,0.91168326,0.90484875,0.8433334,0.90711224,0.86668557,1,False
0.7789415,0.78424823,0.7940701,0.8625147,0.767194,0.7709018,0.793069,0.8284948,0.8164228,0.821969,0.808079,0.8227386,0.8561091,0.7639822,0.85683525,1,False
0.79268074,0.89106166,0.8544882,0.7836,0.7962765,0.82245314,0.8239242,0.81328,0.8442849,0.8452858,0.90521425,0.87254703,0.7836,0.8714199,0.8487054,1,False
0.8476142,0.841254,0.84153557,0.8735124,0.8537011,0.8405711,0.8557345,0.86337537,0.86118066,0.87853336,0.8673592,0.86361563,0.872296,0.59241855,0.8937218,1,False
0.90443534,0.8958065,0.9076073,0.89317805,0.9101121,0.9115774,0.9060885,0.90337205,0.9274246,0.90886503,0.8867164,0.9342792,0.88848686,0.9142185,0.89386797,1,False
0.87274396,0.8413258,0.832938,0.84611803,0.8530797,0.84228814,0.8628218,0.83013904,0.85772234,0.8727068,0.84022677,0.8240658,0.8493148,0.8376732,0.80141073,0,True
0.8384842,0.86479974,0.8544656,0.8197341,0.81400484,0.78916717,0.812523,0.826871,0.8289255,0.82900655,0.8741331,0.85426056,0.7992568,0.88117325,0.8435765,0,True
0.86058086,0.8521867,0.85977304,0.85413283,0.83853936,0.86278766,0.82857597,0.8432715,0.84022295,0.85945415,0.85008085,0.85057503,0.84271824,0.84564376,0.83907855,0,True
0.809559,0.8524436,0.83937556,0.80943835,0.84732664,0.85189354,0.83222425,0.85227776,0.8511566,0.86273783,0.83299994,0.8321813,0.81679827,0.84596914,0.8439038,0,True
0.7790281,0.796429,0.7677609,0.82321525,0.807953,0.80406225,0.81448495,0.79545224,0.80195045,0.795606,0.8143453,0.78631115,0.8364893,0.81003535,0.8349724,0,True
0.8075952,0.8242379,0.8098125,0.81620663,0.8163391,0.8382616,0.82509166,0.81835043,0.8266112,0.8140187,0.82649237,0.81840134,0.7928573,0.59241855,0.8265167,0,True
0.8388186,0.8041197,0.8299458,0.8462852,0.7914487,0.82335466,0.83216727,0.76959586,0.7996512,0.81418437,0.81202304,0.781349,0.80983603,0.805091,0.8156823,0,True
0.82589924,0.8462098,0.8500693,0.84829396,0.8428083,0.85153836,0.84044623,0.83936995,0.8565709,0.8559477,0.83613706,0.8225554,0.84345627,0.84509313,0.83847404,0,True
0.84315014,0.83898455,0.8605674,0.8442883,0.8550524,0.8360902,0.83503413,0.84022593,0.8581618,0.84912896,0.84451526,0.8721578,0.8370913,0.8466544,0.8495421,0,True
0.88773555,0.87249684,0.85196924,0.8373112,0.87196946,0.8492292,0.87815046,0.87723416,0.8055612,0.8434838,0.86861247,0.86296695,0.8483433,0.8839092,0.8904949,0,True
0.767254,0.8161665,0.81697714,0.8000551,0.7680461,0.7934762,0.77937657,0.7783665,0.77741474,0.7965345,0.8310952,0.82135916,0.7945653,0.8248434,0.81783336,0,True
0.78244853,0.7853311,0.82016534,0.80164874,0.8174311,0.81297815,0.81182027,0.8398867,0.842918,0.8356794,0.83721113,0.8269987,0.8095388,0.82781875,0.8230263,0,True
0.8478489,0.8345617,0.8622912,0.839983,0.85257596,0.85414994,0.85184294,0.86304736,0.86145353,0.8553035,0.8321774,0.8776152,0.83553255,0.844799,0.850292,0,True
0.8319945,0.86377066,0.84824604,0.8489003,0.8194654,0.82035637,0.8345567,0.84460473,0.8260536,0.8496164,0.861987,0.8546672,0.8489003,0.86084497,0.8484336,0,True
0.7961286,0.8402583,0.8177633,0.81443846,0.8219781,0.8247517,0.8090515,0.84778833,0.85024893,0.83449674,0.8425525,0.85887015,0.8292749,0.8691646,0.8117242,0,True
0.8308548,0.8407349,0.8270917,0.836614,0.8329549,0.81401014,0.8377219,0.81413317,0.83646035,0.81117547,0.8450917,0.8515948,0.84507835,0.831705,0.8496329,0,True
0.8360106,0.833049,0.82711005,0.8074585,0.8236357,0.8230169,0.8483062,0.80040073,0.8464952,0.8233958,0.83789194,0.82838553,0.82842696,0.59241855,0.81932455,0,True
0.8146164,0.80094755,0.80837977,0.84701747,0.8278524,0.80075514,0.8212707,0.8511462,0.8485655,0.82203174,0.80541515,0.8316474,0.83699554,0.80148256,0.83198404,0,True
0.7734189,0.80794007,0.78781855,0.7663405,0.77339995,0.7632149,0.7742846,0.8011294,0.7850284,0.7667899,0.8265977,0.81215334,0.7716177,0.7876016,0.7876574,0,True
0.7951935,0.8352041,0.82603645,0.8019715,0.8304799,0.8262389,0.8273133,0.84946346,0.8323524,0.8215457,0.8576821,0.8361005,0.7965751,0.8633653,0.8461986,0,True
0.8463442,0.81058586,0.81774145,0.8231401,0.8440563,0.85510933,0.84998363,0.8533064,0.84496844,0.8546256,0.8293255,0.8286746,0.83504033,0.83231556,0.8551469,0,True
0.80378807,0.8395022,0.8334388,0.8000796,0.82326317,0.81831366,0.830919,0.8507334,0.8301168,0.84366524,0.8473391,0.8520995,0.8013177,0.83401525,0.82657295,0,True
0.8190783,0.85647726,0.8585828,0.83465254,0.84945726,0.8559252,0.8588352,0.84838104,0.8517995,0.8674143,0.85589796,0.86497265,0.8477203,0.82354504,0.8413147,0,True
0.7943027,0.81160986,0.83894354,0.80934656,0.7918161,0.81722426,0.80817854,0.81206936,0.8184394,0.80775905,0.8195347,0.8380278,0.80934656,0.83349156,0.84010077,0,True
0.78411674,0.795361,0.80205375,0.81900823,0.8232812,0.81981254,0.7760015,0.82201874,0.79457515,0.81796384,0.8157872,0.81562114,0.81565744,0.81922376,0.79452497,0,True
0.76573473,0.7963103,0.8347206,0.78205335,0.8206753,0.7786874,0.79036933,0.84111226,0.7992967,0.78975004,0.8090929,0.8278634,0.7807779,0.83076537,0.7981387,0,True
0.8524417,0.8514836,0.87284184,0.8434019,0.838112,0.85537964,0.849878,0.8510721,0.85335135,0.8594884,0.8558649,0.86951685,0.8434019,0.84946984,0.85928196,0,True
0.856686,0.84651405,0.8402167,0.8460188,0.82556844,0.8411139,0.83993435,0.82965964,0.830177,0.84141195,0.851274,0.8550066,0.85314316,0.8324658,0.8611813,0,True
0.8073052,0.8486936,0.81668335,0.7997924,0.7847177,0.7958109,0.7962096,0.8468042,0.8330241,0.84697354,0.84461296,0.83810496,0.77996534,0.8318222,0.80814886,0,True
0.8544034,0.86845505,0.81204677,0.80767286,0.84112704,0.8110988,0.8539091,0.8340049,0.8512069,0.8335724,0.8679515,0.8475646,0.82375777,0.8657845,0.8259375,0,True
0.76682276,0.8009229,0.8294837,0.8125382,0.77329916,0.80285466,0.7980931,0.78795284,0.82362914,0.8148208,0.8388501,0.8198973,0.8086674,0.82684803,0.8235379,0,True
0.81277645,0.88210785,0.86693704,0.85017234,0.8505861,0.849393,0.86265373,0.85576993,0.8700927,0.88284814,0.88068956,0.8777657,0.85049164,0.59241855,0.8763071,0,True
0.78131264,0.7879662,0.7762387,0.77256274,0.77082956,0.7639425,0.8025615,0.82171565,0.8056147,0.8151494,0.7889613,0.7641672,0.7670834,0.5924186,0.801243,0,True
0.7972296,0.83274573,0.865305,0.78328145,0.82593906,0.83454,0.8202646,0.8280616,0.83300143,0.83293355,0.860217,0.87898594,0.78328145,0.84070003,0.8594444,0,True
0.84373116,0.8350735,0.8387623,0.8066373,0.8390842,0.8156014,0.811414,0.8585857,0.84711933,0.8241113,0.83392256,0.8436556,0.7964004,0.84542745,0.8220017,0,True
0.767277,0.7551198,0.7610508,0.7545384,0.7763585,0.75373805,0.7537011,0.7635752,0.75660646,0.76251656,0.78947675,0.75901294,0.7704846,0.7871456,0.779861,0,True
0.7931061,0.85434955,0.8335613,0.83680224,0.82555217,0.81919956,0.83362156,0.8279798,0.8533732,0.81833124,0.854722,0.8799239,0.8204408,0.86549807,0.84918123,0,True
0.8683407,0.8633716,0.8643783,0.84964633,0.8572398,0.824134,0.8067319,0.8825125,0.83406615,0.81722176,0.8857408,0.8660674,0.8540759,0.87668943,0.8776371,0,True
0.76372373,0.7836633,0.7671918,0.76141167,0.7541119,0.747166,0.73728085,0.7797195,0.78443,0.8095966,0.81052357,0.81969047,0.78507274,0.78159505,0.8269443,0,True
0.8072246,0.8313161,0.8340555,0.83348626,0.8503308,0.81992686,0.8426787,0.85469997,0.8349848,0.83465266,0.82446885,0.8344857,0.83348626,0.5924186,0.83747596,0,True
0.7897488,0.8214439,0.80441695,0.82669985,0.84745973,0.83697,0.8186867,0.86119694,0.8463392,0.83399206,0.8441403,0.81705487,0.82800937,0.8320019,0.8411044,0,True
0.79731363,0.8098636,0.8124553,0.7535647,0.7771895,0.77000666,0.7998583,0.79354984,0.81196576,0.77498394,0.8239912,0.8140179,0.7319455,0.5924186,0.8106732,0,True
0.8668024,0.87520325,0.888525,0.8673426,0.88032407,0.87597454,0.8798114,0.86740327,0.8773619,0.87536526,0.8656115,0.8693279,0.84927124,0.86296386,0.89254147,0,True
0.8597156,0.8566593,0.8487933,0.84838,0.865491,0.8753567,0.8790745,0.8681692,0.8742083,0.86814296,0.85596,0.8471977,0.8572625,0.84057736,0.8426484,0,True
0.8171634,0.84487164,0.8187971,0.80323505,0.8062887,0.8175769,0.8057534,0.8044518,0.8178453,0.81480265,0.8506746,0.8534726,0.800822,0.83542997,0.8214399,0,True
0.8347217,0.85436106,0.84466493,0.86593986,0.8345604,0.83843994,0.8195256,0.8272378,0.8197712,0.8506472,0.8709476,0.8396159,0.8540794,0.87470907,0.8471931,0,True
0.74378717,0.8025147,0.8184172,0.8393644,0.8260537,0.8122375,0.81678325,0.7875879,0.81596375,0.8295567,0.8025147,0.8225912,0.8500027,0.8062072,0.83986044,0,True
0.85451865,0.85591006,0.86912,0.84698653,0.8522845,0.8558105,0.86337036,0.8386147,0.8388488,0.85618955,0.8520454,0.8686849,0.8501288,0.84552926,0.8294219,0,True
0.829955,0.88136125,0.879457,0.85851425,0.8521199,0.866445,0.8821877,0.86211866,0.8839108,0.8605101,0.8876214,0.87595433,0.8685988,0.8767663,0.8684109,0,True
0.85005116,0.89265484,0.865469,0.83844,0.8580576,0.8347218,0.8537399,0.85269576,0.86633724,0.8492447,0.88253766,0.8630631,0.83641523,0.8716735,0.881714,0,True
0.8538699,0.85429484,0.8573796,0.8562851,0.8697418,0.8732779,0.8432275,0.8588059,0.85474473,0.8580134,0.84135807,0.85727096,0.85635173,0.8469466,0.8397116,0,True
0.8282829,0.8052603,0.81913567,0.7991785,0.8237243,0.8299001,0.82344854,0.8045816,0.82385373,0.8262452,0.81889033,0.7943759,0.8139927,0.7945741,0.7760606,0,True
0.7716567,0.8546686,0.82805157,0.8097555,0.8484427,0.84496164,0.8294842,0.8596718,0.849149,0.8536581,0.85936916,0.86526805,0.8307659,0.85498387,0.8465221,0,True
0.83745444,0.8276968,0.84115195,0.81905484,0.81219155,0.85563153,0.81582284,0.8158537,0.83088696,0.8578836,0.8403559,0.84096825,0.8208667,0.84164286,0.8483616,0,True
0.7781962,0.8464781,0.8120362,0.79427576,0.7705987,0.8214569,0.8392352,0.7947178,0.82555544,0.8139929,0.8448132,0.8551328,0.78761655,0.5924186,0.8269864,0,True
0.8321459,0.83732945,0.83824503,0.8351761,0.8075141,0.84399754,0.8083967,0.81049335,0.8259534,0.8448573,0.844386,0.8398547,0.84126955,0.82358456,0.8408065,0,True
0.8588563,0.8200013,0.8503954,0.83725464,0.84177303,0.84396374,0.83469075,0.83129424,0.84788823,0.8445668,0.83401597,0.84395903,0.8290288,0.8421216,0.8274352,0,True
0.79872435,0.84419227,0.84878397,0.8313755,0.7985863,0.8438407,0.7665056,0.81013155,0.83669716,0.83110434,0.85100436,0.84261227,0.84774995,0.8608805,0.84036505,0,True
0.8416499,0.8446999,0.8514216,0.84114885,0.85059696,0.851349,0.85642093,0.8474926,0.87112784,0.8416414,0.86498874,0.8603875,0.8444687,0.8707323,0.84675443,0,True
0.8384461,0.8439846,0.8535175,0.8419895,0.8325171,0.8498261,0.8462738,0.816345,0.8453582,0.85461974,0.8552711,0.84936154,0.83709943,0.8476113,0.84256077,0,True
0.77075773,0.8156769,0.8127933,0.8451494,0.79876125,0.8047603,0.80041677,0.7878472,0.8071821,0.8099148,0.8434111,0.8342661,0.841261,0.8289502,0.8559516,0,True
0.79993796,0.7871173,0.78269243,0.73560333,0.80661815,0.8226873,0.80949026,0.8009426,0.7991229,0.8309411,0.78711385,0.8101211,0.7188901,0.82893574,0.78140616,0,True
0.8366957,0.8398911,0.82166487,0.8212925,0.84391236,0.8300284,0.839679,0.8451058,0.8322878,0.81122625,0.8432112,0.8172628,0.83298165,0.8392236,0.8422014,0,True
0.84660137,0.85302174,0.8660384,0.85001844,0.8372321,0.8242896,0.8433964,0.83216256,0.82706285,0.8314674,0.8443768,0.85230577,0.8501074,0.86911666,0.8541844,0,True
0.86151314,0.85297537,0.86054045,0.85012174,0.83653176,0.8734801,0.87296855,0.8396046,0.8707812,0.8631044,0.8508558,0.8446317,0.85006154,0.8653669,0.86150223,0,True
0.81935775,0.83353764,0.8191512,0.8367372,0.8195379,0.8172122,0.8395197,0.82832074,0.8289379,0.81450355,0.8340764,0.8380811,0.82309175,0.83599985,0.84561306,0,True
0.818242,0.8161307,0.84658825,0.8478133,0.84058815,0.8450941,0.83075714,0.8512498,0.82857805,0.84602225,0.82653844,0.8564459,0.8473373,0.8228348,0.83991283,0,True
0.8032559,0.83854985,0.82823604,0.81710905,0.8489345,0.8389666,0.8173285,0.84212554,0.81736594,0.8197918,0.85389817,0.84719414,0.8070186,0.8317179,0.84707135,0,True
0.6238825,0.70683014,0.74076784,0.7597025,0.71338964,0.7623273,0.7105862,0.76208395,0.7488505,0.78222054,0.7211803,0.7453381,0.7308129,0.7080862,0.8044777,0,True
0.8224602,0.832214,0.82533836,0.8339168,0.8271575,0.8186321,0.79622483,0.8212163,0.83284426,0.8494671,0.83989114,0.833054,0.8103633,0.8424111,0.8406956,0,True
0.8193352,0.8455731,0.83660614,0.85771704,0.8652394,0.8392655,0.8535862,0.8700994,0.85042524,0.8520919,0.86594355,0.8441075,0.8587947,0.5924186,0.84370744,0,True
0.8064054,0.84074986,0.83332205,0.7957283,0.8161086,0.76576865,0.8139343,0.798401,0.8154621,0.7786788,0.8417069,0.82219696,0.7935862,0.80300987,0.8284413,0,True
0.79227376,0.83131427,0.8360317,0.81987786,0.8310162,0.8150934,0.85257894,0.82478666,0.8506048,0.81279385,0.8438899,0.83293927,0.8150209,0.8402339,0.8294086,0,True
0.8609222,0.8565178,0.84935737,0.8583828,0.86366904,0.8670172,0.8370659,0.854815,0.8508469,0.86716163,0.8528931,0.8646128,0.85439694,0.843729,0.85603654,0,True
0.8077696,0.8577155,0.8443807,0.8431989,0.8482843,0.84381634,0.8688998,0.8503289,0.86851746,0.8530539,0.8618367,0.86873794,0.8327652,0.8460058,0.8521073,0,True
0.8187549,0.8418641,0.85494685,0.8276639,0.84275335,0.8263169,0.8288813,0.806705,0.8331842,0.8448767,0.85083944,0.8556212,0.8276639,0.84665525,0.8507984,0,True
0.8675002,0.86525774,0.86347926,0.8567597,0.8783903,0.85322094,0.872587,0.8528004,0.86706847,0.858201,0.85290074,0.86126167,0.8761579,0.86307144,0.8570856,0,True
0.76175356,0.795625,0.7433127,0.77895355,0.7919867,0.79341745,0.7275439,0.7966846,0.7499254,0.8072934,0.81551695,0.767827,0.783738,0.77620643,0.774184,0,True
0.78799903,0.83869445,0.83569366,0.816955,0.8208349,0.82684255,0.8269088,0.81330717,0.83915985,0.83138996,0.8298362,0.84847486,0.8240907,0.873018,0.8308412,0,True
0.80485606,0.810443,0.77922356,0.7873051,0.8168483,0.7912026,0.8197508,0.84512806,0.82833827,0.7964373,0.8114482,0.826878,0.78295684,0.82158834,0.8496781,0,True
0.7653886,0.8154472,0.8122362,0.78244054,0.8040537,0.7919734,0.79480493,0.8160485,0.8462895,0.7907877,0.82011807,0.85387933,0.7772409,0.81989115,0.84461224,0,True
0.8179576,0.82692516,0.817456,0.7990231,0.8065126,0.8331574,0.79815495,0.8065917,0.78989434,0.81910837,0.81480885,0.8296799,0.8249388,0.82581496,0.7838845,0,True
0.82764477,0.85745156,0.8645109,0.83171713,0.82111835,0.82210433,0.8247715,0.8245935,0.8233772,0.823121,0.8647831,0.8684354,0.8386934,0.5924186,0.8470113,0,True
0.8268631,0.8449025,0.8450602,0.8104161,0.8485859,0.8339444,0.841706,0.8463405,0.84900945,0.84242135,0.8455259,0.85150886,0.8138835,0.59241855,0.8279063,0,True
0.7927079,0.84818923,0.82410526,0.84118044,0.817375,0.8306007,0.80557394,0.81368893,0.8448672,0.84771734,0.85895187,0.83560246,0.84525853,0.59241855,0.83019036,0,True
0.8253772,0.8914636,0.8916395,0.8999715,0.8669393,0.85430104,0.86518884,0.86550766,0.8762565,0.85958755,0.85463315,0.8925357,0.90336394,0.8759713,0.8984131,0,True
0.8522604,0.8587785,0.84922934,0.8560775,0.84594643,0.8414032,0.86156994,0.8654481,0.85844594,0.8496817,0.86000395,0.84940296,0.8658385,0.59241855,0.84612936,0,True
0.8513255,0.79982,0.80994797,0.7904889,0.81478155,0.8088239,0.80716884,0.82326216,0.81037664,0.82856953,0.86248124,0.81415087,0.7937795,0.81118166,0.8261516,0,True
0.8665751,0.8616133,0.86197543,0.8389071,0.8511437,0.85417503,0.849098,0.84648645,0.85598934,0.84543806,0.8629458,0.86929876,0.8424819,0.8668601,0.8407162,0,True
0.86351216,0.8497362,0.86246014,0.87180555,0.8469682,0.83751345,0.84911835,0.8316923,0.8452748,0.81426764,0.85045636,0.8558761,0.8708718,0.86860925,0.8502219,0,True
0.83832467,0.82872224,0.8403586,0.8183594,0.8418472,0.8172298,0.81945527,0.8044654,0.8443495,0.80222356,0.8299713,0.8606783,0.79857296,0.8331255,0.8401807,0,True
0.7846246,0.81473535,0.79387593,0.7915853,0.7677494,0.79271775,0.7998956,0.8061534,0.8196141,0.82827544,0.82272714,0.82482755,0.811887,0.82728726,0.8251068,0,True
0.8258405,0.7962444,0.79334086,0.81118846,0.7589195,0.80036,0.7862749,0.77140146,0.83438444,0.79692197,0.8274184,0.80007637,0.8273326,0.79484403,0.7962109,0,True
0.85837823,0.8654481,0.8508426,0.86386275,0.8640811,0.8575262,0.8611216,0.869319,0.86003196,0.86869895,0.8655134,0.86188066,0.8647399,0.8560361,0.8758998,0,True
0.8273622,0.81993204,0.82608914,0.8297168,0.8078895,0.8060116,0.8022318,0.81848145,0.80924857,0.8118141,0.82586765,0.8282794,0.8284693,0.59241855,0.8300134,0,True
0.8404798,0.844899,0.8395556,0.8326189,0.799777,0.814808,0.8279921,0.79658103,0.86397624,0.8320156,0.8429004,0.85007095,0.82302904,0.84429145,0.838379,0,True
0.838385,0.80475646,0.825989,0.8128712,0.80686986,0.8068879,0.82685035,0.8476512,0.834511,0.8359421,0.82803535,0.82490194,0.81438136,0.83348507,0.8010535,0,True
0.8061795,0.8606477,0.87054294,0.793791,0.81183463,0.8645044,0.8486828,0.8417021,0.8506315,0.85792893,0.88232464,0.87031424,0.79640806,0.8722646,0.858872,0,True
0.81709623,0.82612467,0.8282638,0.8246536,0.8334564,0.7999396,0.7888926,0.8272794,0.81450474,0.8362768,0.8141801,0.82594943,0.82543665,0.82427734,0.8347708,0,True
0.7909814,0.810483,0.7911124,0.7887541,0.7817625,0.7829432,0.796476,0.77230304,0.77995366,0.77997863,0.8406395,0.79823345,0.7887541,0.80512697,0.8304811,0,True
0.83453745,0.8401939,0.8370183,0.8256041,0.8526756,0.8710926,0.8707334,0.82771057,0.8625437,0.86920744,0.84507793,0.83154684,0.8239511,0.8313979,0.8613602,0,True
0.8320582,0.8438248,0.80297637,0.81584233,0.8237321,0.81357807,0.8221258,0.82568574,0.8241124,0.8196078,0.80707353,0.80296314,0.8269985,0.81149757,0.8184749,0,True
0.7789756,0.83660704,0.8210957,0.85340476,0.84870005,0.8504135,0.8095002,0.8341713,0.8218459,0.8583953,0.8536912,0.8537325,0.8475049,0.86425215,0.86117876,0,True
0.7053652,0.7788421,0.7756535,0.7899321,0.75937873,0.7438178,0.7116993,0.74721354,0.70999414,0.7403608,0.7728363,0.80737364,0.7910898,0.7676654,0.7786239,0,True
0.8357327,0.8307098,0.8251419,0.83609664,0.81300443,0.82018733,0.83096784,0.8009596,0.81992584,0.8129068,0.8305919,0.81688756,0.84868294,0.8584879,0.8236793,0,True
0.79769707,0.7984234,0.776958,0.80080426,0.78436196,0.81380814,0.781946,0.7872722,0.7858988,0.7983492,0.79480946,0.7961875,0.80858094,0.82207805,0.7807378,0,True
0.8742231,0.82870394,0.83699614,0.82109684,0.8505444,0.82038945,0.80329746,0.8346261,0.8094081,0.81440276,0.82536936,0.84507936,0.8177289,0.82869613,0.8287368,0,True
0.77940977,0.84194076,0.8282592,0.817431,0.79319113,0.8098235,0.7855726,0.8492137,0.8301306,0.8375657,0.8441455,0.8414207,0.82093185,0.84619594,0.8486183,0,True
0.8366903,0.8484421,0.8391694,0.8190991,0.785111,0.79412305,0.792557,0.83117974,0.74989426,0.82035244,0.85392356,0.81891227,0.82740474,0.8569895,0.8174169,0,True
0.74193406,0.8372121,0.8241598,0.77335423,0.7592582,0.7750454,0.7331735,0.7854085,0.78237575,0.7790056,0.8375185,0.8457507,0.77158374,0.81400186,0.8179669,0,True
0.7737558,0.8094491,0.8076861,0.80084646,0.7949734,0.7835889,0.7622212,0.83176136,0.7994354,0.82216036,0.81261843,0.821765,0.785949,0.811433,0.78696394,0,True
0.8387146,0.82020336,0.8241118,0.83411944,0.81869495,0.8169495,0.81007534,0.8310951,0.81306696,0.8291855,0.81953645,0.8630073,0.8353854,0.8175622,0.83323,0,True
0.89143896,0.8788171,0.8730616,0.83971167,0.8563496,0.84765816,0.87821686,0.8463569,0.8709613,0.83729845,0.86374956,0.8585154,0.85526806,0.880204,0.84374404,0,True
0.81545496,0.8424199,0.83405685,0.8060334,0.8349304,0.8475203,0.8162611,0.8362472,0.81857157,0.8492161,0.8397529,0.83485,0.81315386,0.83224225,0.83501846,0,True
0.81585336,0.8263836,0.8129992,0.80142605,0.8334328,0.7983765,0.79804003,0.8480715,0.8277288,0.8199441,0.8562298,0.8577447,0.81351966,0.8549589,0.8561904,0,True
0.78855205,0.85627955,0.84094274,0.7767489,0.8384007,0.8245777,0.8431064,0.84471524,0.8529702,0.8278618,0.8434932,0.835441,0.7767489,0.85254997,0.8418913,0,True
0.79752886,0.81640196,0.8333437,0.77615845,0.8505653,0.80464137,0.8438798,0.8507092,0.84197825,0.80796105,0.8142183,0.821907,0.775929,0.83177614,0.7916684,0,True
0.85167617,0.82855266,0.83518517,0.82237506,0.8357612,0.8455125,0.8348773,0.83271074,0.83557767,0.83560747,0.8206178,0.82712775,0.82478225,0.82215744,0.82950795,0,True
0.82711685,0.87288797,0.85299194,0.82492465,0.8782042,0.8355149,0.84898096,0.8593302,0.85483885,0.8297464,0.86258566,0.87217134,0.82536197,0.868026,0.8634392,0,True
0.79660296,0.8577113,0.8329568,0.7806999,0.80142903,0.79863626,0.78898144,0.8197599,0.8271597,0.8455573,0.8590518,0.84952784,0.7852814,0.86119336,0.8284496,0,True
0.8366364,0.836726,0.8602998,0.8675138,0.8086899,0.8345579,0.8632206,0.78280634,0.8646891,0.82263565,0.8408774,0.8482553,0.8676206,0.86906755,0.80972934,0,True
0.8533317,0.82433593,0.83070135,0.8017114,0.8496368,0.83030653,0.8335149,0.8495814,0.83890444,0.8108156,0.81684554,0.8428502,0.79978484,0.8326133,0.8267113,0,True
0.85049844,0.85472673,0.8321185,0.78458464,0.8032743,0.84595025,0.8542526,0.82721186,0.84931314,0.83734816,0.8444197,0.83176893,0.7816095,0.848561,0.8454248,0,True
0.8123833,0.83010554,0.85672367,0.82206386,0.85426867,0.8441193,0.8272414,0.8724811,0.8322103,0.8411838,0.8506069,0.8682738,0.8331508,0.59241855,0.84580445,0,True
0.8888532,0.83571345,0.8645245,0.8556241,0.82727224,0.8167081,0.8037614,0.81953555,0.8119553,0.8151125,0.8357984,0.856067,0.8640107,0.8369282,0.8679049,0,True
0.8247972,0.8161038,0.8037963,0.8240438,0.83789974,0.7976506,0.85267365,0.8019569,0.7919106,0.8012082,0.8222617,0.8024236,0.82459974,0.8017765,0.752393,0,True
0.7629402,0.784084,0.7783538,0.7796103,0.75136006,0.7573057,0.77455795,0.7822111,0.82146734,0.790982,0.7997973,0.7955928,0.7760794,0.8095445,0.7866505,0,True
0.8058424,0.8028859,0.80109453,0.8144341,0.8175271,0.8007452,0.7714639,0.8133778,0.78744996,0.8068538,0.8028859,0.8023256,0.80898887,0.83288926,0.8292146,0,True
0.7424794,0.8346745,0.81325436,0.7988577,0.82814693,0.8440869,0.8239262,0.8315536,0.83457804,0.8359903,0.82933074,0.8292557,0.81432223,0.8379488,0.8495716,0,True
0.82456815,0.85530263,0.84595585,0.85681844,0.84833515,0.8466111,0.830838,0.8539451,0.84189665,0.8413886,0.8784576,0.86041147,0.8591427,0.59241855,0.8506501,0,True
0.86876017,0.8889501,0.8888911,0.8851008,0.8845184,0.86967087,0.8643833,0.8741275,0.8668709,0.8729454,0.9019559,0.89702535,0.8837997,0.88703156,0.8864612,0,False
0.8346772,0.83766973,0.84014076,0.81013566,0.8191394,0.824716,0.84062606,0.8233247,0.82774264,0.83555275,0.84568816,0.8516622,0.8106299,0.59241855,0.85416144,0,False
0.7849453,0.83174485,0.8368407,0.8078358,0.81221366,0.8252105,0.8353217,0.8519814,0.8364141,0.8442636,0.8344068,0.8591651,0.8196119,0.83825517,0.8317256,0,False
0.81165004,0.8213038,0.81700486,0.8276073,0.82301015,0.7701807,0.8026198,0.8367937,0.815061,0.7817339,0.84799296,0.82141984,0.82348955,0.8373183,0.84002185,0,False
0.73011976,0.845902,0.830661,0.844489,0.82155144,0.81803,0.8233004,0.853346,0.8362946,0.81978977,0.83594424,0.8369799,0.86614704,0.59241855,0.86198854,0,False
0.8055031,0.8328445,0.8651009,0.82202435,0.83304477,0.8078982,0.8053733,0.8179024,0.82542276,0.84420323,0.8414841,0.8847646,0.8075057,0.8387723,0.8491256,0,False
0.7988582,0.8234885,0.82029164,0.8296522,0.7911136,0.85083103,0.85579044,0.8388864,0.8670865,0.86635154,0.84378564,0.86285466,0.8296522,0.8350599,0.8518944,0,False
0.8108105,0.8600578,0.8642825,0.8287715,0.8280319,0.8502806,0.8297918,0.8232066,0.86460793,0.8437598,0.8779139,0.8589322,0.8326072,0.86405915,0.8653198,0,False
0.7945707,0.8423462,0.83380514,0.81864333,0.84254205,0.85483634,0.84100986,0.83186257,0.843189,0.845882,0.8475437,0.8350451,0.8031923,0.850989,0.8415148,0,False
0.81873095,0.8413534,0.8356801,0.84077495,0.8436123,0.82975316,0.8442643,0.857652,0.8663131,0.83770245,0.8596303,0.8415886,0.83884674,0.8457888,0.85548294,0,False
0.82816607,0.84409773,0.8540509,0.854597,0.8360922,0.8237663,0.8659274,0.8739077,0.8745194,0.8324001,0.8619,0.87381756,0.8558853,0.59241855,0.89437443,0,False
0.8009814,0.8357551,0.8468771,0.76403433,0.82780766,0.80929625,0.8208518,0.867678,0.8471865,0.8329551,0.8510204,0.8451751,0.7625623,0.8551301,0.833801,0,False
0.879796,0.8707791,0.87345606,0.8347737,0.8683952,0.86104476,0.8613015,0.8598175,0.8648063,0.88193387,0.86551285,0.8711334,0.84343696,0.8668203,0.87708855,0,False
0.82957274,0.8378624,0.84535205,0.8571377,0.8376516,0.8411508,0.823605,0.84442866,0.84094965,0.84372276,0.85710394,0.8470854,0.8341654,0.8312841,0.87875885,0,False
0.8384975,0.8753839,0.88432044,0.8651176,0.8514123,0.823617,0.8337864,0.8296732,0.8280728,0.841794,0.87017155,0.87691617,0.86617124,0.8597088,0.89197665,0,False
0.80669373,0.8518241,0.848572,0.8648527,0.82907397,0.824244,0.8060914,0.83862114,0.82737535,0.8556948,0.86541134,0.8438905,0.8684127,0.8582481,0.8563782,0,False
0.8497877,0.8681109,0.85950404,0.858298,0.83999395,0.8560974,0.8476808,0.840505,0.85506594,0.8538748,0.86340714,0.8714943,0.8558185,0.84956574,0.8664968,0,False
0.80837417,0.82100564,0.8098023,0.83622295,0.83192074,0.8095561,0.8222735,0.8326998,0.8140172,0.8345008,0.8220371,0.82001513,0.79857665,0.8380374,0.83063424,0,False
0.8015171,0.8030869,0.8200894,0.8052003,0.8092414,0.78909457,0.83498645,0.8102912,0.80493146,0.8142103,0.7992358,0.81601876,0.8136084,0.80406696,0.81879544,0,False
0.8234978,0.8538041,0.8626945,0.8616124,0.8312284,0.8232953,0.8096476,0.86744076,0.8454263,0.83308977,0.8426943,0.86139107,0.853105,0.865717,0.8810169,0,False
0.80568635,0.86514366,0.8403754,0.79792106,0.8616839,0.8451134,0.8596061,0.83895576,0.8615178,0.8334013,0.86258185,0.8418274,0.79633,0.86053705,0.8214308,0,False
0.7370056,0.75891536,0.8138273,0.7902584,0.7718291,0.8374491,0.7785056,0.82789135,0.83542925,0.83655614,0.7716584,0.8179199,0.77824366,0.80798435,0.8813938,0,False
0.8195256,0.85482395,0.8502084,0.82474333,0.84537154,0.8842437,0.85159993,0.8531044,0.85248387,0.8822617,0.84484607,0.8627528,0.82067335,0.8766626,0.86294997,0,False
0.8338932,0.8719763,0.8742164,0.86297077,0.88388777,0.88793707,0.9057748,0.89272994,0.89330673,0.89421433,0.87466747,0.8797004,0.86297077,0.8684339,0.8681191,0,False
0.81001735,0.85135394,0.85052663,0.82939744,0.8339627,0.87041616,0.87300086,0.8687039,0.8976902,0.87115276,0.8434988,0.84704214,0.83935326,0.84836525,0.84798485,0,False
0.837713,0.84837323,0.8448453,0.85866994,0.853224,0.831601,0.86028844,0.84398127,0.84460485,0.8531448,0.8461061,0.8340416,0.8609022,0.8555169,0.8240384,0,False
0.7755635,0.78105474,0.8192448,0.77123386,0.7852953,0.79190683,0.82210934,0.8131124,0.8008926,0.8041277,0.796547,0.8378441,0.7769982,0.8009797,0.8237936,0,False
0.8449532,0.8613845,0.877215,0.8273038,0.849649,0.7960424,0.8435689,0.85212445,0.8270729,0.794983,0.8426979,0.8662244,0.8190279,0.86328095,0.89131874,0,False
0.82577723,0.85589015,0.84095883,0.8116399,0.8288537,0.8588008,0.8596631,0.8382026,0.8565329,0.85869896,0.8532306,0.83345926,0.81815267,0.8459396,0.84304345,0,False
0.84929353,0.86715394,0.8483779,0.8017604,0.8525911,0.8700619,0.85613847,0.86678785,0.8602791,0.8329453,0.8587002,0.8445327,0.8017604,0.8639736,0.83139724,0,False
0.77919173,0.8801635,0.86592,0.8400655,0.8648381,0.8290031,0.8723241,0.84368217,0.86849463,0.8351882,0.880159,0.8793235,0.8428788,0.8621803,0.86693716,0,False
0.78507626,0.8171515,0.8431507,0.825341,0.81348455,0.7726725,0.7991026,0.826985,0.8242139,0.8037977,0.83263576,0.8616786,0.8186792,0.8310214,0.84225667,0,False
0.84524214,0.843664,0.84182334,0.83398813,0.8301267,0.8180058,0.8286221,0.84218967,0.8441501,0.8358699,0.86037296,0.85613465,0.84883237,0.84573007,0.84047264,0,False
0.78419405,0.8531838,0.87472737,0.8379922,0.7429717,0.8434396,0.8575081,0.7519491,0.86407286,0.85905915,0.84239686,0.8834795,0.8323658,0.85097533,0.8617078,0,False
0.8136099,0.834805,0.8275063,0.8720991,0.86181265,0.85541993,0.8584918,0.84370494,0.84714055,0.869523,0.85298645,0.84293467,0.8742187,0.85093176,0.8680224,0,False
0.8653332,0.86369574,0.8568434,0.8571296,0.86514235,0.85304546,0.8583299,0.86626965,0.83314353,0.858983,0.86139244,0.85560614,0.85625154,0.85277206,0.86067075,0,False
0.78128046,0.8375826,0.78180206,0.8236644,0.80280983,0.82111275,0.77482593,0.786413,0.78573036,0.82329303,0.8445537,0.787401,0.8202647,0.8310581,0.8229215,0,False
0.8758292,0.8567128,0.8530474,0.881814,0.85199827,0.8466239,0.85719985,0.8622526,0.8574571,0.8502053,0.85175955,0.86285096,0.8895792,0.8411429,0.8692515,0,False
0.85754085,0.8633308,0.8801528,0.88278246,0.856583,0.82495254,0.87364733,0.8521811,0.8748078,0.8249681,0.86577284,0.8844623,0.8911179,0.8724133,0.87419844,0,False
0.842872,0.8723683,0.8505621,0.8503672,0.86955833,0.87174374,0.8547037,0.87021387,0.85866386,0.87444067,0.8639532,0.84750354,0.8438239,0.86488163,0.86595947,0,False
0.75723994,0.8517917,0.86685586,0.81226194,0.7776135,0.8179104,0.85442805,0.8068441,0.865785,0.827193,0.86647594,0.87325394,0.8241895,0.8613664,0.87092406,0,False
0.8032624,0.8226166,0.80795515,0.7918923,0.8250148,0.7912437,0.79505247,0.8198152,0.7867243,0.78847367,0.8334676,0.82122344,0.794549,0.81209004,0.8246571,0,False
0.8304068,0.8009006,0.7992776,0.8141366,0.76681757,0.77054316,0.804204,0.769114,0.7865299,0.7677753,0.80058575,0.81538904,0.81090355,0.819208,0.8165291,0,False
0.85003,0.83928746,0.8411515,0.85747343,0.84056926,0.8319798,0.85747004,0.8516597,0.85334826,0.82736814,0.83447975,0.85277694,0.8611828,0.8492665,0.8432002,0,False
0.73196137,0.8217556,0.805278,0.7652663,0.75188506,0.74461806,0.742635,0.7927023,0.8101557,0.7983262,0.84216475,0.81119525,0.765944,0.830528,0.82616866,0,False
0.78645617,0.821828,0.83514017,0.8255824,0.84813476,0.84633124,0.84450233,0.843345,0.8440167,0.85027206,0.83323604,0.8293693,0.82086545,0.83977664,0.85732836,0,False
0.86197686,0.8736625,0.870458,0.8302479,0.8349941,0.8632856,0.86254257,0.8484573,0.84694886,0.85753405,0.87471735,0.8579919,0.8311124,0.85381466,0.8250056,0,False
0.87250775,0.8663369,0.89504474,0.8887689,0.8752361,0.87142104,0.85813487,0.8699063,0.8648127,0.87085855,0.87512773,0.88470155,0.8758632,0.869057,0.88168585,0,False
0.84916335,0.8874242,0.8667995,0.8581043,0.86157393,0.880275,0.8567836,0.8707672,0.8664659,0.88481706,0.89118445,0.86480534,0.8669332,0.86376965,0.8512146,0,False
0.83894575,0.8742031,0.84216166,0.8371622,0.84631205,0.86081576,0.8563262,0.8375219,0.8792285,0.8691566,0.86674714,0.84593713,0.8264597,0.86003256,0.8429458,0,False
0.8569708,0.84922725,0.8397267,0.84324384,0.8555788,0.8590894,0.8211646,0.85282737,0.8365767,0.83817387,0.86463654,0.8674314,0.8399246,0.86109746,0.8498936,0,False
0.82609534,0.8073823,0.8328564,0.84170175,0.82517385,0.8250003,0.83764243,0.823497,0.8373747,0.836071,0.8555807,0.8625532,0.83983403,0.59241855,0.84777415,0,False
0.8663311,0.8311589,0.84276235,0.7471268,0.838868,0.83484423,0.85168356,0.8455125,0.832443,0.831725,0.8286919,0.8364771,0.7319374,0.59241855,0.79166484,0,False
0.6299272,0.78596145,0.7332703,0.7020507,0.6993498,0.74283195,0.6965991,0.69343287,0.72257537,0.76439726,0.82299936,0.77049196,0.69265044,0.7812113,0.77331996,0,False
0.7718325,0.8400877,0.8611481,0.8045164,0.8349677,0.8002505,0.8259169,0.8411702,0.8350001,0.81300294,0.84988934,0.8461452,0.81713915,0.85460854,0.8192363,0,False
0.81522113,0.8207573,0.8187535,0.79006755,0.812695,0.77813554,0.81794983,0.82322025,0.81977135,0.79115254,0.837176,0.8313485,0.7927649,0.5924186,0.836303,0,False
0.81008804,0.8386164,0.8020805,0.7909967,0.80629605,0.819363,0.80400085,0.80762446,0.83661914,0.8240145,0.8404234,0.8162266,0.7902939,0.8149038,0.8014381,0,False
0.8261603,0.8310266,0.83797634,0.8241948,0.7929994,0.8054697,0.79310894,0.8094195,0.810314,0.82932174,0.84676325,0.84394586,0.8241948,0.83056426,0.8246448,0,False
0.81695366,0.8357966,0.8511807,0.8166275,0.8275164,0.82272947,0.79258776,0.84912324,0.8299867,0.85390615,0.8375045,0.8673759,0.8222467,0.8296868,0.8592572,0,False
0.8950169,0.9067578,0.90678924,0.820215,0.85970247,0.8403329,0.8731411,0.84452134,0.87609184,0.82174075,0.89380956,0.86198604,0.81042904,0.8956106,0.80765975,0,False
0.84503067,0.8443258,0.8554561,0.8295133,0.86409265,0.825987,0.8607804,0.84727305,0.8506619,0.8082315,0.8327493,0.84572047,0.8214447,0.83675396,0.8331427,0,False
0.84159756,0.84516877,0.8088776,0.80915,0.8511044,0.8392855,0.8126157,0.8361456,0.83657557,0.83617896,0.8409382,0.81958497,0.8029959,0.8439835,0.82696766,0,False
0.7948022,0.8320959,0.8311991,0.82298195,0.83756953,0.82938606,0.7975307,0.82597226,0.82328784,0.86567736,0.8419084,0.84785825,0.815514,0.84014106,0.83163714,0,False
0.81859386,0.7657089,0.7905928,0.787318,0.7975629,0.8012439,0.767485,0.8060131,0.8200028,0.8209293,0.79036915,0.80255723,0.7833033,0.8200271,0.8326106,0,False
0.8478011,0.80556655,0.79378086,0.7581632,0.8151655,0.7965335,0.8085539,0.8117799,0.80040234,0.78005874,0.81346846,0.81704444,0.75820726,0.80905145,0.7800271,0,False
0.80833143,0.8306972,0.8077163,0.80402875,0.8050146,0.7925551,0.795829,0.8319093,0.8036207,0.79322946,0.83065003,0.828501,0.81158704,0.8357382,0.8331487,0,False
0.83695185,0.84064865,0.8470442,0.84377575,0.78862447,0.85689306,0.8090874,0.832906,0.83668894,0.8648025,0.85136676,0.8489395,0.84377575,0.84351766,0.8725058,0,False
0.83642495,0.84011,0.8507541,0.83143747,0.82796645,0.8306331,0.83209777,0.8296534,0.8479601,0.82697284,0.84663033,0.8624083,0.8388461,0.84115666,0.85161054,0,False
0.83505553,0.8237562,0.84215677,0.7782625,0.79454285,0.834411,0.8292032,0.8304178,0.84064716,0.84094024,0.85199654,0.8336382,0.75799894,0.84550446,0.85234714,0,False
0.8718581,0.8828184,0.8755222,0.84498644,0.8741676,0.8716325,0.86175853,0.86316234,0.8632171,0.8680434,0.87918115,0.8594723,0.83930445,0.8678035,0.8329256,0,False
0.7718308,0.8085512,0.7874874,0.7916921,0.79498696,0.8237087,0.7887685,0.81156945,0.78770244,0.81447476,0.8296126,0.81474423,0.781569,0.83860904,0.81460154,0,False
0.85679084,0.85715,0.8809602,0.8210873,0.8460222,0.87761545,0.8667243,0.8417022,0.84039545,0.84834194,0.85870105,0.87987506,0.84752953,0.87342405,0.8723668,0,False
0.8509068,0.85950124,0.88294995,0.8343422,0.85633737,0.85380507,0.8617809,0.8551282,0.8532671,0.8575443,0.85843754,0.87267333,0.81750107,0.83973825,0.82868445,0,False
0.82116735,0.83581746,0.84891045,0.8363884,0.8509897,0.84169185,0.84342,0.85530156,0.83703274,0.84906924,0.8379807,0.8483505,0.8372639,0.8597827,0.8531159,0,False
0.86580145,0.868572,0.8859702,0.877494,0.8798804,0.8822926,0.8737404,0.8754264,0.85834527,0.8813405,0.8744286,0.88298774,0.87357545,0.8500432,0.8785791,0,False
0.86712986,0.8848481,0.86623394,0.84882385,0.88383603,0.86126757,0.8329181,0.8543481,0.8426285,0.8577135,0.8631633,0.87820363,0.83845407,0.86709356,0.8522526,0,False
0.84692144,0.86922044,0.8505973,0.8464513,0.8492127,0.862599,0.8494519,0.85097945,0.8474774,0.85893357,0.87252975,0.8270594,0.8451275,0.8814688,0.8510563,0,False
0.79740256,0.8314084,0.8038219,0.8352382,0.7912078,0.7990849,0.7930459,0.8060234,0.8123273,0.8063044,0.8522997,0.8180927,0.8379792,0.8445401,0.82264704,0,False
0.79682124,0.86066735,0.8328153,0.8405122,0.83017075,0.8388413,0.81258565,0.8420605,0.8183007,0.8516117,0.8526998,0.83767366,0.8488711,0.8534521,0.8278563,0,False
0.7393456,0.81626475,0.75877285,0.7765175,0.7431372,0.73650485,0.720438,0.74906266,0.7566093,0.81283456,0.8144693,0.77447087,0.77485245,0.8219167,0.7767595,0,False
0.8076165,0.82760596,0.82133675,0.78636825,0.8241478,0.82495046,0.82271546,0.82827204,0.8248923,0.8320991,0.832204,0.83602345,0.81181026,0.82140714,0.82804954,0,False
0.7948754,0.85927826,0.86602217,0.84575677,0.8455323,0.82250476,0.8334507,0.8511899,0.8480058,0.82866406,0.85119015,0.854061,0.8475629,0.8644257,0.8381825,0,False
0.85488373,0.82984847,0.8478161,0.822152,0.8159925,0.84712934,0.83837956,0.8243201,0.8430271,0.83759207,0.8351479,0.83112085,0.81741744,0.85142577,0.84408677,0,False
0.85982656,0.8663874,0.8548853,0.8592365,0.8540646,0.8667547,0.86015505,0.848586,0.8523537,0.88441396,0.8588379,0.8671304,0.8592365,0.86378694,0.8333926,0,False
0.8154668,0.8560195,0.8287488,0.86329633,0.8489407,0.8232923,0.8385511,0.84624076,0.85414493,0.83202285,0.85117936,0.8549347,0.861776,0.85280824,0.8473638,0,False
0.84101814,0.8562228,0.87604874,0.85782707,0.84144205,0.86211264,0.8500071,0.8511833,0.86012167,0.86456054,0.8727016,0.87692016,0.8629313,0.8693074,0.85970974,0,False
0.833519,0.8578983,0.84072495,0.8507287,0.8348958,0.82960355,0.82917094,0.83445954,0.8600073,0.86678934,0.87325037,0.8411346,0.8507287,0.81762624,0.83356744,0,False
0.79976606,0.8735237,0.82074565,0.8076421,0.82096106,0.82206583,0.78809154,0.8393815,0.8024877,0.82534003,0.8069024,0.84380746,0.79208994,0.8367661,0.84601367,0,False
0.88525605,0.8513557,0.85245484,0.8793,0.8229923,0.8422487,0.8256856,0.8475677,0.8282026,0.85743093,0.83905435,0.8527032,0.8667675,0.8496412,0.8385639,0,False
0.8143656,0.8637278,0.8449718,0.8130182,0.8292153,0.83774394,0.8316865,0.85303426,0.84677964,0.8394533,0.8684871,0.8580168,0.8187959,0.85262805,0.87403554,0,False
0.8592385,0.81963205,0.8431779,0.847772,0.82215875,0.8552362,0.85184824,0.84473646,0.8461943,0.85860413,0.8271674,0.8304687,0.8424586,0.8087076,0.8432354,0,False
0.80338174,0.8759328,0.86542505,0.851546,0.8634859,0.82923603,0.8296244,0.85115623,0.8556652,0.8310156,0.8634323,0.8550039,0.84595096,0.85368055,0.8647112,0,False
0.7483763,0.78264177,0.7947367,0.73809457,0.7796439,0.75518197,0.76671517,0.79770225,0.79834557,0.7776529,0.80205196,0.76742053,0.73809457,0.7695099,0.79489404,0,False
0.8020536,0.80125135,0.7923584,0.7967206,0.8333746,0.7891921,0.80765957,0.828276,0.7995992,0.79327875,0.8063899,0.802413,0.79603624,0.8016205,0.7722269,0,False
0.8098408,0.8713653,0.8691531,0.8808309,0.82896847,0.8289561,0.8535291,0.84938496,0.8585217,0.82380927,0.8715268,0.8624593,0.8808309,0.866532,0.8699129,0,False
0.73650587,0.8319965,0.8130585,0.83210045,0.79560804,0.815892,0.77862126,0.80551195,0.807677,0.82284,0.8242179,0.83053595,0.82323706,0.841099,0.8291826,0,False
0.85974437,0.845001,0.8482398,0.8380692,0.8534863,0.85871446,0.83106196,0.8324926,0.8419721,0.851329,0.8512895,0.859422,0.8422847,0.8556376,0.85958457,0,False
0.768472,0.8299868,0.8128129,0.7727171,0.8238568,0.8207326,0.79537743,0.8236454,0.826081,0.82281667,0.8126862,0.8416453,0.78150254,0.8198887,0.8062257,0,False
0.83014095,0.8443958,0.86057323,0.8520552,0.8583088,0.81293344,0.8657284,0.87635577,0.87397206,0.82996637,0.85644084,0.8813156,0.8520552,0.84113705,0.83222055,0,False
0.83854806,0.83988845,0.84955275,0.8037077,0.84355474,0.8340186,0.8248551,0.84976846,0.8250859,0.8262057,0.83236283,0.8422636,0.8055119,0.59241855,0.8302859,0,False
0.85388005,0.8700292,0.8501467,0.8346019,0.8306165,0.84419334,0.84723294,0.83976793,0.85194945,0.8449265,0.869138,0.86502653,0.84310925,0.8579731,0.82796204,0,False
0.81530356,0.8348401,0.8033565,0.79102594,0.78264034,0.76791507,0.77716774,0.7732932,0.78361195,0.76455903,0.8371786,0.80390006,0.78189385,0.8411403,0.8444539,0,False
0.77728856,0.78536934,0.7478209,0.717309,0.733901,0.7438111,0.7375711,0.74490464,0.7533598,0.7510258,0.8099322,0.76862365,0.7096975,0.80656314,0.7607863,0,False
0.82406497,0.8440684,0.8325118,0.8556131,0.8466414,0.84238416,0.8246225,0.83866924,0.81815684,0.8343015,0.85454386,0.8382664,0.85635847,0.84687483,0.8412817,0,False
0.8428002,0.84009886,0.8555075,0.8318656,0.8302281,0.8330554,0.8182644,0.8351078,0.8199848,0.8414045,0.861346,0.83923024,0.82736444,0.85257757,0.82722193,0,False
0.8675205,0.8420131,0.84164816,0.8540884,0.8297817,0.8308635,0.8632575,0.85105675,0.8505522,0.82673323,0.8361425,0.84150565,0.85771954,0.8236248,0.8522864,0,False
0.84162474,0.8655435,0.8647058,0.8335953,0.8427417,0.85278845,0.86063236,0.827838,0.8692079,0.8687632,0.89358467,0.8709636,0.8457129,0.8473976,0.86698335,0,False
0.77281296,0.806937,0.80268455,0.7924337,0.7765317,0.811564,0.7368142,0.8068794,0.77387524,0.80374914,0.8209307,0.81724906,0.79258627,0.82467306,0.82244515,0,False
0.8179903,0.81994534,0.8278463,0.7766252,0.80906796,0.78168875,0.83113486,0.81501645,0.8205187,0.78196585,0.80524385,0.82248586,0.7587288,0.8439361,0.8344356,0,False
0.7732521,0.76941437,0.763782,0.7943629,0.74311036,0.76580596,0.7478751,0.7894529,0.8047804,0.79815227,0.7754609,0.7823265,0.78856426,0.7950941,0.78072387,0,False
0.7878452,0.8337545,0.86614156,0.79655814,0.81357384,0.8134535,0.78582597,0.81886333,0.78656596,0.82676643,0.8346466,0.8431059,0.77313316,0.81373996,0.82513493,0,False
0.8480462,0.85975647,0.8552139,0.859376,0.8396572,0.8695511,0.8420279,0.8376348,0.8422723,0.8591606,0.8517184,0.8649534,0.859376,0.85570735,0.8402785,0,False
0.8133546,0.8354702,0.840005,0.8363235,0.84223497,0.82240057,0.8349061,0.83672297,0.82944816,0.8376492,0.83735156,0.8346522,0.8239889,0.839607,0.83257747,0,False
0.878004,0.85698235,0.85851884,0.8639396,0.8776224,0.87228376,0.8758291,0.86802703,0.8687215,0.87096643,0.85491496,0.85045373,0.8609679,0.8664261,0.85799,0,False
0.82928175,0.8285765,0.8281249,0.800464,0.8321481,0.8372957,0.83755505,0.83490384,0.8313695,0.8419466,0.84824324,0.8295486,0.79434705,0.8384387,0.8265995,0,False
0.76334167,0.79958326,0.80654347,0.8095043,0.7560362,0.7840549,0.7624359,0.7533927,0.75176036,0.7933059,0.80363977,0.82366216,0.82205176,0.7993351,0.8433437,0,False
0.8439591,0.8479519,0.8300235,0.8148392,0.83718276,0.8154939,0.8008437,0.8296117,0.8188134,0.81692594,0.83897805,0.8200099,0.8148392,0.84251964,0.83137727,0,False
0.70279175,0.8356734,0.8047955,0.7767525,0.7584723,0.76695216,0.76508135,0.8085636,0.80796355,0.7861477,0.8451159,0.8329232,0.7764755,0.8325414,0.81684124,0,False
0.8214382,0.83348256,0.8348621,0.8195003,0.8307502,0.8527311,0.82827973,0.83825207,0.84875584,0.8623655,0.83460027,0.84470934,0.81718373,0.59241855,0.8323566,0,False
0.8193672,0.849737,0.84200776,0.87693536,0.8503325,0.85350543,0.8291403,0.85120344,0.838174,0.8581338,0.8397688,0.8415952,0.87312216,0.59241855,0.86533064,0,False
0.77678484,0.8150996,0.79521906,0.7806189,0.7887306,0.77351147,0.8012608,0.82074016,0.8107052,0.79451996,0.82092834,0.82834494,0.77089953,0.59241855,0.7983489,0,False
0.74609524,0.8366309,0.8650168,0.83994204,0.83681786,0.85792094,0.83917034,0.84393513,0.828623,0.8497635,0.83487135,0.867437,0.84377956,0.8269236,0.84231454,0,False
0.7912343,0.8431045,0.8425207,0.8294552,0.8409977,0.82827437,0.8585894,0.8383174,0.8587254,0.8306589,0.8329763,0.8523293,0.83193815,0.59241855,0.84237444,0,False
0.8529163,0.8621424,0.87956333,0.8447154,0.8437902,0.8726126,0.8663142,0.89187896,0.88165087,0.8853104,0.8646091,0.86929744,0.8466003,0.874982,0.84428865,0,False
0.78208494,0.8279667,0.8412528,0.84754646,0.872305,0.83627576,0.8234547,0.8787063,0.82455355,0.8454786,0.82716537,0.8545828,0.8505505,0.8450439,0.861969,0,False
0.7920731,0.8345896,0.7893604,0.7651832,0.8013135,0.8143462,0.79869753,0.78578335,0.8059939,0.82371426,0.8375172,0.8177773,0.7580487,0.8207433,0.8229608,0,False
0.8372932,0.8691309,0.8582964,0.85209197,0.8429099,0.87273765,0.85568535,0.86449105,0.86873597,0.87661797,0.8763919,0.8815309,0.85296345,0.87146187,0.87606823,0,False
0.7534083,0.8291783,0.8135685,0.80472845,0.7851919,0.7982099,0.831916,0.7776226,0.8281921,0.8458035,0.829714,0.82889485,0.8124108,0.59241855,0.8401867,0,False
0.7697879,0.7431241,0.769009,0.74532104,0.77521527,0.7524233,0.76615244,0.7968044,0.7899195,0.77552575,0.7541609,0.7951901,0.75259966,0.59241855,0.7691111,0,False
0.86509323,0.86561656,0.8532574,0.87315845,0.8903647,0.8747406,0.8702862,0.882948,0.8787983,0.8656896,0.87500405,0.86356974,0.8756356,0.85744345,0.8893475,0,False
