,Unnamed: 0.1,Unnamed: 0, Deepseek 67B Conversation-Improved CV DoorDash PM Score, Twice Deepseek 67B Conversation-Improved CV DoorDash PM Score, GPT-35 Conversation-Improved CV DoorDash PM Score, Twice GPT-35 Conversation-Improved CV DoorDash PM Score, GPT-4o Conversation-Improved CV DoorDash PM Score, Twice GPT-4o Conversation-Improved CV DoorDash PM Score, Mixtral-8x7B-Instruct-v0.1 Conversation-Improved CV DoorDash PM Score, Meta-Llama-3-70B-Instruct-Turbo Conversation-Improved CV DoorDash PM Score, Twice Meta-Llama-3-70B-Instruct-Turbo Conversation-Improved CV DoorDash PM Score, claude-3-5-sonnet Conversation-Improved CV DoorDash PM Score, Twice claude-3-5-sonnet Conversation-Improved CV DoorDash PM Score,True Label,GPT-4o-mini Improved CVDoorDash Score,Original CVDoorDash Score
0,0,0,77.982,78.234,76.489,76.489,81.572,81.404,79.509,81.388,81.402,81.147,80.603,0,82.806,82.031
1,1,1,77.982,78.234,77.548,77.548,79.16,79.204,78.299,79.917,78.852,79.361,81.584,0,79.354,80.423
2,2,2,76.929,77.948,76.82,76.791,81.511,81.041,83.212,81.302,82.208,82.878,82.83,0,81.707,80.823
3,3,3,80.754,80.375,77.398,76.959,78.701,78.552,79.589,79.753,79.871,78.8,78.024,0,79.258,78.568
4,4,4,78.633,78.633,78.499,78.499,77.447,77.496,77.142,77.83,77.344,76.129,77.389,0,77.918,76.06
5,5,5,80.413,79.483,81.023,81.023,80.732,80.507,78.691,80.946,79.894,78.265,78.592,0,79.864,78.697
6,6,6,78.908,76.985,78.693,78.603,79.526,79.23,76.502,78.938,78.402,78.172,78.565,0,79.575,77.467
7,7,7,78.79,76.832,76.533,76.533,78.94,79.578,77.415,79.487,79.4,79.079,79.422,0,77.864,76.224
8,8,8,79.389,79.561,80.526,80.526,82.709,82.944,83.29,85.069,85.424,82.2,81.861,0,84.943,83.437
9,9,9,78.95,79.003,78.374,77.415,79.779,80.162,80.816,80.784,81.988,81.41,80.973,0,80.49,79.979
10,10,10,77.931,76.673,76.216,76.129,82.839,82.093,81.428,81.222,81.367,82.115,84.048,0,79.234,79.706
11,11,11,79.1,79.1,79.987,80.029,82.205,81.765,77.925,81.835,81.789,83.502,81.626,0,82.366,80.099
12,12,12,85.332,85.332,83.54,83.54,81.357,81.192,81.254,83.018,83.013,80.172,80.843,0,82.815,81.65
13,13,13,80.832,80.832,79.932,80.692,79.092,80.101,75.63,79.658,79.989,78.836,79.419,0,78.906,77.461
14,14,14,81.932,81.845,82.436,82.905,81.736,81.103,79.514,79.806,79.349,80.51,79.621,0,78.221,78.127
15,15,15,77.166,76.163,77.127,77.252,82.154,81.862,79.928,81.396,80.221,78.972,78.261,0,77.456,80.984
16,16,16,80.346,79.963,79.278,79.278,76.464,75.81,74.993,79.377,78.156,77.343,77.51,0,75.09,75.482
17,17,17,78.189,79.198,78.049,78.049,80.136,80.33,78.504,80.656,80.384,78.413,79.211,0,80.07,79.429
18,18,18,79.744,79.744,78.315,78.315,81.469,81.323,80.051,81.106,81.176,80.701,80.617,0,81.864,80.426
19,19,19,80.998,80.998,78.88,79.053,79.638,79.906,79.067,79.547,79.848,82.536,84.164,0,79.877,78.545
20,20,20,81.272,80.364,81.301,80.945,76.845,76.884,75.765,78.985,78.633,78.149,78.499,0,77.136,78.659
21,21,21,78.93,78.603,78.251,78.251,78.644,78.77,75.727,80.55,79.635,79.678,79.88,0,79.249,76.695
22,22,22,81.952,80.196,80.411,80.411,79.229,79.052,77.366,79.332,79.249,80.049,79.1,0,78.698,80.098
23,23,23,78.636,77.721,77.151,77.781,79.854,79.603,77.071,80.59,80.991,79.415,79.158,0,80.127,80.914
24,24,24,76.497,75.283,75.72,75.72,78.895,78.868,79.384,80.019,80.222,80.833,80.23,0,79.862,79.556
25,25,25,79.126,78.597,77.594,77.814,81.291,80.878,76.164,78.852,78.128,78.281,79.282,0,77.645,77.586
26,26,26,77.644,76.85,75.524,74.512,78.674,78.523,76.076,78.803,78.928,79.252,80.124,0,79.533,79.801
27,27,27,76.797,76.317,75.005,75.422,81.553,82.109,80.397,81.282,81.385,80.63,79.486,0,80.707,80.576
28,28,28,83.686,82.393,80.862,82.555,77.888,77.957,78.415,79.624,78.603,80.328,80.774,0,81.743,80.151
29,29,29,81.273,80.894,78.748,78.748,78.792,80.974,79.811,80.813,81.039,79.865,80.56,0,81.172,81.411
30,30,30,80.861,81.461,84.173,84.5,78.792,80.974,79.811,80.813,81.039,80.126,79.815,0,81.41,81.411
31,31,31,81.795,81.829,80.591,80.591,82.897,82.864,82.609,83.992,84.397,81.721,83.091,0,82.463,84.02
32,32,32,80.405,78.669,79.585,79.721,81.234,82.352,78.237,80.294,80.91,81.089,81.654,0,81.407,78.753
33,33,33,77.995,78.065,78.33,79.276,77.038,77.183,76.134,79.087,79.179,77.098,77.197,0,77.698,78.047
34,34,34,78.977,77.611,78.859,78.841,81.005,81.824,80.443,83.489,83.272,81.207,81.322,0,80.027,80.2
35,35,35,79.984,80.505,78.741,78.755,81.498,81.913,82.465,82.857,84.086,82.25,82.007,0,81.298,82.275
36,36,36,76.882,76.882,75.208,75.208,81.504,81.489,84.514,83.975,84.289,85.393,84.645,0,81.081,81.813
37,37,37,76.785,74.69,76.698,77.082,75.185,75.251,73.925,77.398,78.349,74.89,75.426,0,72.307,72.684
38,38,38,78.959,78.047,78.349,78.349,82.998,82.77,82.558,82.908,83.529,83.257,82.601,0,82.302,82.953
39,39,39,80.265,78.934,79.353,79.353,72.822,73.226,73.658,77.003,76.691,74.438,75.101,0,74.17,75.122
40,40,40,77.24,77.24,76.225,76.925,80.5,80.819,80.38,81.576,81.986,80.399,81.118,0,80.85,79.49
41,41,41,78.666,77.743,77.453,77.384,83.535,83.55,81.246,84.013,84.119,82.602,82.75,0,83.456,82.145
42,42,42,78.682,78.682,77.478,77.478,78.956,79.408,78.237,79.098,78.601,78.432,79.54,0,76.303,77.294
43,43,43,79.488,79.488,78.632,77.971,81.154,81.52,78.241,81.205,81.019,80.866,80.896,0,80.801,77.803
44,44,44,78.485,78.831,76.247,76.349,83.551,81.57,81.515,82.909,83.291,82.675,81.981,0,82.096,81.062
45,45,45,78.353,76.205,78.279,78.279,81.859,81.818,80.161,81.991,83.25,82.224,82.486,0,81.514,79.93
46,46,46,78.124,76.911,75.312,75.312,80.715,80.736,80.033,81.454,82.265,81.022,81.433,0,80.378,79.006
47,47,47,81.51,81.83,79.816,79.816,80.523,80.757,78.836,82.72,82.389,80.937,81.076,0,83.043,78.149
48,48,48,78.337,78.337,79.848,79.848,81.432,81.517,78.537,82.574,82.244,81.01,80.253,0,81.815,80.306
49,49,49,80.608,80.608,78.081,79.082,81.869,82.154,82.39,84.711,84.129,81.978,82.178,0,83.434,82.156
50,50,50,83.349,83.284,80.627,80.697,76.649,77.037,76.469,77.45,77.892,80.866,78.816,1,77.692,77.328
51,51,51,80.001,79.929,78.152,78.152,82.631,82.457,80.434,83.112,83.851,82.397,80.864,1,80.939,81.13
52,52,52,77.245,75.717,76.123,76.123,78.591,78.873,79.052,81.222,79.515,78.898,78.3,1,79.812,78.274
53,53,53,80.023,80.023,78.786,78.767,78.885,78.952,81.395,83.033,83.244,80.217,79.514,1,81.889,81.436
54,54,54,82.86,82.839,82.795,82.363,81.967,82.846,83.006,84.206,84.226,80.854,81.043,1,80.521,81.637
55,55,55,84.658,82.807,81.503,81.758,81.356,81.128,80.589,82.755,81.475,81.846,81.458,1,82.001,81.369
56,56,56,76.914,74.039,72.962,73.143,78.467,80.383,78.459,81.218,81.327,80.764,79.549,1,78.2,78.668
57,57,57,82.928,83.217,81.366,81.675,82.104,82.064,82.731,84.972,84.803,84.182,84.82,1,83.846,81.307
58,58,58,75.353,72.933,73.068,73.068,84.996,84.911,82.952,86.046,85.252,85.604,84.823,1,83.571,83.532
59,59,59,79.978,79.328,79.182,79.38,83.633,83.312,81.886,84.961,84.799,82.505,81.687,1,82.657,82.702
60,60,60,81.018,81.771,80.29,81.122,77.72,77.467,77.713,78.644,78.052,77.869,78.639,1,77.43,78.009
61,61,61,76.512,76.512,77.059,76.757,79.134,78.956,77.591,78.239,78.878,77.42,76.947,1,78.972,78.009
62,62,62,80.349,79.324,77.057,75.283,77.406,77.301,75.699,78.631,77.907,77.595,78.308,1,78.088,77.359
63,63,63,81.028,81.617,80.651,81.446,78.668,80.373,71.073,80.746,81.43,82.644,81.27,1,78.478,76.957
64,64,64,79.307,79.307,78.929,79.758,78.45,77.869,78.292,77.077,78.829,82.206,81.759,1,77.079,78.456
65,65,65,82.416,81.987,82.176,82.176,80.775,80.58,79.536,83.186,82.965,81.117,80.634,1,82.092,81.739
66,66,66,79.894,79.53,78.213,78.213,79.86,79.962,78.7,79.45,79.663,79.525,82.161,1,80.259,78.834
67,67,67,81.787,80.415,75.917,75.576,76.941,76.332,74.488,78.672,78.62,76.174,76.21,1,77.414,77.836
68,68,68,83.904,84.273,83.711,83.711,82.043,82.308,79.765,83.376,84.204,82.345,81.862,1,81.905,80.946
69,69,69,78.605,78.605,76.01,75.722,79.292,79.364,78.891,79.772,79.417,77.753,79.011,1,78.304,78.917
70,70,70,81.455,81.248,80.274,80.457,84.096,84.46,82.32,84.013,82.551,83.775,83.091,1,81.961,80.558
71,71,71,79.928,80.261,79.492,79.492,83.262,82.611,81.677,82.276,84.29,82.36,81.742,1,81.951,82.792
72,72,72,81.083,79.958,79.232,79.232,82.87,82.859,83.158,84.77,84.913,85.99,85.279,1,85.559,84.901
73,73,73,84.968,82.94,81.724,81.99,81.594,81.85,73.767,81.982,82.322,82.836,81.634,1,80.84,79.51
74,74,74,80.422,80.422,79.708,81.109,82.495,81.755,78.699,81.402,80.483,80.044,81.259,1,83.634,82.553
75,75,75,80.284,79.7,77.49,77.223,82.952,83.053,84.495,84.638,85.566,83.355,82.675,1,83.275,83.35
76,76,76,83.241,83.167,84.715,85.005,75.305,75.53,75.595,77.087,76.7,76.124,76.652,1,76.173,76.679
77,77,77,81.587,81.587,83.766,83.766,81.236,80.971,78.42,79.717,80.527,80.303,80.225,1,80.243,79.645
78,78,78,81.732,80.458,82.81,82.718,80.474,80.565,81.276,82.045,82.409,79.778,80.375,1,80.999,80.626
79,79,79,81.405,81.405,78.593,78.593,81.882,81.805,81.147,81.926,82.642,81.822,82.713,1,82.149,80.179
80,80,80,85.08,85.851,82.75,82.75,75.961,75.191,76.479,76.958,76.761,75.576,76.262,1,75.084,77.007
81,81,81,82.771,82.771,80.409,79.837,79.763,79.92,81.599,81.598,83.849,81.461,80.892,1,80.669,80.946
82,82,82,82.719,82.719,81.849,81.849,86.701,86.398,85.421,86.494,86.18,84.524,85.271,1,85.031,83.88
83,83,83,80.029,79.436,79.032,79.061,82.988,83.225,79.55,80.558,80.881,79.587,79.875,1,82.955,80.852
84,84,84,81.16,80.851,79.069,79.069,83.237,82.572,81.479,86.002,86.081,83.515,83.112,1,81.794,82.694
85,85,85,81.042,80.649,79.181,79.031,76.966,76.019,77.468,79.918,78.894,77.682,78.657,1,78.374,78.953
86,86,86,84.564,84.261,85.35,84.627,82.506,82.162,79.835,82.834,82.438,81.619,80.703,1,80.081,79.948
87,87,87,81.923,81.64,82.28,81.627,77.635,78.148,78.214,80.073,80.104,80.297,81.492,1,76.844,76.477
88,88,88,81.93,81.223,81.162,81.098,79.111,76.821,80.159,80.735,80.918,79.424,78.749,1,82.129,80.344
89,89,89,81.928,81.848,81.257,81.257,81.0,81.146,80.111,80.083,78.611,79.612,79.311,1,79.226,80.609
90,90,90,81.77,81.347,80.418,80.418,78.398,77.693,79.349,79.798,82.17,80.509,80.922,1,81.134,78.003
91,91,91,83.712,84.096,83.936,84.878,85.599,85.061,81.869,84.234,83.876,82.716,82.95,1,83.334,83.212
92,92,92,79.669,79.797,80.463,80.463,81.359,81.575,81.012,82.296,81.306,81.548,80.565,1,83.239,81.222
93,93,93,79.352,79.116,79.881,79.881,82.914,82.482,81.969,84.016,83.55,82.726,82.911,1,82.449,81.245
94,94,94,84.149,83.453,84.884,84.884,78.385,79.404,78.921,80.158,80.009,79.448,81.081,1,79.037,78.863
95,95,95,77.241,77.607,74.587,74.951,79.728,80.169,80.214,81.61,81.722,83.243,83.02,1,80.65,79.373
96,96,96,81.182,80.489,79.655,79.741,78.968,78.807,79.834,81.115,81.285,79.511,78.445,1,79.155,76.503
97,97,97,82.212,81.562,81.062,81.062,84.605,84.242,84.349,83.97,83.746,83.079,82.845,1,84.865,83.182
98,98,98,79.52,80.237,78.928,78.357,80.979,83.271,81.932,84.076,83.975,84.168,83.863,1,83.396,81.416
