id,GPT4o-mini Match_PM Score,GPT-3.5-Turbo Match_PM Score,CV Match_PM Score,Clean_Deepseek_67B Match_PM Score,Llama3-70B-Instruct-Turbo Match_PM Score,Claude-3.5-Sonnet Match_PM Score,GPT4o Match_PM Score,Mixtral-8x7B-Instruct Match_PM Score,Clean_Deepseek_V3 Match_PM Score
0,84.01,82.746,81.759,80.963,82.529,84.657,83.615,80.471,85.239
1,80.503,78.451,80.862,78.337,79.174,81.006,79.937,80.336,81.053
2,82.978,82.043,81.209,82.175,81.456,81.488,83.249,81.341,82.159
3,81.763,80.533,81.068,79.98,82.222,82.848,80.566,81.518,79.737
4,78.928,78.275,78.467,78.786,80.184,79.106,79.537,79.616,79.31
5,83.445,80.757,81.485,82.449,83.982,81.657,83.683,81.534,82.865
6,82.565,79.336,80.587,79.743,79.606,82.409,82.198,80.784,82.352
7,80.106,76.408,77.534,79.208,78.78,80.129,80.574,78.898,79.005
8,84.093,81.588,82.588,82.975,83.542,83.688,84.037,82.741,84.983
9,80.497,79.46,80.596,81.213,79.915,80.243,78.351,80.378,81.345
10,82.114,80.324,82.453,81.796,81.839,83.081,83.407,82.78,81.971
11,81.333,78.058,78.461,78.896,81.039,81.161,80.471,78.062,79.196
12,85.009,80.83,82.673,82.941,82.639,82.032,84.294,82.46,82.615
13,80.713,80.614,81.709,79.762,80.232,81.074,81.203,80.418,82.521
14,81.703,78.89,79.338,79.384,80.596,83.013,81.589,80.858,81.8
15,75.934,78.055,80.986,80.025,79.457,77.338,79.884,79.691,78.773
16,78.77,79.119,77.619,79.287,79.765,79.942,78.573,78.502,77.452
17,81.353,77.724,79.115,76.397,79.015,80.138,81.115,80.506,79.121
18,83.0,79.371,80.056,79.708,80.721,82.196,81.402,80.868,80.75
19,80.566,79.158,79.718,78.92,79.053,82.703,81.604,80.009,82.643
20,79.91,78.296,80.022,78.729,79.488,81.539,79.431,78.242,81.304
21,80.256,75.974,76.834,78.437,80.034,80.669,80.798,77.479,79.068
22,80.315,79.951,80.27,80.706,81.235,81.645,81.313,80.144,80.26
23,81.873,80.474,81.311,79.574,81.28,81.738,81.572,79.396,81.805
24,80.002,78.738,79.106,79.074,79.466,82.984,81.181,80.417,79.873
25,80.583,79.449,79.709,79.017,79.195,80.555,82.993,78.679,79.815
26,79.909,78.612,80.185,77.811,78.259,81.06,78.783,78.463,80.562
27,82.862,79.071,80.267,83.15,79.811,81.874,83.573,80.671,82.138
28,83.136,81.982,82.07,80.271,81.383,81.93,79.297,80.617,82.638
29,83.248,80.758,82.284,82.051,81.139,82.109,81.376,82.167,82.082
30,83.091,79.948,82.284,82.051,81.139,81.579,81.376,82.167,82.241
31,78.496,76.928,78.651,79.404,79.569,77.523,79.084,78.826,79.594
32,83.233,80.209,80.563,82.021,81.093,82.805,81.908,80.986,81.433
33,77.555,75.121,77.52,75.82,78.084,77.371,76.898,77.073,77.898
34,77.736,78.218,77.944,77.855,79.397,80.033,78.832,79.021,78.561
35,79.798,79.465,80.509,80.78,80.795,80.516,79.717,80.005,80.713
36,81.358,81.43,81.34,82.308,83.042,84.797,82.149,83.927,81.475
37,73.365,73.708,74.362,74.44,73.82,74.47,76.22,74.342,73.769
38,82.104,81.865,82.475,82.435,82.1,80.778,82.071,81.709,81.843
39,74.402,75.294,75.249,76.008,75.188,75.228,74.805,75.4,75.139
40,82.224,81.008,80.546,81.468,81.41,81.583,82.062,80.721,82.53
41,83.544,79.415,81.444,81.359,81.239,82.483,82.127,81.248,82.729
42,76.973,77.788,78.044,74.485,77.567,78.466,78.217,78.546,78.642
43,81.981,75.456,78.01,81.977,78.083,80.16,79.935,78.122,80.495
44,80.277,80.219,80.071,79.174,79.285,80.72,82.452,78.826,79.923
45,79.903,77.954,78.363,78.574,78.987,80.758,80.654,79.29,80.322
46,78.024,78.626,76.961,79.386,79.723,78.796,79.672,76.89,78.162
47,81.884,77.806,77.889,77.112,82.227,81.205,79.007,75.795,77.505
48,80.635,78.126,79.906,81.829,81.568,81.984,82.812,82.717,83.02
49,83.59,82.284,82.883,84.201,84.167,81.866,81.737,80.46,84.606
50,80.362,77.547,78.677,77.938,77.703,79.631,78.435,78.674,78.487
51,81.673,79.413,80.641,79.999,81.916,82.535,82.357,80.535,82.912
52,81.225,79.865,78.809,79.164,80.636,80.208,78.526,79.816,81.314
53,81.504,82.414,81.17,82.413,81.358,80.735,80.784,81.656,81.832
54,79.547,77.976,80.769,80.299,79.468,77.776,79.74,79.377,80.098
55,80.568,80.903,82.202,79.964,81.356,82.321,79.057,79.726,81.333
56,78.566,76.62,79.208,78.877,76.853,79.25,78.652,78.029,79.157
57,81.096,77.783,79.381,79.925,82.2,79.929,79.179,78.159,79.065
58,81.873,81.956,81.643,78.844,81.868,82.725,82.071,82.022,83.076
59,80.86,80.146,80.724,81.507,82.737,80.911,82.029,80.439,82.051
60,79.626,77.394,79.702,80.414,78.573,80.919,79.615,79.553,77.783
61,79.954,77.385,79.702,80.414,79.62,79.714,80.632,79.012,77.588
62,80.49,79.382,78.647,80.147,78.065,79.472,80.706,78.388,79.248
63,79.918,80.547,79.683,81.502,80.822,81.944,80.41,71.384,82.281
64,78.85,78.176,80.562,81.16,77.781,81.317,80.501,80.052,82.231
65,83.439,81.99,82.527,81.678,84.666,82.61,82.56,81.629,84.334
66,80.451,78.953,79.798,79.896,80.77,79.854,80.979,79.947,81.342
67,78.913,78.03,79.305,78.647,78.158,77.925,77.805,77.507,79.44
68,82.8,82.525,82.389,82.103,83.847,83.371,82.971,81.585,83.853
69,78.351,78.509,78.747,78.465,77.596,79.694,79.16,78.128,81.56
70,80.696,78.762,79.872,80.203,81.13,81.686,82.591,81.234,80.917
71,83.033,82.01,82.06,83.082,82.432,83.305,84.347,82.972,83.686
72,83.147,81.09,83.101,81.524,80.917,83.163,82.003,81.07,81.807
73,80.653,77.667,78.253,77.69,79.992,82.781,80.409,74.088,81.569
74,81.925,77.204,80.47,80.042,80.377,77.781,80.414,78.697,79.867
75,80.955,79.188,80.588,78.979,79.187,80.886,80.003,79.983,80.305
76,75.238,77.384,76.343,75.96,75.763,77.072,75.906,74.309,76.404
77,80.667,80.943,79.795,80.394,80.748,81.182,80.691,79.474,81.515
78,77.373,76.976,76.976,77.256,77.198,76.53,78.03,76.564,77.081
79,80.486,80.262,79.131,80.169,79.984,80.048,81.779,81.311,81.86
80,75.515,78.933,78.934,75.231,75.482,77.003,78.052,76.524,76.8
81,83.495,82.642,83.079,80.791,81.578,83.022,82.95,80.843,81.688
82,84.087,82.384,82.905,83.094,84.202,81.625,83.966,82.095,82.739
83,83.871,81.66,81.182,80.978,78.262,81.546,84.534,81.383,82.652
84,81.146,77.141,81.306,80.258,82.453,82.207,80.385,80.175,81.061
85,80.654,78.127,80.398,79.534,79.965,80.42,78.64,79.48,80.529
86,79.137,78.536,79.451,79.358,80.08,79.613,80.533,78.077,79.237
87,78.466,78.694,78.883,78.929,78.646,80.559,78.048,77.598,77.805
88,82.613,80.513,80.848,82.163,80.78,81.682,80.664,81.95,81.901
89,82.783,81.581,85.242,82.899,82.021,83.274,85.031,83.212,84.372
90,81.717,79.689,78.937,80.22,79.433,80.372,78.933,80.127,81.928
91,83.248,81.157,82.92,83.442,83.502,83.215,83.498,81.486,83.812
92,80.965,77.994,78.663,78.225,78.904,80.389,80.206,78.265,79.931
93,80.644,78.133,79.097,79.429,80.788,80.313,78.764,79.71,80.156
94,76.65,76.198,76.374,78.533,78.335,78.708,77.498,77.443,76.541
95,81.946,79.787,80.552,79.893,81.249,82.08,80.38,81.978,82.286
96,79.521,76.041,76.523,79.039,80.455,80.273,79.175,79.103,80.151
97,83.073,80.475,80.881,81.25,81.794,81.451,82.925,81.532,83.526
98,82.313,80.759,79.625,82.285,81.092,82.055,79.754,80.296,79.884
99,80.963,79.858,78.979,81.309,81.379,81.196,80.473,80.147,80.928
