id,GPT4o-mini Yelp_PM Score,GPT-3.5-Turbo Yelp_PM Score,CV Yelp_PM Score,Clean_Deepseek_67B Yelp_PM Score,Llama3-70B-Instruct-Turbo Yelp_PM Score,Claude-3.5-Sonnet Yelp_PM Score,GPT4o Yelp_PM Score,Mixtral-8x7B-Instruct Yelp_PM Score,Clean_Deepseek_V3 Yelp_PM Score
0,81.901,81.513,81.331,79.317,79.307,80.281,81.518,80.686,81.962
1,78.964,77.016,79.946,77.774,78.434,77.527,78.391,79.542,79.785
2,84.416,82.22,84.615,86.205,81.832,85.562,84.028,84.323,83.949
3,79.012,78.562,78.451,77.211,79.461,79.211,78.73,81.849,77.712
4,76.007,74.062,73.994,75.689,75.056,76.443,75.856,75.942,75.804
5,80.258,78.939,78.304,79.71,80.624,79.16,81.64,80.586,80.159
6,79.932,76.786,77.445,76.732,78.494,78.438,79.592,78.504,79.457
7,77.312,75.17,76.639,77.279,76.722,77.664,79.075,78.59,76.778
8,80.62,78.328,80.407,79.439,80.124,79.426,79.562,81.864,81.584
9,78.469,79.008,78.527,79.13,77.972,77.944,77.488,80.56,79.759
10,80.535,79.642,80.039,81.086,81.806,82.664,83.503,82.806,82.974
11,81.542,78.445,78.552,81.703,81.488,83.371,81.082,80.842,80.6
12,83.401,78.891,81.847,80.831,79.331,79.236,81.222,81.82,80.3
13,78.115,79.164,78.514,77.027,76.186,78.752,78.942,76.755,78.952
14,80.047,79.604,79.201,78.858,77.664,80.673,82.189,81.304,80.129
15,77.851,78.214,81.374,81.066,79.525,78.888,80.6,80.273,79.048
16,75.128,75.448,74.887,77.305,76.145,76.042,75.362,74.467,73.956
17,79.736,75.77,78.786,75.986,78.716,77.987,79.878,79.751,77.651
18,82.125,78.524,80.11,78.696,79.672,79.126,82.345,81.755,79.626
19,82.449,81.459,82.792,81.201,79.358,84.22,81.843,82.562,85.23
20,78.223,77.561,80.019,77.049,77.357,77.554,77.023,76.592,79.788
21,79.02,75.542,77.321,78.095,79.636,79.435,79.347,76.534,78.539
22,79.18,80.202,80.326,79.552,78.649,80.686,80.577,78.885,79.923
23,83.896,82.781,84.197,82.137,81.976,81.995,83.476,80.661,83.406
24,78.869,77.952,78.826,78.741,79.35,79.821,80.042,80.912,79.423
25,78.583,77.147,76.611,76.793,78.106,78.664,82.174,76.421,78.404
26,80.383,79.688,80.742,77.863,78.923,79.469,79.538,78.698,80.077
27,81.054,78.409,81.451,82.909,79.825,79.325,81.487,81.322,82.17
28,81.469,79.81,79.311,78.566,78.118,78.994,77.372,80.769,81.167
29,81.4,81.385,81.976,80.852,80.522,79.725,80.036,81.61,80.666
30,81.365,79.202,81.976,80.852,80.522,79.714,80.036,81.61,81.118
31,82.707,81.397,83.328,81.116,83.802,82.151,83.071,83.632,82.536
32,78.16,76.729,77.784,78.639,78.688,79.459,79.372,78.229,77.739
33,75.582,72.469,76.213,73.493,76.03,75.415,75.8,75.507,76.129
34,77.874,78.141,77.966,78.237,78.985,78.275,79.186,78.331,77.485
35,79.495,78.789,80.831,79.591,80.27,79.634,80.467,80.713,79.652
36,79.356,79.491,80.406,79.014,79.482,81.129,79.647,83.406,79.176
37,72.051,72.233,72.1,73.034,73.106,72.795,74.817,73.73,72.48
38,79.354,79.038,80.077,79.107,79.083,79.154,79.23,78.611,79.272
39,71.746,71.574,72.062,72.333,72.309,72.02,72.271,72.18,71.515
40,81.161,77.669,80.077,80.268,80.712,78.224,80.996,81.669,80.06
41,83.105,79.637,82.452,81.019,81.491,81.546,82.341,82.575,82.49
42,74.623,75.371,75.305,74.06,75.323,75.764,77.487,77.554,76.378
43,79.823,75.035,78.58,80.897,78.5,78.915,79.74,79.035,79.179
44,79.832,80.028,79.899,78.509,79.969,82.077,82.876,80.544,80.305
45,78.198,77.719,77.92,77.265,77.027,77.397,78.625,77.649,78.872
46,78.339,78.14,77.189,78.829,79.724,79.027,80.629,78.805,78.742
47,79.258,75.932,75.867,75.43,78.088,77.088,77.297,79.031,75.715
48,79.234,76.053,78.687,80.238,80.461,78.887,80.514,78.936,80.043
49,83.596,81.042,82.885,82.864,82.208,80.73,81.245,81.151,83.883
50,78.569,76.26,77.078,77.988,75.196,79.124,76.539,76.868,76.73
51,81.5,80.2,82.159,81.171,80.971,80.786,81.957,80.717,82.063
52,79.046,79.36,78.46,77.496,77.406,77.208,77.489,78.333,78.558
53,78.994,79.763,79.621,79.278,80.149,78.558,77.421,80.906,79.388
54,81.829,81.424,80.99,82.374,81.227,78.128,82.237,79.631,79.943
55,79.583,80.689,79.582,79.253,80.789,80.388,79.436,79.857,81.033
56,76.267,74.97,76.913,76.782,75.665,77.08,76.592,76.002,76.959
57,83.676,79.606,80.959,82.264,83.221,83.518,81.059,80.963,80.949
58,81.635,81.522,81.336,79.592,82.818,81.91,82.769,81.377,82.825
59,81.336,80.904,81.592,81.543,82.069,80.555,82.893,82.757,81.744
60,79.256,77.679,79.124,79.349,79.627,79.09,79.506,81.313,78.211
61,80.161,77.155,79.124,79.349,79.902,77.737,81.248,80.507,77.128
62,77.688,78.485,77.67,78.623,75.298,77.8,77.918,75.791,77.613
63,77.016,76.933,75.374,77.564,76.93,79.874,75.596,71.735,78.152
64,77.13,76.581,79.32,78.257,75.432,78.196,78.349,77.981,80.216
65,80.797,78.924,80.053,79.037,79.948,79.493,79.342,79.974,80.362
66,78.927,77.656,78.691,77.801,78.175,77.989,78.815,78.517,78.912
67,76.268,77.5,77.432,77.387,76.138,75.924,75.954,75.152,76.532
68,81.71,80.114,80.991,81.575,81.85,81.239,82.246,80.552,81.145
69,77.186,77.705,78.63,76.966,76.526,76.952,77.97,79.244,79.615
70,79.765,77.462,78.236,77.874,80.474,79.882,81.06,80.925,80.916
71,80.219,79.145,81.5,80.957,79.361,79.671,81.114,80.665,81.759
72,81.223,79.376,82.913,81.384,80.809,82.31,80.115,81.837,81.555
73,80.042,78.271,80.393,78.544,80.11,80.926,81.644,75.159,79.543
74,83.195,79.975,82.999,80.652,81.645,79.716,82.259,78.579,81.169
75,78.96,78.009,78.976,77.632,77.614,78.736,79.436,79.149,78.04
76,73.24,74.732,74.644,74.817,74.15,74.275,76.228,75.154,73.905
77,79.271,79.354,79.333,79.929,79.123,79.244,80.719,78.499,79.423
78,77.844,77.793,77.793,77.964,77.802,76.862,79.123,77.474,78.057
79,77.553,77.658,78.073,77.942,76.379,77.335,78.559,79.512,77.725
80,74.484,76.649,76.648,73.703,74.631,74.109,76.454,78.297,74.51
81,80.038,81.986,82.322,79.197,80.235,80.021,80.292,82.436,80.109
82,81.926,80.194,81.508,81.549,80.604,80.115,81.397,81.099,80.352
83,81.078,80.29,80.084,80.272,76.503,78.167,81.608,78.984,80.498
84,81.24,78.304,80.796,79.589,81.114,80.405,81.971,80.618,81.16
85,77.644,76.646,78.015,76.426,77.64,76.576,77.314,78.388,77.291
86,80.104,78.823,79.641,80.236,79.578,79.977,81.628,80.009,80.237
87,76.483,76.562,76.369,76.471,76.748,79.252,76.099,76.464,75.762
88,82.191,81.07,82.605,83.192,81.535,81.81,79.86,82.196,82.973
89,81.221,78.793,82.284,78.931,80.683,79.671,81.477,81.948,81.375
90,78.184,77.304,76.498,79.109,75.775,76.911,76.635,78.752,78.44
91,82.919,79.9,82.289,82.662,80.577,81.771,83.549,82.985,82.036
92,78.104,75.149,76.386,76.1,76.104,76.801,77.322,75.806,77.421
93,81.148,78.908,81.295,80.628,81.789,79.976,80.326,81.509,79.88
94,77.608,77.428,77.225,78.505,78.828,78.012,78.464,78.478,77.702
95,80.526,77.959,78.899,81.025,78.742,82.572,79.338,79.711,80.397
96,78.056,77.509,76.588,77.032,77.701,77.861,77.813,79.594,78.661
97,82.481,81.0,82.93,80.694,81.972,80.979,81.88,83.296,82.116
98,80.489,78.259,78.286,79.811,79.656,80.979,77.843,81.395,78.035
99,80.494,79.739,79.649,80.276,80.355,80.349,80.903,80.586,80.721
