id,GPT4o-mini Google_UX Score,GPT-3.5-Turbo Google_UX Score,CV Google_UX Score,Clean_Deepseek_67B Google_UX Score,Llama3-70B-Instruct-Turbo Google_UX Score,Claude-3.5-Sonnet Google_UX Score,GPT4o Google_UX Score,Mixtral-8x7B-Instruct Google_UX Score,Clean_Deepseek_V3 Google_UX Score
0,87.979,82.915,82.881,87.741,83.814,86.898,86.384,85.892,87.689
1,84.216,82.572,82.922,84.845,84.45,86.263,83.072,85.775,85.406
2,86.833,84.823,79.112,86.25,83.974,84.609,85.636,81.031,87.191
3,85.031,82.718,82.617,82.745,84.894,89.192,83.234,83.003,84.717
4,85.416,84.287,84.019,86.756,85.288,85.401,85.325,84.348,85.682
5,91.403,89.663,87.614,90.348,90.334,88.232,90.218,89.57,90.064
6,88.124,83.218,82.021,84.652,86.749,86.256,85.091,82.963,86.547
7,84.506,82.376,82.078,86.364,85.568,83.675,84.49,84.426,84.116
8,86.508,85.59,84.91,84.383,86.765,86.884,86.034,87.488,86.506
9,83.94,81.527,84.396,86.355,83.333,84.507,81.564,83.935,86.027
10,85.024,84.365,85.532,87.341,87.093,86.75,84.876,87.475,85.622
11,83.022,79.515,78.96,84.848,82.769,82.193,83.14,79.092,81.873
12,88.01,84.685,86.718,85.932,85.325,85.96,86.03,84.944,85.68
13,86.87,89.651,87.795,86.613,85.595,87.104,89.577,86.665,88.356
14,85.31,80.208,82.868,84.775,82.284,87.233,86.261,85.905,85.233
15,80.612,80.105,86.06,85.149,86.539,80.838,85.452,83.74,83.94
16,83.032,83.11,81.747,84.926,84.324,85.041,83.035,81.248,81.552
17,88.419,84.843,86.568,86.755,88.005,87.817,89.292,86.344,87.541
18,87.488,82.877,83.318,85.571,85.638,87.823,85.686,85.323,86.936
19,84.491,85.033,82.975,84.539,85.277,84.418,85.775,85.463,86.512
20,86.735,86.587,85.882,86.002,87.279,86.281,85.458,85.498,87.627
21,86.353,78.505,79.138,85.128,86.476,87.192,85.207,84.203,84.734
22,87.599,83.658,85.22,85.597,84.712,87.081,85.66,87.969,87.908
23,87.876,86.259,86.401,87.14,88.189,86.058,87.463,85.152,87.861
24,86.273,84.682,84.217,85.055,85.352,87.739,84.879,86.145,86.065
25,87.574,85.34,85.154,85.859,86.666,88.258,88.695,86.787,87.566
26,86.048,84.448,86.226,84.98,85.741,86.647,84.445,85.022,88.015
27,87.362,86.314,83.4,88.638,85.522,86.779,88.426,87.038,86.789
28,86.719,87.794,83.009,85.159,84.461,86.368,86.068,86.524,87.172
29,86.925,87.104,86.893,85.688,86.97,86.798,86.458,87.481,86.744
30,87.914,81.296,86.893,85.688,86.97,86.347,86.458,87.481,86.633
31,77.644,78.078,79.181,80.382,79.003,77.071,78.935,79.331,79.37
32,79.453,79.881,78.716,80.755,79.114,81.091,80.413,80.156,79.395
33,82.684,80.612,83.21,81.243,82.579,81.598,83.89,83.013,83.538
34,76.695,77.171,76.772,77.558,78.097,77.853,77.084,77.605,77.128
35,78.309,78.364,78.73,79.169,80.204,77.606,79.884,79.204,78.977
36,81.423,80.125,81.843,81.363,81.14,81.554,82.661,83.441,80.709
37,76.439,76.979,77.525,76.748,77.077,76.505,78.827,77.054,76.744
38,78.19,78.332,79.081,79.024,78.668,78.79,78.485,79.175,80.161
39,77.278,78.815,77.939,78.47,79.45,78.629,77.437,78.666,78.416
40,83.215,81.495,80.533,81.43,80.613,79.925,81.801,81.639,83.255
41,81.128,80.037,82.487,81.412,81.402,80.574,81.137,80.322,81.097
42,80.966,81.228,81.524,79.398,80.617,82.971,82.208,83.057,83.252
43,79.964,75.643,76.757,81.801,77.616,79.785,79.895,78.556,79.482
44,80.574,80.72,79.591,80.168,79.307,79.418,82.639,80.718,80.429
45,78.636,78.413,79.365,78.721,78.948,79.553,79.96,78.267,80.425
46,75.64,75.457,75.297,76.248,77.691,77.373,78.439,76.439,76.063
47,78.753,77.525,77.562,76.667,78.781,78.299,78.702,78.036,76.285
48,78.252,77.144,79.848,79.884,78.7,80.44,81.497,81.909,80.21
49,81.233,80.107,79.045,81.344,81.343,78.805,80.211,78.89,82.37
50,82.201,79.684,79.82,80.767,79.34,81.956,79.987,80.708,80.47
51,80.782,81.947,80.863,81.01,81.464,81.853,82.265,81.673,82.248
52,80.984,82.159,80.198,79.069,79.907,81.035,78.865,80.859,80.9
53,81.709,82.145,80.466,82.615,82.672,79.678,79.94,82.558,82.147
54,78.137,76.691,78.434,78.951,79.635,77.926,78.691,77.799,78.043
55,80.235,79.67,79.826,78.617,79.554,79.667,79.413,79.409,79.821
56,79.483,79.535,79.471,79.793,78.812,78.72,79.33,79.093,79.521
57,79.893,76.584,77.39,78.011,80.121,77.186,77.96,76.346,77.816
58,78.52,80.705,80.539,77.575,81.587,81.195,80.805,80.132,80.007
59,77.427,78.195,78.231,76.318,79.002,78.207,77.242,78.18,77.687
60,84.287,84.826,84.209,82.814,82.866,85.342,84.285,81.9,83.317
61,84.442,84.174,84.209,82.814,83.33,85.784,83.479,81.417,84.107
62,87.711,87.783,85.607,86.326,87.593,85.434,87.623,84.526,87.437
63,81.958,81.784,80.387,81.989,82.44,84.552,82.527,74.717,84.616
64,85.786,86.41,88.592,86.651,83.972,86.139,88.454,87.156,88.035
65,86.514,86.169,85.647,87.308,87.22,87.484,87.173,86.725,87.285
66,86.281,83.906,84.062,84.909,85.368,84.561,84.539,82.948,84.997
67,82.752,84.143,82.276,83.718,83.047,84.512,82.414,82.202,83.582
68,88.886,89.256,88.742,89.874,89.92,88.045,89.077,88.654,88.804
69,84.513,85.652,84.935,86.675,85.223,86.831,86.0,86.244,88.247
70,78.058,77.286,78.982,77.534,79.13,78.71,79.551,80.433,78.661
71,81.309,79.762,80.316,81.835,81.85,81.106,82.429,81.383,82.571
72,80.395,79.464,80.333,79.048,78.958,80.402,80.186,80.189,79.89
73,78.015,77.265,77.049,76.432,78.508,79.774,77.955,74.025,78.354
74,80.203,78.3,79.743,80.217,79.463,77.285,79.915,77.823,78.696
75,80.219,78.766,80.593,80.363,79.724,79.5,80.296,80.042,80.557
76,75.597,77.026,74.234,75.3,73.462,76.795,76.372,78.851,75.596
77,77.97,78.214,78.321,77.55,77.867,78.079,78.109,76.552,78.348
78,75.277,75.865,75.865,75.553,74.255,74.513,76.873,75.218,75.193
79,78.858,79.125,78.548,79.649,78.685,77.887,79.596,80.831,79.601
80,83.521,86.314,86.397,84.562,82.082,85.938,83.169,84.267,84.262
81,89.052,87.8,87.32,86.551,86.343,87.583,88.793,86.6,88.677
82,87.515,86.884,85.039,86.117,86.898,83.577,86.38,85.664,86.042
83,87.472,88.596,86.066,86.834,84.319,87.28,88.204,87.13,88.141
84,86.643,88.011,87.86,87.735,86.821,84.455,86.787,86.887,88.195
85,86.438,84.907,84.459,84.195,85.336,85.66,85.322,84.523,87.116
86,84.114,82.935,83.081,84.143,83.373,84.15,83.843,83.212,83.576
87,83.145,83.154,83.438,83.667,82.732,82.605,81.966,80.721,82.195
88,89.16,87.34,85.679,87.578,86.703,85.565,86.149,88.706,87.285
89,86.607,81.265,84.887,84.16,85.573,86.486,87.583,83.618,88.692
90,81.679,80.604,77.884,79.539,78.977,79.478,77.737,81.06,81.967
91,80.429,79.168,80.193,81.262,78.869,79.752,79.989,80.864,80.624
92,80.193,75.812,77.577,77.949,76.676,79.152,79.814,76.818,79.453
93,77.169,76.501,76.603,76.811,79.269,77.221,76.444,77.482,76.778
94,76.412,76.093,76.121,77.017,77.131,78.631,75.943,76.447,76.525
95,82.486,78.871,80.135,81.601,80.246,81.862,80.115,80.616,81.828
96,79.69,77.483,78.658,79.058,79.717,78.186,78.475,79.883,79.643
97,78.921,78.508,78.275,76.931,78.301,77.803,79.833,79.676,79.952
98,81.1,80.245,80.374,80.098,79.166,81.924,80.268,79.844,78.873
99,80.306,78.709,79.345,79.083,79.282,80.019,79.542,80.246,79.051
